id,type,subject_id,school_id,access_code,versions,current_version,created_at
06c9da1b-1742-45bc-8424-c3b73fc53af0,mentor,929e80c8-b2f9-4a6d-a58c-44de84a7dd60,e31eb51b-9097-4a4a-9331-e808af62a3a9,8672,"[{""id"":""f5369587-1117-4304-b5b7-426f7e648717"",""maxScore"":40,""responses"":[{""score"":3,""criteriaId"":""mentoring_skills"",""selectedOption"":""Good mentoring skills with positive influence on mentees""},{""score"":2,""criteriaId"":""student_support"",""selectedOption"":""Basic support with limited follow-up""},{""score"":1,""criteriaId"":""program_coordination"",""selectedOption"":""Poor coordination with frequent organizational issues""},{""score"":2,""criteriaId"":""communication_skills"",""selectedOption"":""Basic communication with limited effectiveness""},{""score"":1,""criteriaId"":""problem_solving"",""selectedOption"":""Ineffective at resolving conflicts or problems""},{""score"":1,""criteriaId"":""professional_knowledge"",""selectedOption"":""Limited knowledge in area of expertise""},{""score"":2,""criteriaId"":""initiative_leadership"",""selectedOption"":""Limited initiative with basic leadership skills""},{""score"":3,""comment"":""All records are maintained well. some records are missing."",""criteriaId"":""record_keeping"",""selectedOption"":""Good record keeping with organized documentation""},{""score"":3,""comment"":""Good communication and cordination with  the parents."",""criteriaId"":""parent_community_engagement"",""selectedOption"":""Good engagement with positive community relationships""},{""score"":2,""criteriaId"":""reliability_commitment"",""selectedOption"":""Basic reliability with occasional lapses""}],""timestamp"":""2025-10-17T07:01:27.403Z"",""totalScore"":20},{""id"":""e6d632ac-5d7b-4dc7-a78d-5a7915bc2081"",""maxScore"":40,""responses"":[{""score"":3,""criteriaId"":""mentoring_skills"",""selectedOption"":""Good mentoring skills with positive influence on mentees""},{""score"":2,""criteriaId"":""student_support"",""selectedOption"":""Basic support with limited follow-up""},{""score"":1,""criteriaId"":""program_coordination"",""selectedOption"":""Poor coordination with frequent organizational issues""},{""score"":2,""criteriaId"":""communication_skills"",""selectedOption"":""Basic communication with limited effectiveness""},{""score"":1,""criteriaId"":""problem_solving"",""selectedOption"":""Ineffective at resolving conflicts or problems""},{""score"":1,""criteriaId"":""professional_knowledge"",""selectedOption"":""Limited knowledge in area of expertise""},{""score"":2,""criteriaId"":""initiative_leadership"",""selectedOption"":""Limited initiative with basic leadership skills""},{""score"":3,""comment"":""All records are maintained well. some records are missing."",""criteriaId"":""record_keeping"",""selectedOption"":""Good record keeping with organized documentation""},{""score"":3,""comment"":""Good communication and cordination with  the parents."",""criteriaId"":""parent_community_engagement"",""selectedOption"":""Good engagement with positive community relationships""},{""score"":2,""criteriaId"":""reliability_commitment"",""selectedOption"":""Basic reliability with occasional lapses""}],""timestamp"":""2025-10-24T06:55:16.638Z"",""totalScore"":20}]",1,2025-10-17 07:01:27.403+00
08119f03-9050-49b3-bd14-681a1dbfe5c5,teacher,f79a5067-4583-48e5-b8ab-3a746ef5d0a5,a574c405-8d97-445d-9fba-d544e10867a3,1912,"[{""id"":""6cd2cab0-2d69-4d68-a522-2a8ba06227bc"",""maxScore"":36,""responses"":[{""score"":2,""criteriaId"":""lesson_planning"",""selectedOption"":""Basic lesson plan exists but lacks detail and structure""},{""score"":2,""criteriaId"":""subject_knowledge"",""selectedOption"":""Basic subject knowledge with occasional inaccuracies""},{""score"":3,""criteriaId"":""teaching_methods"",""selectedOption"":""Uses multiple teaching strategies with some student engagement""},{""score"":3,""criteriaId"":""classroom_management"",""selectedOption"":""Good classroom management with clear rules and procedures""},{""score"":3,""criteriaId"":""student_interaction"",""selectedOption"":""Good communication with regular student interaction""},{""score"":3,""criteriaId"":""assessment_feedback"",""selectedOption"":""Regular assessment with constructive feedback""},{""score"":0,""comment"":""Didn't observe during the Audit "",""criteriaId"":""technology_integration"",""selectedOption"":""Not Applicable""},{""score"":3,""criteriaId"":""professional_development"",""selectedOption"":""Regular participation in professional development activities""},{""score"":3,""criteriaId"":""collaboration"",""selectedOption"":""Good collaboration and teamwork with staff""},{""score"":3,""criteriaId"":""punctuality_attendance"",""selectedOption"":""Good attendance and punctuality with rare absences""}],""timestamp"":""2025-09-17T08:04:59.008Z"",""totalScore"":25},{""id"":""242c9f11-e3f6-4050-95b6-dd33b6f4ec08"",""maxScore"":36,""responses"":[{""score"":2,""criteriaId"":""lesson_planning"",""selectedOption"":""Basic lesson plan exists but lacks detail and structure""},{""score"":2,""criteriaId"":""subject_knowledge"",""selectedOption"":""Basic subject knowledge with occasional inaccuracies""},{""score"":3,""criteriaId"":""teaching_methods"",""selectedOption"":""Uses multiple teaching strategies with some student engagement""},{""score"":3,""criteriaId"":""classroom_management"",""selectedOption"":""Good classroom management with clear rules and procedures""},{""score"":3,""criteriaId"":""student_interaction"",""selectedOption"":""Good communication with regular student interaction""},{""score"":3,""criteriaId"":""assessment_feedback"",""selectedOption"":""Regular assessment with constructive feedback""},{""score"":0,""comment"":""Didn't observe during the Audit "",""criteriaId"":""technology_integration"",""selectedOption"":""Not Applicable""},{""score"":3,""criteriaId"":""professional_development"",""selectedOption"":""Regular participation in professional development activities""},{""score"":3,""criteriaId"":""collaboration"",""selectedOption"":""Good collaboration and teamwork with staff""},{""score"":3,""criteriaId"":""punctuality_attendance"",""selectedOption"":""Good attendance and punctuality with rare absences""}],""timestamp"":""2025-09-25T05:18:31.209Z"",""totalScore"":25}]",1,2025-09-17 08:04:59.009+00
0882e1b4-70e7-4cf8-a252-e623eacbf6b4,teacher,1e7882ba-7987-4c17-b819-f80addf3dbbf,3ef86387-1ec3-47df-ba18-d1e95fa397cf,2882,"[{""id"":""71f8a6ab-c405-43ed-b225-964cd416e76e"",""maxScore"":36,""responses"":[{""score"":2,""criteriaId"":""lesson_planning"",""selectedOption"":""Basic lesson plan exists but lacks detail and structure""},{""score"":3,""criteriaId"":""subject_knowledge"",""selectedOption"":""Good subject knowledge with clear explanations""},{""score"":2,""criteriaId"":""teaching_methods"",""selectedOption"":""Limited variety in teaching methods, mostly teacher-centered""},{""score"":3,""criteriaId"":""classroom_management"",""selectedOption"":""Good classroom management with clear rules and procedures""},{""score"":3,""criteriaId"":""student_interaction"",""selectedOption"":""Good communication with regular student interaction""},{""score"":3,""criteriaId"":""assessment_feedback"",""selectedOption"":""Regular assessment with constructive feedback""},{""score"":0,""comment"":""Didn't observe during the Audit"",""criteriaId"":""technology_integration"",""selectedOption"":""Not Applicable""},{""score"":3,""criteriaId"":""professional_development"",""selectedOption"":""Regular participation in professional development activities""},{""score"":3,""criteriaId"":""collaboration"",""selectedOption"":""Good collaboration and teamwork with staff""},{""score"":3,""criteriaId"":""punctuality_attendance"",""selectedOption"":""Good attendance and punctuality with rare absences""}],""timestamp"":""2025-09-10T09:23:01.536Z"",""totalScore"":25}]",0,2025-09-10 09:23:01.536+00
0a2f3da4-c074-4e10-a049-1b24e292a24f,teacher,f826bfc1-b40d-4f58-9cef-81eea0c4dc1d,c4186fe0-c9f0-484d-8a2d-51054571d3db,3916,"[{""id"":""c8a1879e-8351-436f-a09b-3da6fa3724d9"",""maxScore"":40,""responses"":[{""score"":2,""criteriaId"":""lesson_planning"",""selectedOption"":""Basic lesson plan exists but lacks detail and structure""},{""score"":1,""criteriaId"":""subject_knowledge"",""selectedOption"":""Limited subject knowledge with frequent errors""},{""score"":1,""criteriaId"":""teaching_methods"",""selectedOption"":""Uses only traditional lecture methods with no variety""},{""score"":2,""criteriaId"":""classroom_management"",""selectedOption"":""Basic classroom management with some behavioral issues""},{""score"":1,""comment"":""Teacher was teaching in kannada."",""criteriaId"":""student_interaction"",""selectedOption"":""Minimal interaction with students, poor communication""},{""score"":2,""criteriaId"":""assessment_feedback"",""selectedOption"":""Basic assessment with limited feedback""},{""score"":1,""criteriaId"":""technology_integration"",""selectedOption"":""No use of technology in teaching""},{""score"":1,""criteriaId"":""professional_development"",""selectedOption"":""No evidence of professional development activities""},{""score"":2,""criteriaId"":""collaboration"",""selectedOption"":""Limited collaboration with colleagues""},{""score"":3,""criteriaId"":""punctuality_attendance"",""selectedOption"":""Good attendance and punctuality with rare absences""}],""timestamp"":""2025-11-10T09:46:37.216Z"",""totalScore"":16}]",0,2025-11-10 09:46:37.216+00
0aa813b9-b562-4d4f-a871-67fe5f0f2918,teacher,b139f8a5-d8d8-4cc6-9e25-cc8cb3c011be,6e63ae71-f20c-4d60-89f9-42adcfc5069e,3164,"[{""id"":""053a5791-b140-4e63-9e49-4532a640b649"",""maxScore"":40,""responses"":[{""score"":2,""criteriaId"":""lesson_planning"",""selectedOption"":""Basic lesson plan exists but lacks detail and structure""},{""score"":1,""criteriaId"":""subject_knowledge"",""selectedOption"":""Limited subject knowledge with frequent errors""},{""score"":2,""criteriaId"":""teaching_methods"",""selectedOption"":""Limited variety in teaching methods, mostly teacher-centered""},{""score"":1,""comment"":""Children were distracted."",""criteriaId"":""classroom_management"",""selectedOption"":""Poor classroom control with frequent disruptions""},{""score"":1,""comment"":""child involvement was missing."",""criteriaId"":""student_interaction"",""selectedOption"":""Minimal interaction with students, poor communication""},{""score"":2,""comment"":""The teacher needs practice. She has to be proactive in the class."",""criteriaId"":""assessment_feedback"",""selectedOption"":""Basic assessment with limited feedback""},{""score"":2,""criteriaId"":""technology_integration"",""selectedOption"":""Basic use of technology with limited effectiveness""},{""score"":1,""criteriaId"":""professional_development"",""selectedOption"":""No evidence of professional development activities""},{""score"":1,""criteriaId"":""collaboration"",""selectedOption"":""Works in isolation with no collaboration""},{""score"":3,""criteriaId"":""punctuality_attendance"",""selectedOption"":""Good attendance and punctuality with rare absences""}],""timestamp"":""2025-07-17T08:09:35.696Z"",""totalScore"":16}]",0,2025-07-17 08:09:35.696+00
1070ac42-637f-4a75-bfde-2596cd3971cf,teacher,6f136ab3-4474-4de7-984a-e71d96aa2629,1ca1c2ae-a9bb-4c67-ad8e-b8c87bc7d70b,4867,"[{""id"":""c9b0ddbf-b1fe-48c8-913c-e2b821c1b441"",""maxScore"":40,""responses"":[{""score"":2,""criteriaId"":""lesson_planning"",""selectedOption"":""Basic lesson plan exists but lacks detail and structure""},{""score"":2,""criteriaId"":""subject_knowledge"",""selectedOption"":""Basic subject knowledge with occasional inaccuracies""},{""score"":3,""criteriaId"":""teaching_methods"",""selectedOption"":""Uses multiple teaching strategies with some student engagement""},{""score"":2,""criteriaId"":""classroom_management"",""selectedOption"":""Basic classroom management with some behavioral issues""},{""score"":3,""criteriaId"":""student_interaction"",""selectedOption"":""Good communication with regular student interaction""},{""score"":2,""criteriaId"":""assessment_feedback"",""selectedOption"":""Basic assessment with limited feedback""},{""score"":2,""criteriaId"":""technology_integration"",""selectedOption"":""Basic use of technology with limited effectiveness""},{""score"":3,""criteriaId"":""professional_development"",""selectedOption"":""Regular participation in professional development activities""},{""score"":3,""criteriaId"":""collaboration"",""selectedOption"":""Good collaboration and teamwork with staff""},{""score"":3,""criteriaId"":""punctuality_attendance"",""selectedOption"":""Good attendance and punctuality with rare absences""}],""timestamp"":""2025-09-30T06:25:04.127Z"",""totalScore"":25}]",0,2025-09-30 06:25:04.127+00
12468e89-c883-431e-af15-3acade1f3134,teacher,ce7b6f1e-2147-480c-939e-01bbb43a011b,e77e009d-1155-4c17-807a-95a97c999270,4739,"[{""id"":""0ffad814-16a6-4430-9443-3cc29d38b3e8"",""maxScore"":40,""responses"":[{""score"":3,""comment"":""The teacher came prepared with materials and vocabulary sentences. However, the sentences used were EVS-based instead of being simple and suited to the students’ level. The introduction lacked related actions."",""criteriaId"":""lesson_planning"",""selectedOption"":""Well-structured lesson plan with clear objectives and activities""},{""score"":3,""comment"":""The teacher understood the topic and explained it, but did not stress or emphasize the pronunciation of new words. Focus should be on helping students clearly understand and say each new word. "",""criteriaId"":""subject_knowledge"",""selectedOption"":""Good subject knowledge with clear explanations""},{""score"":2,""comment"":""The correct vocabulary-building steps were not followed. No actions during introduction, unclear instructions, and incorrect sequence (calling student name before word) reduced the activity’s effectiveness. "",""criteriaId"":""teaching_methods"",""selectedOption"":""Limited variety in teaching methods, mostly teacher-centered""},{""score"":2,""comment"":""Some students were inattentive and moved from the middle instead of following proper directions. The teacher tried to manage but needs firmer control and clearer classroom routine"",""criteriaId"":""classroom_management"",""selectedOption"":""Basic classroom management with some behavioral issues""},{""score"":3,""comment"":""Teacher appreciated and motivated students, which created a positive environment. However, instructions were not clear enough for all students to follow confidently. "",""criteriaId"":""student_interaction"",""selectedOption"":""Good communication with regular student interaction""},{""score"":2,""comment"":""Recap or checking of students’ understanding was not observed. The teacher can ask short questions or let students recall words at the end to reinforce learning."",""criteriaId"":""assessment_feedback"",""selectedOption"":""Basic assessment with limited feedback""},{""score"":1,""comment"":""No digital or creative aids were used apart from flashcards. Using visuals, audio, or interactive slides could make vocabulary learning more engaging."",""criteriaId"":""technology_integration"",""selectedOption"":""No use of technology in teaching""},{""score"":3,""comment"":""The teacher showed good effort and willingness to teach. With focused training on stepwise vocabulary-building and sentence simplification, improvement is achievable"",""criteriaId"":""professional_development"",""selectedOption"":""Regular participation in professional development activities""},{""score"":3,""comment"":""Cooperative and open to feedback. Can benefit from sharing ideas with peers to ensure uniform classroom practice. "",""criteriaId"":""collaboration"",""selectedOption"":""Good collaboration and teamwork with staff""},{""score"":3,""criteriaId"":""punctuality_attendance"",""selectedOption"":""Good attendance and punctuality with rare absences""}],""timestamp"":""2025-10-24T08:18:53.859Z"",""totalScore"":25},{""id"":""ef205312-85fd-4316-8814-4a13f64fd6ae"",""maxScore"":40,""responses"":[{""score"":3,""comment"":""The teacher came prepared with materials and vocabulary sentences. However, the sentences used were EVS-based instead of being simple and suited to the students’ level. The introduction lacked related actions."",""criteriaId"":""lesson_planning"",""selectedOption"":""Well-structured lesson plan with clear objectives and activities""},{""score"":3,""comment"":""The teacher understood the topic and explained it, but did not stress or emphasize the pronunciation of new words. Focus should be on helping students clearly understand and say each new word. "",""criteriaId"":""subject_knowledge"",""selectedOption"":""Good subject knowledge with clear explanations""},{""score"":2,""comment"":""The correct vocabulary-building steps were not followed. No actions during introduction, unclear instructions, and incorrect sequence (calling student name before word) reduced the activity’s effectiveness. "",""criteriaId"":""teaching_methods"",""selectedOption"":""Limited variety in teaching methods, mostly teacher-centered""},{""score"":2,""comment"":""Some students were inattentive and moved from the middle instead of following proper directions. The teacher tried to manage but needs firmer control and clearer classroom routine"",""criteriaId"":""classroom_management"",""selectedOption"":""Basic classroom management with some behavioral issues""},{""score"":3,""comment"":""Teacher appreciated and motivated students, which created a positive environment. However, instructions were not clear enough for all students to follow confidently. "",""criteriaId"":""student_interaction"",""selectedOption"":""Good communication with regular student interaction""},{""score"":2,""comment"":""Recap or checking of students’ understanding was not observed. The teacher can ask short questions or let students recall words at the end to reinforce learning."",""criteriaId"":""assessment_feedback"",""selectedOption"":""Basic assessment with limited feedback""},{""score"":1,""comment"":""No digital or creative aids were used apart from flashcards. Using visuals, audio, or interactive slides could make vocabulary learning more engaging."",""criteriaId"":""technology_integration"",""selectedOption"":""No use of technology in teaching""},{""score"":3,""comment"":""The teacher showed good effort and willingness to teach. With focused training on stepwise vocabulary-building and sentence simplification, improvement is achievable"",""criteriaId"":""professional_development"",""selectedOption"":""Regular participation in professional development activities""},{""score"":3,""comment"":""Cooperative and open to feedback. Can benefit from sharing ideas with peers to ensure uniform classroom practice. "",""criteriaId"":""collaboration"",""selectedOption"":""Good collaboration and teamwork with staff""},{""score"":3,""criteriaId"":""punctuality_attendance"",""selectedOption"":""Good attendance and punctuality with rare absences""}],""timestamp"":""2025-10-27T09:14:00.352Z"",""totalScore"":25}]",1,2025-10-24 08:18:53.859+00
162cabca-8a7d-4641-a8e2-a0c8b6b8a1e0,teacher,86a74418-d9fe-4dad-8987-517d21b1f90b,d715ae06-3ee6-4f07-a68d-b66c7d5c507c,4129,"[{""id"":""49dc3df2-8e79-4936-bd3f-bef04e521963"",""maxScore"":40,""responses"":[{""score"":1,""criteriaId"":""lesson_planning"",""selectedOption"":""No evidence of lesson planning or preparation""},{""score"":2,""criteriaId"":""subject_knowledge"",""selectedOption"":""Basic subject knowledge with occasional inaccuracies""},{""score"":1,""criteriaId"":""teaching_methods"",""selectedOption"":""Uses only traditional lecture methods with no variety""},{""score"":1,""criteriaId"":""classroom_management"",""selectedOption"":""Poor classroom control with frequent disruptions""},{""score"":2,""criteriaId"":""student_interaction"",""selectedOption"":""Basic interaction with limited student engagement""},{""score"":1,""criteriaId"":""assessment_feedback"",""selectedOption"":""No formal assessment or feedback provided""},{""score"":2,""criteriaId"":""technology_integration"",""selectedOption"":""Basic use of technology with limited effectiveness""},{""score"":1,""criteriaId"":""professional_development"",""selectedOption"":""No evidence of professional development activities""},{""score"":2,""criteriaId"":""collaboration"",""selectedOption"":""Limited collaboration with colleagues""},{""score"":1,""criteriaId"":""punctuality_attendance"",""selectedOption"":""Frequent absences and tardiness affecting teaching quality""}],""timestamp"":""2025-09-23T13:51:18.276Z"",""totalScore"":14},{""id"":""51bad311-4c0c-4294-ba45-9ccf2f6a05c0"",""maxScore"":40,""responses"":[{""score"":2,""criteriaId"":""lesson_planning"",""selectedOption"":""Basic lesson plan exists but lacks detail and structure""},{""score"":3,""criteriaId"":""subject_knowledge"",""selectedOption"":""Good subject knowledge with clear explanations""},{""score"":3,""criteriaId"":""teaching_methods"",""selectedOption"":""Uses multiple teaching strategies with some student engagement""},{""score"":3,""criteriaId"":""classroom_management"",""selectedOption"":""Good classroom management with clear rules and procedures""},{""score"":3,""criteriaId"":""student_interaction"",""selectedOption"":""Good communication with regular student interaction""},{""score"":3,""criteriaId"":""assessment_feedback"",""selectedOption"":""Regular assessment with constructive feedback""},{""score"":3,""criteriaId"":""technology_integration"",""selectedOption"":""Good integration of technology to enhance learning""},{""score"":3,""criteriaId"":""professional_development"",""selectedOption"":""Regular participation in professional development activities""},{""score"":3,""criteriaId"":""collaboration"",""selectedOption"":""Good collaboration and teamwork with staff""},{""score"":3,""criteriaId"":""punctuality_attendance"",""selectedOption"":""Good attendance and punctuality with rare absences""}],""timestamp"":""2025-09-23T13:52:17.062Z"",""totalScore"":29}]",1,2025-09-23 13:51:18.277+00
18ac5251-1203-434c-ab56-0efde3d50bf7,teacher,6cb9ac89-4db5-4899-88b4-c5d2fbf35bc0,a62638b1-d73d-4331-b89d-1b478bbd6d1b,4278,"[{""id"":""b3bbe9e1-9edc-46bf-aa05-c205fb4317d2"",""maxScore"":36,""responses"":[{""score"":3,""criteriaId"":""lesson_planning"",""selectedOption"":""Well-structured lesson plan with clear objectives and activities""},{""score"":2,""criteriaId"":""subject_knowledge"",""selectedOption"":""Basic subject knowledge with occasional inaccuracies""},{""score"":2,""criteriaId"":""teaching_methods"",""selectedOption"":""Limited variety in teaching methods, mostly teacher-centered""},{""score"":3,""criteriaId"":""classroom_management"",""selectedOption"":""Good classroom management with clear rules and procedures""},{""score"":3,""criteriaId"":""student_interaction"",""selectedOption"":""Good communication with regular student interaction""},{""score"":3,""criteriaId"":""assessment_feedback"",""selectedOption"":""Regular assessment with constructive feedback""},{""score"":0,""comment"":""Didn't observe during the Audit"",""criteriaId"":""technology_integration"",""selectedOption"":""Not Applicable""},{""score"":3,""criteriaId"":""professional_development"",""selectedOption"":""Regular participation in professional development activities""},{""score"":3,""criteriaId"":""collaboration"",""selectedOption"":""Good collaboration and teamwork with staff""},{""score"":3,""criteriaId"":""punctuality_attendance"",""selectedOption"":""Good attendance and punctuality with rare absences""}],""timestamp"":""2025-09-09T10:05:12.236Z"",""totalScore"":25}]",0,2025-09-09 10:05:12.236+00
1a9bbc6a-2660-4ee0-9e57-f5de8370e313,teacher,0fb4caac-3746-4a93-84e9-6d866d51f94a,a62638b1-d73d-4331-b89d-1b478bbd6d1b,4713,"[{""id"":""6c109bc3-9bef-4229-b3f7-906428ed4aeb"",""maxScore"":36,""responses"":[{""score"":4,""criteriaId"":""lesson_planning"",""selectedOption"":""Comprehensive lesson plan with differentiated activities and assessment strategies""},{""score"":3,""criteriaId"":""subject_knowledge"",""selectedOption"":""Good subject knowledge with clear explanations""},{""score"":3,""criteriaId"":""teaching_methods"",""selectedOption"":""Uses multiple teaching strategies with some student engagement""},{""score"":3,""criteriaId"":""classroom_management"",""selectedOption"":""Good classroom management with clear rules and procedures""},{""score"":3,""criteriaId"":""student_interaction"",""selectedOption"":""Good communication with regular student interaction""},{""score"":3,""criteriaId"":""assessment_feedback"",""selectedOption"":""Regular assessment with constructive feedback""},{""score"":0,""comment"":""Didn't observed during the Audit "",""criteriaId"":""technology_integration"",""selectedOption"":""Not Applicable""},{""score"":3,""criteriaId"":""professional_development"",""selectedOption"":""Regular participation in professional development activities""},{""score"":3,""criteriaId"":""collaboration"",""selectedOption"":""Good collaboration and teamwork with staff""},{""score"":3,""criteriaId"":""punctuality_attendance"",""selectedOption"":""Good attendance and punctuality with rare absences""}],""timestamp"":""2025-09-09T09:56:30.302Z"",""totalScore"":28}]",0,2025-09-09 09:56:30.303+00
1b561c5a-be0a-4ecb-ba62-87b5e0933eba,teacher,4d9105cf-1548-48fb-93e9-f61fade8cc83,1f8bffea-cb84-43bf-94e8-c7e9c8691579,1178,"[{""id"":""f4dc125e-e846-446a-8d91-a8d8296ef54a"",""maxScore"":40,""responses"":[{""score"":1,""criteriaId"":""lesson_planning"",""selectedOption"":""No evidence of lesson planning or preparation""},{""score"":2,""criteriaId"":""subject_knowledge"",""selectedOption"":""Basic subject knowledge with occasional inaccuracies""},{""score"":1,""comment"":""Teacher to use different methods of strategies."",""criteriaId"":""teaching_methods"",""selectedOption"":""Uses only traditional lecture methods with no variety""},{""score"":2,""criteriaId"":""classroom_management"",""selectedOption"":""Basic classroom management with some behavioral issues""},{""score"":2,""comment"":""There was no interaction between teacher student"",""criteriaId"":""student_interaction"",""selectedOption"":""Basic interaction with limited student engagement""},{""score"":1,""comment"":""No assessment and feedback is provided"",""criteriaId"":""assessment_feedback"",""selectedOption"":""No formal assessment or feedback provided""},{""score"":1,""comment"":""No use of technology"",""criteriaId"":""technology_integration"",""selectedOption"":""No use of technology in teaching""},{""score"":1,""criteriaId"":""professional_development"",""selectedOption"":""No evidence of professional development activities""},{""score"":2,""criteriaId"":""collaboration"",""selectedOption"":""Limited collaboration with colleagues""},{""score"":2,""criteriaId"":""punctuality_attendance"",""selectedOption"":""Occasional absences or tardiness with some impact""}],""timestamp"":""2025-09-09T06:34:49.312Z"",""totalScore"":15}]",0,2025-09-09 06:34:49.312+00
1b8021d5-3398-4a42-a54f-7cff089b27f1,teacher,14c45d5b-6f9e-4251-9259-4207acd3bba0,3ef86387-1ec3-47df-ba18-d1e95fa397cf,7608,"[{""id"":""268294ce-0f16-45e6-ace0-302680734f96"",""maxScore"":36,""responses"":[{""score"":2,""criteriaId"":""lesson_planning"",""selectedOption"":""Basic lesson plan exists but lacks detail and structure""},{""score"":1,""criteriaId"":""subject_knowledge"",""selectedOption"":""Limited subject knowledge with frequent errors""},{""score"":2,""criteriaId"":""teaching_methods"",""selectedOption"":""Limited variety in teaching methods, mostly teacher-centered""},{""score"":2,""criteriaId"":""classroom_management"",""selectedOption"":""Basic classroom management with some behavioral issues""},{""score"":2,""criteriaId"":""student_interaction"",""selectedOption"":""Basic interaction with limited student engagement""},{""score"":3,""criteriaId"":""assessment_feedback"",""selectedOption"":""Regular assessment with constructive feedback""},{""score"":0,""comment"":""Didn't receive during the Audit"",""criteriaId"":""technology_integration"",""selectedOption"":""Not Applicable""},{""score"":3,""criteriaId"":""professional_development"",""selectedOption"":""Regular participation in professional development activities""},{""score"":3,""criteriaId"":""collaboration"",""selectedOption"":""Good collaboration and teamwork with staff""},{""score"":3,""criteriaId"":""punctuality_attendance"",""selectedOption"":""Good attendance and punctuality with rare absences""}],""timestamp"":""2025-09-10T08:59:39.361Z"",""totalScore"":21}]",0,2025-09-10 08:59:39.361+00
1b8339be-6bf1-4071-90cb-31de7c549d6c,teacher,059c01b9-a0aa-482b-8cb2-8b9f8c16a384,b54ce43a-6ce8-44d2-8e3b-619a6e4b1c1a,4535,"[{""id"":""2fd3dd94-605a-4791-8dae-ea6ab94d4266"",""maxScore"":40,""responses"":[{""score"":3,""criteriaId"":""lesson_planning"",""selectedOption"":""Well-structured lesson plan with clear objectives and activities""},{""score"":3,""criteriaId"":""subject_knowledge"",""selectedOption"":""Good subject knowledge with clear explanations""},{""score"":3,""criteriaId"":""teaching_methods"",""selectedOption"":""Uses multiple teaching strategies with some student engagement""},{""score"":3,""criteriaId"":""classroom_management"",""selectedOption"":""Good classroom management with clear rules and procedures""},{""score"":3,""criteriaId"":""student_interaction"",""selectedOption"":""Good communication with regular student interaction""},{""score"":2,""criteriaId"":""assessment_feedback"",""selectedOption"":""Basic assessment with limited feedback""},{""score"":3,""criteriaId"":""technology_integration"",""selectedOption"":""Good integration of technology to enhance learning""},{""score"":2,""criteriaId"":""professional_development"",""selectedOption"":""Minimal participation in professional development""},{""score"":3,""criteriaId"":""collaboration"",""selectedOption"":""Good collaboration and teamwork with staff""},{""score"":1,""criteriaId"":""punctuality_attendance"",""selectedOption"":""Frequent absences and tardiness affecting teaching quality""}],""timestamp"":""2025-11-13T06:46:23.674Z"",""totalScore"":26}]",0,2025-11-13 06:46:23.674+00
1c75a688-8341-4800-b0e7-c37b2b1ef5cd,teacher,78d51a53-38f4-411a-9284-59ae349c8741,a0a55727-62c1-4ec1-9b64-41f8af4f37ec,1472,"[{""id"":""5c68299e-a93d-4a47-b16f-d9c9be934f8d"",""maxScore"":40,""responses"":[{""score"":3,""criteriaId"":""lesson_planning"",""selectedOption"":""Well-structured lesson plan with clear objectives and activities""},{""score"":3,""criteriaId"":""subject_knowledge"",""selectedOption"":""Good subject knowledge with clear explanations""},{""score"":3,""criteriaId"":""teaching_methods"",""selectedOption"":""Uses multiple teaching strategies with some student engagement""},{""score"":3,""criteriaId"":""classroom_management"",""selectedOption"":""Good classroom management with clear rules and procedures""},{""score"":3,""criteriaId"":""student_interaction"",""selectedOption"":""Good communication with regular student interaction""},{""score"":3,""criteriaId"":""assessment_feedback"",""selectedOption"":""Regular assessment with constructive feedback""},{""score"":3,""criteriaId"":""technology_integration"",""selectedOption"":""Good integration of technology to enhance learning""},{""score"":3,""criteriaId"":""professional_development"",""selectedOption"":""Regular participation in professional development activities""},{""score"":3,""criteriaId"":""collaboration"",""selectedOption"":""Good collaboration and teamwork with staff""},{""score"":3,""criteriaId"":""punctuality_attendance"",""selectedOption"":""Good attendance and punctuality with rare absences""}],""timestamp"":""2025-09-18T05:52:16.277Z"",""totalScore"":30},{""id"":""be5daba1-331c-433f-a394-8ed39321427e"",""maxScore"":40,""responses"":[{""score"":3,""comment"":""The teacher was prepared with materials and activities. However, the introduction missed the use of actions, which are essential for effective vocabulary building."",""criteriaId"":""lesson_planning"",""selectedOption"":""Well-structured lesson plan with clear objectives and activities""},{""score"":3,""comment"":""Demonstrated good understanding of vocabulary development. Sentences were student-centric and relevant to their level. Minor improvement needed in connecting vocabulary to context."",""criteriaId"":""subject_knowledge"",""selectedOption"":""Good subject knowledge with clear explanations""},{""score"":3,""comment"":""Activity steps were followed well, and instructions were clearly given. Cards were passed on intervals, which slightly interrupted flow but overall strategy was appropriate."",""criteriaId"":""teaching_methods"",""selectedOption"":""Uses multiple teaching strategies with some student engagement""},{""score"":3,""comment"":""Students were engaged in activities, but some movement management issues were observed (students coming from the middle instead of the back). Needs better enforcement of class movement norms."",""criteriaId"":""classroom_management"",""selectedOption"":""Good classroom management with clear rules and procedures""},{""score"":3,""comment"":""Teacher communicated effectively and maintained good interaction. Students responded positively to instructions."",""criteriaId"":""student_interaction"",""selectedOption"":""Good communication with regular student interaction""},{""score"":3,""comment"":""Activities reflected learning engagement. Teacher could strengthen feedback by checking pronunciation or understanding at the end."",""criteriaId"":""assessment_feedback"",""selectedOption"":""Regular assessment with constructive feedback""},{""score"":3,""criteriaId"":""technology_integration"",""selectedOption"":""Good integration of technology to enhance learning""},{""score"":3,""comment"":""Shows understanding of the process and willingness to follow structured teaching methods. Consistent practice can refine delivery."",""criteriaId"":""professional_development"",""selectedOption"":""Regular participation in professional development activities""},{""score"":3,""comment"":""Demonstrates collaborative attitude and alignment with general school methods. Sharing successful activity strategies with peers can further strengthen teamwork."",""criteriaId"":""collaboration"",""selectedOption"":""Good collaboration and teamwork with staff""},{""score"":3,""criteriaId"":""punctuality_attendance"",""selectedOption"":""Good attendance and punctuality with rare absences""}],""timestamp"":""2025-10-27T08:07:00.498Z"",""totalScore"":30}]",1,2025-09-18 05:52:16.277+00
1ccef0e3-ac77-4568-98e0-f270cf2206f7,teacher,02c30c2c-0b62-43dc-993c-93f096235bca,3ef86387-1ec3-47df-ba18-d1e95fa397cf,8358,"[{""id"":""667060ea-dd14-4cad-92d9-35bf3424ec74"",""maxScore"":36,""responses"":[{""score"":2,""criteriaId"":""lesson_planning"",""selectedOption"":""Basic lesson plan exists but lacks detail and structure""},{""score"":1,""criteriaId"":""subject_knowledge"",""selectedOption"":""Limited subject knowledge with frequent errors""},{""score"":2,""criteriaId"":""teaching_methods"",""selectedOption"":""Limited variety in teaching methods, mostly teacher-centered""},{""score"":3,""criteriaId"":""classroom_management"",""selectedOption"":""Good classroom management with clear rules and procedures""},{""score"":3,""criteriaId"":""student_interaction"",""selectedOption"":""Good communication with regular student interaction""},{""score"":3,""criteriaId"":""assessment_feedback"",""selectedOption"":""Regular assessment with constructive feedback""},{""score"":0,""comment"":""Didn't observe during the Audit "",""criteriaId"":""technology_integration"",""selectedOption"":""Not Applicable""},{""score"":3,""criteriaId"":""professional_development"",""selectedOption"":""Regular participation in professional development activities""},{""score"":3,""criteriaId"":""collaboration"",""selectedOption"":""Good collaboration and teamwork with staff""},{""score"":3,""criteriaId"":""punctuality_attendance"",""selectedOption"":""Good attendance and punctuality with rare absences""}],""timestamp"":""2025-09-10T08:48:57.778Z"",""totalScore"":23}]",0,2025-09-10 08:48:57.778+00
1e117e4f-d1f5-4412-bf03-0598e80f525c,teacher,d881ac33-4908-4e44-a553-57b18868feb8,14df98a8-be20-44c9-901e-236a12f3156b,6851,"[{""id"":""959852f0-cca8-427a-9fa3-63b56b645a30"",""maxScore"":40,""responses"":[{""score"":3,""comment"":""Teacher does the lesson planning with mentors."",""criteriaId"":""lesson_planning"",""selectedOption"":""Well-structured lesson plan with clear objectives and activities""},{""score"":3,""criteriaId"":""subject_knowledge"",""selectedOption"":""Good subject knowledge with clear explanations""},{""score"":3,""comment"":""Alhamdulillah, teacher uses the teaching methods."",""criteriaId"":""teaching_methods"",""selectedOption"":""Uses multiple teaching strategies with some student engagement""},{""score"":4,""criteriaId"":""classroom_management"",""selectedOption"":""Excellent classroom environment that promotes learning and respect""},{""score"":3,""comment"":""There was a good interaction between teacher and children."",""criteriaId"":""student_interaction"",""selectedOption"":""Good communication with regular student interaction""},{""score"":2,""criteriaId"":""assessment_feedback"",""selectedOption"":""Basic assessment with limited feedback""},{""score"":2,""comment"":""projectors are used."",""criteriaId"":""technology_integration"",""selectedOption"":""Basic use of technology with limited effectiveness""},{""score"":2,""criteriaId"":""professional_development"",""selectedOption"":""Minimal participation in professional development""},{""score"":1,""comment"":""Alhamdulillah, there is good collaboration with the teachers."",""criteriaId"":""collaboration"",""selectedOption"":""Works in isolation with no collaboration""},{""score"":4,""criteriaId"":""punctuality_attendance"",""selectedOption"":""Excellent attendance and punctuality, highly reliable""}],""timestamp"":""2025-09-18T07:58:02.670Z"",""totalScore"":27},{""id"":""879f8439-4592-479d-9533-ce47fb199f7d"",""maxScore"":40,""responses"":[{""score"":3,""comment"":""Teacher does the lesson planning with mentors."",""criteriaId"":""lesson_planning"",""selectedOption"":""Well-structured lesson plan with clear objectives and activities""},{""score"":3,""criteriaId"":""subject_knowledge"",""selectedOption"":""Good subject knowledge with clear explanations""},{""score"":3,""comment"":""Alhamdulillah, teacher uses the teaching methods."",""criteriaId"":""teaching_methods"",""selectedOption"":""Uses multiple teaching strategies with some student engagement""},{""score"":4,""criteriaId"":""classroom_management"",""selectedOption"":""Excellent classroom environment that promotes learning and respect""},{""score"":3,""comment"":""There was a good interaction between teacher and children."",""criteriaId"":""student_interaction"",""selectedOption"":""Good communication with regular student interaction""},{""score"":2,""criteriaId"":""assessment_feedback"",""selectedOption"":""Basic assessment with limited feedback""},{""score"":2,""comment"":""projectors are used."",""criteriaId"":""technology_integration"",""selectedOption"":""Basic use of technology with limited effectiveness""},{""score"":2,""criteriaId"":""professional_development"",""selectedOption"":""Minimal participation in professional development""},{""score"":3,""comment"":""Alhamdulillah, there is good collaboration with the teachers."",""criteriaId"":""collaboration"",""selectedOption"":""Good collaboration and teamwork with staff""},{""score"":4,""criteriaId"":""punctuality_attendance"",""selectedOption"":""Excellent attendance and punctuality, highly reliable""}],""timestamp"":""2025-09-18T08:26:41.143Z"",""totalScore"":29}]",1,2025-09-18 07:58:02.67+00
1f2d352c-3ab6-4ee1-ab08-5322613456ef,teacher,53127fb8-2799-4a37-be87-1160804aafbe,e1674f11-aa30-426f-846a-543c58379a76,8413,"[{""id"":""02348308-c247-4829-b322-59f368078d07"",""maxScore"":36,""responses"":[{""score"":2,""comment"":""There is no proper preparations for the next day plan "",""criteriaId"":""lesson_planning"",""selectedOption"":""Basic lesson plan exists but lacks detail and structure""},{""score"":1,""criteriaId"":""subject_knowledge"",""selectedOption"":""Limited subject knowledge with frequent errors""},{""score"":0,""criteriaId"":""teaching_methods"",""selectedOption"":""Not Applicable""},{""score"":2,""comment"":""No displays in the classrooms."",""criteriaId"":""classroom_management"",""selectedOption"":""Basic classroom management with some behavioral issues""},{""score"":2,""criteriaId"":""student_interaction"",""selectedOption"":""Basic interaction with limited student engagement""},{""score"":1,""criteriaId"":""assessment_feedback"",""selectedOption"":""No formal assessment or feedback provided""},{""score"":1,""criteriaId"":""technology_integration"",""selectedOption"":""No use of technology in teaching""},{""score"":1,""criteriaId"":""professional_development"",""selectedOption"":""No evidence of professional development activities""},{""score"":2,""criteriaId"":""collaboration"",""selectedOption"":""Limited collaboration with colleagues""},{""score"":3,""criteriaId"":""punctuality_attendance"",""selectedOption"":""Good attendance and punctuality with rare absences""}],""timestamp"":""2025-11-03T07:48:44.419Z"",""totalScore"":15}]",0,2025-11-03 07:48:44.419+00
2163cd96-a471-445f-8a20-7c7d0d2dcab4,teacher,30b834b0-8573-4419-9968-7655eee074a4,14df98a8-be20-44c9-901e-236a12f3156b,9641,"[{""id"":""578d8154-c24e-4f32-9dda-fdc3a0b5e76b"",""maxScore"":40,""responses"":[{""score"":1,""comment"":""She is a new teacher."",""criteriaId"":""lesson_planning"",""selectedOption"":""No evidence of lesson planning or preparation""},{""score"":1,""criteriaId"":""subject_knowledge"",""selectedOption"":""Limited subject knowledge with frequent errors""},{""score"":2,""criteriaId"":""teaching_methods"",""selectedOption"":""Limited variety in teaching methods, mostly teacher-centered""},{""score"":3,""comment"":""Theme displays are displayed on the walls before the theme starts."",""criteriaId"":""classroom_management"",""selectedOption"":""Good classroom management with clear rules and procedures""},{""score"":2,""criteriaId"":""student_interaction"",""selectedOption"":""Basic interaction with limited student engagement""},{""score"":1,""criteriaId"":""assessment_feedback"",""selectedOption"":""No formal assessment or feedback provided""},{""score"":2,""criteriaId"":""technology_integration"",""selectedOption"":""Basic use of technology with limited effectiveness""},{""score"":2,""criteriaId"":""professional_development"",""selectedOption"":""Minimal participation in professional development""},{""score"":2,""criteriaId"":""collaboration"",""selectedOption"":""Limited collaboration with colleagues""},{""score"":3,""criteriaId"":""punctuality_attendance"",""selectedOption"":""Good attendance and punctuality with rare absences""}],""timestamp"":""2025-09-18T08:10:39.139Z"",""totalScore"":19}]",0,2025-09-18 08:10:39.139+00
23f667f2-463a-4a8a-843c-1ad4bb411b24,teacher,e53998ea-12b4-489f-8ae7-96798edd46fa,d04f19a5-66d5-4ae9-805b-3799ed03b5b2,7956,"[{""id"":""02fbae2d-2911-4c80-94bb-4814ef6a88a5"",""maxScore"":36,""responses"":[{""score"":1,""criteriaId"":""lesson_planning"",""selectedOption"":""No evidence of lesson planning or preparation""},{""score"":1,""criteriaId"":""subject_knowledge"",""selectedOption"":""Limited subject knowledge with frequent errors""},{""score"":1,""criteriaId"":""teaching_methods"",""selectedOption"":""Uses only traditional lecture methods with no variety""},{""score"":3,""criteriaId"":""classroom_management"",""selectedOption"":""Good classroom management with clear rules and procedures""},{""score"":2,""criteriaId"":""student_interaction"",""selectedOption"":""Basic interaction with limited student engagement""},{""score"":3,""criteriaId"":""assessment_feedback"",""selectedOption"":""Regular assessment with constructive feedback""},{""score"":0,""comment"":""Not observed during the audit"",""criteriaId"":""technology_integration"",""selectedOption"":""Not Applicable""},{""score"":3,""criteriaId"":""professional_development"",""selectedOption"":""Regular participation in professional development activities""},{""score"":3,""criteriaId"":""collaboration"",""selectedOption"":""Good collaboration and teamwork with staff""},{""score"":3,""criteriaId"":""punctuality_attendance"",""selectedOption"":""Good attendance and punctuality with rare absences""}],""timestamp"":""2025-09-08T06:05:41.453Z"",""totalScore"":20}]",0,2025-09-08 06:05:41.453+00
25157d47-bdfc-4125-9726-91a6062bd267,teacher,6a48f6e3-31ad-4f75-b022-18a64f08cae3,ce954391-669f-43cd-9e21-185626e6ebcc,7181,"[{""id"":""d25ae93f-9a1d-4f9e-95e7-fcac2a796e0e"",""maxScore"":36,""responses"":[{""score"":4,""comment"":""The teacher was well-prepared and followed all the vocabulary-building steps correctly and in order."",""criteriaId"":""lesson_planning"",""selectedOption"":""Comprehensive lesson plan with differentiated activities and assessment strategies""},{""score"":3,""comment"":""Demonstrated good subject understanding; however, the introduction lacked action and energy. Voice modulation needs improvement to make delivery engaging."",""criteriaId"":""subject_knowledge"",""selectedOption"":""Good subject knowledge with clear explanations""},{""score"":3,""comment"":""Used the correct method for vocabulary building with flashcards."",""criteriaId"":""teaching_methods"",""selectedOption"":""Uses multiple teaching strategies with some student engagement""},{""score"":2,""comment"":""Students appeared distracted and disruptive; better control and attention strategies are needed to maintain focus."",""criteriaId"":""classroom_management"",""selectedOption"":""Basic classroom management with some behavioral issues""},{""score"":2,""comment"":""Displayed basic interaction with students, though engagement remained limited."",""criteriaId"":""student_interaction"",""selectedOption"":""Basic interaction with limited student engagement""},{""score"":3,""comment"":""Recap of vocabulary was done effectively; could include quick questioning or reinforcement for better comprehension check."",""criteriaId"":""assessment_feedback"",""selectedOption"":""Regular assessment with constructive feedback""},{""score"":0,""criteriaId"":""technology_integration"",""selectedOption"":""Not Applicable""},{""score"":3,""comment"":""Shows understanding of teaching procedures and willingness to follow process; would benefit from training in voice modulation and classroom dynamics."",""criteriaId"":""professional_development"",""selectedOption"":""Regular participation in professional development activities""},{""score"":4,""comment"":""Appears cooperative and systematic in approach"",""criteriaId"":""collaboration"",""selectedOption"":""Excellent collaborative skills, actively contributes to school community""},{""score"":4,""criteriaId"":""punctuality_attendance"",""selectedOption"":""Excellent attendance and punctuality, highly reliable""}],""timestamp"":""2025-11-04T09:07:23.786Z"",""totalScore"":28}]",0,2025-11-04 09:07:23.786+00
26865da2-81c2-4012-951a-ad61f736b90b,mentor,8b2ae3f9-c118-4279-befd-b066626015d7,a7a1d790-0a62-409f-87d3-d3537e2788a1,1290,"[{""id"":""ebf55625-a30d-4225-8497-3fa7166c06a2"",""maxScore"":40,""responses"":[{""score"":3,""criteriaId"":""mentoring_skills"",""selectedOption"":""Good mentoring skills with positive influence on mentees""},{""score"":3,""criteriaId"":""student_support"",""selectedOption"":""Good support system with regular check-ins""},{""score"":3,""criteriaId"":""program_coordination"",""selectedOption"":""Good coordination with well-managed programs""},{""score"":3,""criteriaId"":""communication_skills"",""selectedOption"":""Good communication skills with positive relationships""},{""score"":3,""criteriaId"":""problem_solving"",""selectedOption"":""Good problem-solving skills with effective resolutions""},{""score"":3,""criteriaId"":""professional_knowledge"",""selectedOption"":""Good knowledge with competent application""},{""score"":3,""criteriaId"":""initiative_leadership"",""selectedOption"":""Good initiative with emerging leadership qualities""},{""score"":3,""criteriaId"":""record_keeping"",""selectedOption"":""Good record keeping with organized documentation""},{""score"":3,""criteriaId"":""parent_community_engagement"",""selectedOption"":""Good engagement with positive community relationships""},{""score"":3,""criteriaId"":""reliability_commitment"",""selectedOption"":""Good reliability with consistent performance""}],""timestamp"":""2025-09-30T16:34:41.984Z"",""totalScore"":30}]",0,2025-09-30 16:34:41.984+00
274d1a7c-7ba4-43b9-a7d6-6934ed490b6d,teacher,2abdd596-b31c-4d98-9911-57de13b04f57,e8e5a6cc-44a9-4573-a3bd-0123b4f770c7,4603,"[{""id"":""24441f6d-584b-43ba-8ae1-13401d1f775c"",""maxScore"":40,""responses"":[{""score"":2,""criteriaId"":""lesson_planning"",""selectedOption"":""Basic lesson plan exists but lacks detail and structure""},{""score"":2,""criteriaId"":""subject_knowledge"",""selectedOption"":""Basic subject knowledge with occasional inaccuracies""},{""score"":3,""criteriaId"":""teaching_methods"",""selectedOption"":""Uses multiple teaching strategies with some student engagement""},{""score"":3,""criteriaId"":""classroom_management"",""selectedOption"":""Good classroom management with clear rules and procedures""},{""score"":3,""criteriaId"":""student_interaction"",""selectedOption"":""Good communication with regular student interaction""},{""score"":3,""criteriaId"":""assessment_feedback"",""selectedOption"":""Regular assessment with constructive feedback""},{""score"":3,""criteriaId"":""technology_integration"",""selectedOption"":""Good integration of technology to enhance learning""},{""score"":3,""criteriaId"":""professional_development"",""selectedOption"":""Regular participation in professional development activities""},{""score"":3,""criteriaId"":""collaboration"",""selectedOption"":""Good collaboration and teamwork with staff""},{""score"":3,""criteriaId"":""punctuality_attendance"",""selectedOption"":""Good attendance and punctuality with rare absences""}],""timestamp"":""2025-09-30T14:32:07.885Z"",""totalScore"":28}]",0,2025-09-30 14:32:07.885+00
290b699e-8bdf-4cc2-b501-26a2803c3d2d,teacher,da6dd68d-17fa-4462-9bb5-729c36fa1535,1d81faf3-1166-42f2-8dd3-8d51102b1a92,5522,"[{""id"":""0d24143e-44fb-488d-a00f-c56e3579facb"",""isDraft"":true,""maxScore"":104,""responses"":[{""score"":4,""criteriaId"":""curriculum-awareness"",""selectedOption"":""The teacher's responses show that she is aware of the curriculum adopted by the school. Her reflections have shown indications of a clear implementation plan. (90 to 100%)""},{""score"":3,""criteriaId"":""lesson-planning-participation"",""selectedOption"":""The teacher participates in lesson planning by attending the planning meetings with the mentor/s. She contributes to the planning by sharing her reflections and coming up with strategies to enhance teaching and learning practices at school.""},{""score"":3,""criteriaId"":""lesson-preparation"",""selectedOption"":""The teacher is well-planned for her lessons. She enters the class with her lesson plans and is confident in delivering the lessons as planned.""},{""score"":3,""criteriaId"":""classroom-accessibility"",""selectedOption"":""The classroom is well organized. All students get access to the teaching and learning resources. The seating arrangement is flexible and keeps changing based on the teaching activity.""},{""score"":3,""criteriaId"":""seating-arrangements"",""selectedOption"":""The teacher organizes seating arrangements as per Hauna's plans. The seating arrangement is flexible to suit the needs of the student/plan. (Semi circle/rows) In writing activities, she moves around to meet the needs of different learners/Call out names to ensure all students are catered to while teaching. She fails to reach out to all learners.""},{""score"":2,""criteriaId"":""teacher-positioning"",""selectedOption"":""The teacher's seating area/ teaching position does not allow her to have eye contact with all students.""},{""score"":3,""criteriaId"":""classroom-displays"",""selectedOption"":""The classroom displays are child centric and reflect current learnings. All displays have distinct borders. However they are not labelled. They address all subject areas. The classroom is neat and has a visual appeal.""},{""score"":2,""criteriaId"":""lesson-recap"",""selectedOption"":""The teacher attempts to recap learning by asking a few random questions.""},{""score"":2,""criteriaId"":""instruction-clarity"",""selectedOption"":""The teacher's explanation is clear. She explains in simple child-friendly language. She is able to grasp the attention of most of the students in her class. However a few students are struggling to understand the concept. Though she intends to support them she is unable to reach out to them.""},{""score"":3,""criteriaId"":""language-fluency"",""selectedOption"":""The teacher's language is fluent. She is able to express ideas in clear age-appropriate child-friendly language. She does not make any grammatical errors while speaking.""},{""score"":3,""criteriaId"":""classroom-interaction"",""selectedOption"":""The teacher has developed a relationship with the students in such a way that they all understand the norms of the class. Students are consistently motivated to interact freely without fear.""},{""score"":3,""criteriaId"":""student-questions"",""selectedOption"":""Students respond to the teacher's questions. Students asking questions were not observed.""},{""score"":3,""criteriaId"":""resource-usage"",""selectedOption"":""The teacher carries the resources as planned in the lesson plans. She is confident in using the resources for the activities planned for the class. She ensures all students get access to the teaching and learning materials.""},{""score"":4,""criteriaId"":""time-management"",""selectedOption"":""The teacher uses her class time effectively. The observer can very clearly make note of the different parts of her lesson (Intro, recap, plenary etc). She is very well organized and the transition from one domain to another is well coordinated.""},{""score"":3,""criteriaId"":""student-engagement"",""selectedOption"":""Except for a few, all students are engaged in learning.""},{""score"":3,""criteriaId"":""classroom-norms"",""selectedOption"":""The students are aware of the teacher's expectations/classroom norms. However she needs to keep reminding them to follow the norms at all times failing which many students get distracted.""},{""score"":4,""criteriaId"":""positive-reinforcement"",""selectedOption"":""All students are well-behaved. Positive reinforcements (praise, stars) observed in class.""},{""score"":1,""criteriaId"":""questioning-techniques"",""selectedOption"":""The teacher does not ask questions to check understanding.""},{""score"":3,""criteriaId"":""formative-assessment"",""selectedOption"":""The teacher uses her observation skills as well as student responses to check understanding. However, she does not maintain a record of the progress of her students.""},{""score"":3,""criteriaId"":""student-progress-awareness"",""selectedOption"":""The teacher is aware of her students' progress. She has no data recorded to provide clear evidence of progress.""},{""score"":4,""criteriaId"":""assessment-checklists"",""selectedOption"":""The teacher has maintained checklists to record assessment data. She has completed the assessments of all the students in her class.""},{""score"":3,""criteriaId"":""presentation-policy"",""selectedOption"":""The books are well maintained as per the policy. The teacher uses the board to teach formation and moves around the class to support all students. The students follow the teacher's instructions to complete their work. The students are trying their best to form letters correctly. A few students are struggling with their work.""},{""score"":4,""criteriaId"":""marking-policy"",""selectedOption"":""The teacher follows the policy for marking of books. She makes an effort to update marking of books on time. Students are motivated as she takes pains to give positive comments. She sets targets to children by giving them extra work to improve.""},{""score"":4,""criteriaId"":""reflection-practice"",""selectedOption"":""The teacher submits the reflection form consistently. She has been using this as a tool to reflect on her teaching and learning process. She has carefully made record of her reflection in her book/name list.""},{""score"":3,""criteriaId"":""professional-development"",""selectedOption"":""75-99%""},{""score"":3,""criteriaId"":""record-keeping"",""selectedOption"":""The teacher has maintained all the records with diligence.""}],""timestamp"":""2025-07-07T05:21:27.080Z"",""totalScore"":79},{""id"":""412040f0-ac1a-402e-be16-062b547ee02a"",""maxScore"":40,""responses"":[{""score"":4,""criteriaId"":""curriculum-awareness"",""selectedOption"":""The teacher's responses show that she is aware of the curriculum adopted by the school. Her reflections have shown indications of a clear implementation plan. (90 to 100%)""},{""score"":3,""criteriaId"":""lesson-planning-participation"",""selectedOption"":""The teacher participates in lesson planning by attending the planning meetings with the mentor/s. She contributes to the planning by sharing her reflections and coming up with strategies to enhance teaching and learning practices at school.""},{""score"":3,""criteriaId"":""lesson-preparation"",""selectedOption"":""The teacher is well-planned for her lessons. She enters the class with her lesson plans and is confident in delivering the lessons as planned.""},{""score"":3,""criteriaId"":""classroom-accessibility"",""selectedOption"":""The classroom is well organized. All students get access to the teaching and learning resources. The seating arrangement is flexible and keeps changing based on the teaching activity.""},{""score"":3,""criteriaId"":""seating-arrangements"",""selectedOption"":""The teacher organizes seating arrangements as per Hauna's plans. The seating arrangement is flexible to suit the needs of the student/plan. (Semi circle/rows) In writing activities, she moves around to meet the needs of different learners/Call out names to ensure all students are catered to while teaching. She fails to reach out to all learners.""},{""score"":2,""criteriaId"":""teacher-positioning"",""selectedOption"":""The teacher's seating area/ teaching position does not allow her to have eye contact with all students.""},{""score"":3,""criteriaId"":""classroom-displays"",""selectedOption"":""The classroom displays are child centric and reflect current learnings. All displays have distinct borders. However they are not labelled. They address all subject areas. The classroom is neat and has a visual appeal.""},{""score"":2,""criteriaId"":""lesson-recap"",""selectedOption"":""The teacher attempts to recap learning by asking a few random questions.""},{""score"":2,""criteriaId"":""instruction-clarity"",""selectedOption"":""The teacher's explanation is clear. She explains in simple child-friendly language. She is able to grasp the attention of most of the students in her class. However a few students are struggling to understand the concept. Though she intends to support them she is unable to reach out to them.""},{""score"":3,""criteriaId"":""language-fluency"",""selectedOption"":""The teacher's language is fluent. She is able to express ideas in clear age-appropriate child-friendly language. She does not make any grammatical errors while speaking.""},{""score"":3,""criteriaId"":""classroom-interaction"",""selectedOption"":""The teacher has developed a relationship with the students in such a way that they all understand the norms of the class. Students are consistently motivated to interact freely without fear.""},{""score"":3,""criteriaId"":""student-questions"",""selectedOption"":""Students respond to the teacher's questions. Students asking questions were not observed.""},{""score"":3,""criteriaId"":""resource-usage"",""selectedOption"":""The teacher carries the resources as planned in the lesson plans. She is confident in using the resources for the activities planned for the class. She ensures all students get access to the teaching and learning materials.""},{""score"":4,""criteriaId"":""time-management"",""selectedOption"":""The teacher uses her class time effectively. The observer can very clearly make note of the different parts of her lesson (Intro, recap, plenary etc). She is very well organized and the transition from one domain to another is well coordinated.""},{""score"":3,""criteriaId"":""student-engagement"",""selectedOption"":""Except for a few, all students are engaged in learning.""},{""score"":3,""criteriaId"":""classroom-norms"",""selectedOption"":""The students are aware of the teacher's expectations/classroom norms. However she needs to keep reminding them to follow the norms at all times failing which many students get distracted.""},{""score"":4,""criteriaId"":""positive-reinforcement"",""selectedOption"":""All students are well-behaved. Positive reinforcements (praise, stars) observed in class.""},{""score"":1,""criteriaId"":""questioning-techniques"",""selectedOption"":""The teacher does not ask questions to check understanding.""},{""score"":3,""criteriaId"":""formative-assessment"",""selectedOption"":""The teacher uses her observation skills as well as student responses to check understanding. However, she does not maintain a record of the progress of her students.""},{""score"":3,""criteriaId"":""student-progress-awareness"",""selectedOption"":""The teacher is aware of her students' progress. She has no data recorded to provide clear evidence of progress.""},{""score"":4,""criteriaId"":""assessment-checklists"",""selectedOption"":""The teacher has maintained checklists to record assessment data. She has completed the assessments of all the students in her class.""},{""score"":3,""criteriaId"":""presentation-policy"",""selectedOption"":""The books are well maintained as per the policy. The teacher uses the board to teach formation and moves around the class to support all students. The students follow the teacher's instructions to complete their work. The students are trying their best to form letters correctly. A few students are struggling with their work.""},{""score"":4,""criteriaId"":""marking-policy"",""selectedOption"":""The teacher follows the policy for marking of books. She makes an effort to update marking of books on time. Students are motivated as she takes pains to give positive comments. She sets targets to children by giving them extra work to improve.""},{""score"":4,""criteriaId"":""reflection-practice"",""selectedOption"":""The teacher submits the reflection form consistently. She has been using this as a tool to reflect on her teaching and learning process. She has carefully made record of her reflection in her book/name list.""},{""score"":3,""criteriaId"":""professional-development"",""selectedOption"":""75-99%""},{""score"":3,""criteriaId"":""record-keeping"",""selectedOption"":""The teacher has maintained all the records with diligence.""},{""score"":3,""criteriaId"":""lesson_planning"",""selectedOption"":""Well-structured lesson plan with clear objectives and activities""},{""score"":3,""criteriaId"":""subject_knowledge"",""selectedOption"":""Good subject knowledge with clear explanations""},{""score"":3,""criteriaId"":""teaching_methods"",""selectedOption"":""Uses multiple teaching strategies with some student engagement""},{""score"":3,""criteriaId"":""classroom_management"",""selectedOption"":""Good classroom management with clear rules and procedures""},{""score"":3,""criteriaId"":""student_interaction"",""selectedOption"":""Good communication with regular student interaction""},{""score"":3,""criteriaId"":""assessment_feedback"",""selectedOption"":""Regular assessment with constructive feedback""},{""score"":3,""criteriaId"":""technology_integration"",""selectedOption"":""Good integration of technology to enhance learning""},{""score"":3,""criteriaId"":""professional_development"",""selectedOption"":""Regular participation in professional development activities""},{""score"":3,""criteriaId"":""collaboration"",""selectedOption"":""Good collaboration and teamwork with staff""},{""score"":3,""criteriaId"":""punctuality_attendance"",""selectedOption"":""Good attendance and punctuality with rare absences""}],""timestamp"":""2025-07-15T05:52:04.121Z"",""totalScore"":109}]",1,2025-07-07 05:21:27.08+00
2ac66dba-7779-4020-83c9-88539574fe19,teacher,4b04c58b-781a-4b2d-a545-18ea976dd426,3ef86387-1ec3-47df-ba18-d1e95fa397cf,9001,"[{""id"":""d85c4539-4bd7-4776-8178-c5701bf44d76"",""maxScore"":36,""responses"":[{""score"":2,""criteriaId"":""lesson_planning"",""selectedOption"":""Basic lesson plan exists but lacks detail and structure""},{""score"":1,""criteriaId"":""subject_knowledge"",""selectedOption"":""Limited subject knowledge with frequent errors""},{""score"":2,""criteriaId"":""teaching_methods"",""selectedOption"":""Limited variety in teaching methods, mostly teacher-centered""},{""score"":3,""criteriaId"":""classroom_management"",""selectedOption"":""Good classroom management with clear rules and procedures""},{""score"":3,""criteriaId"":""student_interaction"",""selectedOption"":""Good communication with regular student interaction""},{""score"":3,""criteriaId"":""assessment_feedback"",""selectedOption"":""Regular assessment with constructive feedback""},{""score"":0,""comment"":""Didn't observe during the Audit"",""criteriaId"":""technology_integration"",""selectedOption"":""Not Applicable""},{""score"":3,""criteriaId"":""professional_development"",""selectedOption"":""Regular participation in professional development activities""},{""score"":3,""criteriaId"":""collaboration"",""selectedOption"":""Good collaboration and teamwork with staff""},{""score"":3,""criteriaId"":""punctuality_attendance"",""selectedOption"":""Good attendance and punctuality with rare absences""}],""timestamp"":""2025-09-10T09:21:34.930Z"",""totalScore"":23}]",0,2025-09-10 09:21:34.93+00
2c3d38df-c118-43f7-85c2-fd1b62aac8ed,teacher,25929b3d-9254-4ab9-9cfa-d11ba0a270be,c4186fe0-c9f0-484d-8a2d-51054571d3db,5226,"[{""id"":""d31d683a-e634-44bd-8ea0-5fbc4caa9cd4"",""maxScore"":40,""responses"":[{""score"":1,""criteriaId"":""lesson_planning"",""selectedOption"":""No evidence of lesson planning or preparation""},{""score"":1,""criteriaId"":""subject_knowledge"",""selectedOption"":""Limited subject knowledge with frequent errors""},{""score"":1,""comment"":""Teacher was teaching rhymes. but she was sitting in one place and doing the ryhme, there was no action and face modulation."",""criteriaId"":""teaching_methods"",""selectedOption"":""Uses only traditional lecture methods with no variety""},{""score"":2,""criteriaId"":""classroom_management"",""selectedOption"":""Basic classroom management with some behavioral issues""},{""score"":1,""criteriaId"":""student_interaction"",""selectedOption"":""Minimal interaction with students, poor communication""},{""score"":1,""criteriaId"":""assessment_feedback"",""selectedOption"":""No formal assessment or feedback provided""},{""score"":1,""criteriaId"":""technology_integration"",""selectedOption"":""No use of technology in teaching""},{""score"":1,""criteriaId"":""professional_development"",""selectedOption"":""No evidence of professional development activities""},{""score"":1,""criteriaId"":""collaboration"",""selectedOption"":""Works in isolation with no collaboration""},{""score"":3,""criteriaId"":""punctuality_attendance"",""selectedOption"":""Good attendance and punctuality with rare absences""}],""timestamp"":""2025-11-10T10:13:10.626Z"",""totalScore"":13}]",0,2025-11-10 10:13:10.626+00
30d8062e-dbef-4de6-a9a9-a45716e676f5,teacher,e8951849-6372-48e6-83f8-734b9a80a7be,a7a1d790-0a62-409f-87d3-d3537e2788a1,7732,"[{""id"":""f3c0b676-395b-4d28-9cff-48dd0fa75fdd"",""maxScore"":40,""responses"":[{""score"":2,""criteriaId"":""lesson_planning"",""selectedOption"":""Basic lesson plan exists but lacks detail and structure""},{""score"":2,""criteriaId"":""subject_knowledge"",""selectedOption"":""Basic subject knowledge with occasional inaccuracies""},{""score"":3,""criteriaId"":""teaching_methods"",""selectedOption"":""Uses multiple teaching strategies with some student engagement""},{""score"":3,""criteriaId"":""classroom_management"",""selectedOption"":""Good classroom management with clear rules and procedures""},{""score"":3,""criteriaId"":""student_interaction"",""selectedOption"":""Good communication with regular student interaction""},{""score"":2,""criteriaId"":""assessment_feedback"",""selectedOption"":""Basic assessment with limited feedback""},{""score"":3,""criteriaId"":""technology_integration"",""selectedOption"":""Good integration of technology to enhance learning""},{""score"":3,""criteriaId"":""professional_development"",""selectedOption"":""Regular participation in professional development activities""},{""score"":3,""criteriaId"":""collaboration"",""selectedOption"":""Good collaboration and teamwork with staff""},{""score"":3,""criteriaId"":""punctuality_attendance"",""selectedOption"":""Good attendance and punctuality with rare absences""}],""timestamp"":""2025-09-30T15:25:31.489Z"",""totalScore"":27}]",0,2025-09-30 15:25:31.489+00
32fbda2e-f82b-4a27-8ade-43e7353bccd4,teacher,2d12d9ea-fb09-4593-b9ad-c505395b4a7e,463a626e-cd2e-45d0-98d3-0f5db9755375,2745,"[{""id"":""37530957-b11c-4f66-86ff-54c57ad5d88c"",""maxScore"":40,""responses"":[{""score"":3,""criteriaId"":""lesson_planning"",""selectedOption"":""Well-structured lesson plan with clear objectives and activities""},{""score"":3,""criteriaId"":""subject_knowledge"",""selectedOption"":""Good subject knowledge with clear explanations""},{""score"":2,""criteriaId"":""teaching_methods"",""selectedOption"":""Limited variety in teaching methods, mostly teacher-centered""},{""score"":3,""criteriaId"":""classroom_management"",""selectedOption"":""Good classroom management with clear rules and procedures""},{""score"":3,""criteriaId"":""student_interaction"",""selectedOption"":""Good communication with regular student interaction""},{""score"":2,""criteriaId"":""assessment_feedback"",""selectedOption"":""Basic assessment with limited feedback""},{""score"":3,""criteriaId"":""technology_integration"",""selectedOption"":""Good integration of technology to enhance learning""},{""score"":3,""criteriaId"":""professional_development"",""selectedOption"":""Regular participation in professional development activities""},{""score"":3,""criteriaId"":""collaboration"",""selectedOption"":""Good collaboration and teamwork with staff""},{""score"":3,""criteriaId"":""punctuality_attendance"",""selectedOption"":""Good attendance and punctuality with rare absences""}],""timestamp"":""2025-09-18T06:16:28.765Z"",""totalScore"":28},{""id"":""6e1e5047-3a0c-451e-a070-079a25f304ff"",""maxScore"":40,""responses"":[{""score"":3,""comment"":""Well-planned and organized."",""criteriaId"":""lesson_planning"",""selectedOption"":""Well-structured lesson plan with clear objectives and activities""},{""score"":3,""comment"":""Shows good subject knowledge."",""criteriaId"":""subject_knowledge"",""selectedOption"":""Good subject knowledge with clear explanations""},{""score"":3,""comment"":""Followed activity steps effectively."",""criteriaId"":""teaching_methods"",""selectedOption"":""Uses multiple teaching strategies with some student engagement""},{""score"":3,""comment"":""Maintained control and order."",""criteriaId"":""classroom_management"",""selectedOption"":""Good classroom management with clear rules and procedures""},{""score"":3,""comment"":""Communicated well with students."",""criteriaId"":""student_interaction"",""selectedOption"":""Good communication with regular student interaction""},{""score"":2,""comment"":""Can add quick feedback at the end."",""criteriaId"":""assessment_feedback"",""selectedOption"":""Basic assessment with limited feedback""},{""score"":3,""criteriaId"":""technology_integration"",""selectedOption"":""Good integration of technology to enhance learning""},{""score"":3,""comment"":""Shows preparedness and understanding."",""criteriaId"":""professional_development"",""selectedOption"":""Regular participation in professional development activities""},{""score"":3,""comment"":""Works well with others."",""criteriaId"":""collaboration"",""selectedOption"":""Good collaboration and teamwork with staff""},{""score"":3,""criteriaId"":""punctuality_attendance"",""selectedOption"":""Good attendance and punctuality with rare absences""}],""timestamp"":""2025-10-28T07:21:26.098Z"",""totalScore"":29}]",1,2025-09-18 06:16:28.765+00
33f0a617-5219-4b34-8590-5e77de02ae33,teacher,2de56f86-14d2-49f2-9634-b00e6261b2e4,a02256d5-928d-4604-bbad-82dc91cd683e,6068,"[{""id"":""ed4dc7ee-8494-4162-9d4a-a474a88a263c"",""maxScore"":40,""responses"":[{""score"":2,""comment"":""phonetic approach taken , wanted to check demos on vocabulary."",""criteriaId"":""lesson_planning"",""selectedOption"":""Basic lesson plan exists but lacks detail and structure""},{""score"":2,""criteriaId"":""subject_knowledge"",""selectedOption"":""Basic subject knowledge with occasional inaccuracies""},{""score"":2,""criteriaId"":""teaching_methods"",""selectedOption"":""Limited variety in teaching methods, mostly teacher-centered""},{""score"":2,""criteriaId"":""classroom_management"",""selectedOption"":""Basic classroom management with some behavioral issues""},{""score"":3,""criteriaId"":""student_interaction"",""selectedOption"":""Good communication with regular student interaction""},{""score"":2,""criteriaId"":""assessment_feedback"",""selectedOption"":""Basic assessment with limited feedback""},{""score"":3,""criteriaId"":""technology_integration"",""selectedOption"":""Good integration of technology to enhance learning""},{""score"":3,""criteriaId"":""professional_development"",""selectedOption"":""Regular participation in professional development activities""},{""score"":3,""criteriaId"":""collaboration"",""selectedOption"":""Good collaboration and teamwork with staff""},{""score"":3,""criteriaId"":""punctuality_attendance"",""selectedOption"":""Good attendance and punctuality with rare absences""}],""timestamp"":""2025-09-26T11:29:42.714Z"",""totalScore"":25},{""id"":""eba38b08-e4fb-4842-84a2-b0cd326aa449"",""maxScore"":40,""responses"":[{""score"":2,""comment"":""phonetic approach taken , wanted to check demos on vocabulary."",""criteriaId"":""lesson_planning"",""selectedOption"":""Basic lesson plan exists but lacks detail and structure""},{""score"":2,""criteriaId"":""subject_knowledge"",""selectedOption"":""Basic subject knowledge with occasional inaccuracies""},{""score"":2,""criteriaId"":""teaching_methods"",""selectedOption"":""Limited variety in teaching methods, mostly teacher-centered""},{""score"":2,""criteriaId"":""classroom_management"",""selectedOption"":""Basic classroom management with some behavioral issues""},{""score"":3,""criteriaId"":""student_interaction"",""selectedOption"":""Good communication with regular student interaction""},{""score"":2,""criteriaId"":""assessment_feedback"",""selectedOption"":""Basic assessment with limited feedback""},{""score"":3,""criteriaId"":""technology_integration"",""selectedOption"":""Good integration of technology to enhance learning""},{""score"":3,""criteriaId"":""professional_development"",""selectedOption"":""Regular participation in professional development activities""},{""score"":3,""criteriaId"":""collaboration"",""selectedOption"":""Good collaboration and teamwork with staff""},{""score"":3,""criteriaId"":""punctuality_attendance"",""selectedOption"":""Good attendance and punctuality with rare absences""}],""timestamp"":""2025-09-26T11:31:17.860Z"",""totalScore"":25}]",1,2025-09-26 11:29:42.714+00
3645b369-5d00-49e3-b0d5-9556551b2fb3,teacher,9cf1f558-f934-4ee6-b179-d1287ed200a3,b54ce43a-6ce8-44d2-8e3b-619a6e4b1c1a,2946,"[{""id"":""2638bc98-9263-45ce-a19f-1f661bbc9f4a"",""maxScore"":32,""responses"":[{""score"":2,""criteriaId"":""lesson_planning"",""selectedOption"":""Basic lesson plan exists but lacks detail and structure""},{""score"":2,""criteriaId"":""subject_knowledge"",""selectedOption"":""Basic subject knowledge with occasional inaccuracies""},{""score"":2,""criteriaId"":""teaching_methods"",""selectedOption"":""Limited variety in teaching methods, mostly teacher-centered""},{""score"":0,""comment"":""AS there were no students, I was unable to obsreve"",""criteriaId"":""classroom_management"",""selectedOption"":""Not Applicable""},{""score"":0,""criteriaId"":""student_interaction"",""selectedOption"":""Not Applicable""},{""score"":2,""criteriaId"":""assessment_feedback"",""selectedOption"":""Basic assessment with limited feedback""},{""score"":3,""criteriaId"":""technology_integration"",""selectedOption"":""Good integration of technology to enhance learning""},{""score"":2,""criteriaId"":""professional_development"",""selectedOption"":""Minimal participation in professional development""},{""score"":3,""criteriaId"":""collaboration"",""selectedOption"":""Good collaboration and teamwork with staff""},{""score"":1,""criteriaId"":""punctuality_attendance"",""selectedOption"":""Frequent absences and tardiness affecting teaching quality""}],""timestamp"":""2025-11-11T10:32:33.748Z"",""totalScore"":17}]",0,2025-11-11 10:32:33.749+00
36e07d3c-c6aa-491c-8743-197dff5f7b9c,mentor,c7e7b24f-b33a-4ca8-903d-6c48cd683135,ce954391-669f-43cd-9e21-185626e6ebcc,6321,"[{""id"":""bca54365-4617-45b1-88c3-567bb3081536"",""maxScore"":40,""responses"":[{""score"":4,""comment"":""Demonstrates excellent mentoring abilities with a transformative impact on students’ overall development."",""criteriaId"":""mentoring_skills"",""selectedOption"":""Excellent mentoring abilities with transformative impact on student development""},{""score"":4,""comment"":""Provides comprehensive support with proactive intervention and consistent follow-up."",""criteriaId"":""student_support"",""selectedOption"":""Comprehensive support with proactive intervention and follow-up""},{""score"":4,""comment"":""Demonstrates excellent coordination skills with innovative and efficient program management."",""criteriaId"":""program_coordination"",""selectedOption"":""Excellent coordination with innovative and efficient program management""},{""score"":4,""comment"":""Demonstrates excellent communication skills that foster strong and supportive relationships.”"",""criteriaId"":""communication_skills"",""selectedOption"":""Excellent communication fostering strong, supportive relationships""},{""score"":4,""comment"":""Exhibits strong analytical skills and provides effective, long-term solutions."",""criteriaId"":""problem_solving"",""selectedOption"":""Excellent problem-solving abilities with innovative and lasting solutions""},{""score"":4,""comment"":""hows exceptional subject expertise, combining advanced knowledge with practical and effective classroom application."",""criteriaId"":""professional_knowledge"",""selectedOption"":""Excellent expertise with advanced knowledge and application""},{""score"":4,""comment"":""Exhibits proactive initiative and inspiring leadership qualities."",""criteriaId"":""initiative_leadership"",""selectedOption"":""Excellent initiative and strong leadership inspiring others""},{""score"":3,""comment"":""Maintains good record-keeping with organized documentation in files; however, updates are not reflected in the handbooks."",""criteriaId"":""record_keeping"",""selectedOption"":""Good record keeping with organized documentation""},{""score"":4,""comment"":""Exhibits strong engagement and builds effective community partnerships."",""criteriaId"":""parent_community_engagement"",""selectedOption"":""Excellent engagement fostering strong community partnerships""},{""score"":4,""comment"":""Exhibits strong reliability and consistent dedication to excellence"",""criteriaId"":""reliability_commitment"",""selectedOption"":""Excellent reliability and unwavering commitment to excellence""}],""timestamp"":""2025-11-04T09:24:04.695Z"",""totalScore"":39}]",0,2025-11-04 09:24:04.695+00
37a1fd51-5cdb-4e4e-b446-576e9511f800,teacher,cb244896-fe8f-4104-9275-8ef6b4cad0fd,d04f19a5-66d5-4ae9-805b-3799ed03b5b2,7530,"[{""id"":""f8d40291-7f8d-4339-a6a0-5b18e15dfdb6"",""maxScore"":36,""responses"":[{""score"":1,""criteriaId"":""lesson_planning"",""selectedOption"":""No evidence of lesson planning or preparation""},{""score"":1,""criteriaId"":""subject_knowledge"",""selectedOption"":""Limited subject knowledge with frequent errors""},{""score"":1,""criteriaId"":""teaching_methods"",""selectedOption"":""Uses only traditional lecture methods with no variety""},{""score"":3,""criteriaId"":""classroom_management"",""selectedOption"":""Good classroom management with clear rules and procedures""},{""score"":3,""criteriaId"":""student_interaction"",""selectedOption"":""Good communication with regular student interaction""},{""score"":3,""criteriaId"":""assessment_feedback"",""selectedOption"":""Regular assessment with constructive feedback""},{""score"":0,""comment"":""Not observed during the audit"",""criteriaId"":""technology_integration"",""selectedOption"":""Not Applicable""},{""score"":3,""criteriaId"":""professional_development"",""selectedOption"":""Regular participation in professional development activities""},{""score"":3,""criteriaId"":""collaboration"",""selectedOption"":""Good collaboration and teamwork with staff""},{""score"":3,""criteriaId"":""punctuality_attendance"",""selectedOption"":""Good attendance and punctuality with rare absences""}],""timestamp"":""2025-09-08T06:07:50.732Z"",""totalScore"":21}]",0,2025-09-08 06:07:50.733+00
386e7bb6-b57a-4f65-9549-692ef46536d7,teacher,8b96c628-b60d-4cc2-9582-131e97049e40,6e63ae71-f20c-4d60-89f9-42adcfc5069e,1401,"[{""id"":""59aa22b1-7406-4da2-8c06-09f5db351a4e"",""maxScore"":36,""responses"":[{""score"":2,""criteriaId"":""lesson_planning"",""selectedOption"":""Basic lesson plan exists but lacks detail and structure""},{""score"":1,""criteriaId"":""subject_knowledge"",""selectedOption"":""Limited subject knowledge with frequent errors""},{""score"":1,""comment"":""Teacher has to use different objects and stratergies."",""criteriaId"":""teaching_methods"",""selectedOption"":""Uses only traditional lecture methods with no variety""},{""score"":2,""comment"":""Classrooms are airy and ventilated, but walls are very dirty."",""criteriaId"":""classroom_management"",""selectedOption"":""Basic classroom management with some behavioral issues""},{""score"":1,""comment"":""students and teacher involvement was not there."",""criteriaId"":""student_interaction"",""selectedOption"":""Minimal interaction with students, poor communication""},{""score"":1,""comment"":""Children were distracted in the class but teacher was busy with her work."",""criteriaId"":""assessment_feedback"",""selectedOption"":""No formal assessment or feedback provided""},{""score"":0,""criteriaId"":""technology_integration"",""selectedOption"":""Not Applicable""},{""score"":1,""criteriaId"":""professional_development"",""selectedOption"":""No evidence of professional development activities""},{""score"":2,""criteriaId"":""collaboration"",""selectedOption"":""Limited collaboration with colleagues""},{""score"":3,""criteriaId"":""punctuality_attendance"",""selectedOption"":""Good attendance and punctuality with rare absences""}],""timestamp"":""2025-07-17T08:20:41.591Z"",""totalScore"":14}]",0,2025-07-17 08:20:41.591+00
39db64ab-383e-468a-9d26-305d0ac2e8f2,teacher,87cf5348-1146-462b-b574-8929a2aa9c2c,f4da3593-2e2c-47ef-b0d6-50d2d76c4229,3421,"[{""id"":""e53bae6e-74a4-4bdb-86a5-773ad48a0f18"",""maxScore"":40,""responses"":[{""score"":2,""criteriaId"":""lesson_planning"",""selectedOption"":""Basic lesson plan exists but lacks detail and structure""},{""score"":3,""criteriaId"":""subject_knowledge"",""selectedOption"":""Good subject knowledge with clear explanations""},{""score"":3,""criteriaId"":""teaching_methods"",""selectedOption"":""Uses multiple teaching strategies with some student engagement""},{""score"":3,""criteriaId"":""classroom_management"",""selectedOption"":""Good classroom management with clear rules and procedures""},{""score"":3,""criteriaId"":""student_interaction"",""selectedOption"":""Good communication with regular student interaction""},{""score"":3,""criteriaId"":""assessment_feedback"",""selectedOption"":""Regular assessment with constructive feedback""},{""score"":2,""criteriaId"":""technology_integration"",""selectedOption"":""Basic use of technology with limited effectiveness""},{""score"":3,""criteriaId"":""professional_development"",""selectedOption"":""Regular participation in professional development activities""},{""score"":3,""criteriaId"":""collaboration"",""selectedOption"":""Good collaboration and teamwork with staff""},{""score"":3,""criteriaId"":""punctuality_attendance"",""selectedOption"":""Good attendance and punctuality with rare absences""}],""timestamp"":""2025-11-08T08:29:14.454Z"",""totalScore"":28}]",0,2025-11-08 08:29:14.454+00
3a27de33-0fe6-494e-a646-effaa0194ebe,mentor,d19e34b0-a8dc-46fa-9b3f-48794d4c6849,9c4706be-65d5-4a38-b5c8-f0cce702fc03,7604,"[{""id"":""9c1ed02c-afbf-4a62-a29e-9cae41e5cd26"",""maxScore"":40,""responses"":[{""score"":2,""comment"":""She is a new mentor."",""criteriaId"":""mentoring_skills"",""selectedOption"":""Basic mentoring abilities with limited impact""},{""score"":2,""criteriaId"":""student_support"",""selectedOption"":""Basic support with limited follow-up""},{""score"":1,""comment"":""Mentor has to get trained."",""criteriaId"":""program_coordination"",""selectedOption"":""Poor coordination with frequent organizational issues""},{""score"":2,""criteriaId"":""communication_skills"",""selectedOption"":""Basic communication with limited effectiveness""},{""score"":2,""criteriaId"":""problem_solving"",""selectedOption"":""Basic problem-solving with limited success""},{""score"":1,""comment"":""she is new she needs improvement."",""criteriaId"":""professional_knowledge"",""selectedOption"":""Limited knowledge in area of expertise""},{""score"":2,""criteriaId"":""initiative_leadership"",""selectedOption"":""Limited initiative with basic leadership skills""},{""score"":2,""criteriaId"":""record_keeping"",""selectedOption"":""Basic record keeping with some gaps""},{""score"":2,""criteriaId"":""parent_community_engagement"",""selectedOption"":""Limited engagement with minimal impact""},{""score"":2,""criteriaId"":""reliability_commitment"",""selectedOption"":""Basic reliability with occasional lapses""}],""timestamp"":""2025-07-17T10:15:48.379Z"",""totalScore"":18}]",0,2025-07-17 10:15:48.379+00
3b05df26-4102-4c68-80d0-62894ec2172e,teacher,e658a220-83b4-41fd-bbb4-67522afc7174,1ca1c2ae-a9bb-4c67-ad8e-b8c87bc7d70b,3737,"[{""id"":""4b1ccb39-54d5-4ea1-926f-dac094c63f66"",""maxScore"":40,""responses"":[{""score"":2,""comment"":""require to be trained little more."",""criteriaId"":""lesson_planning"",""selectedOption"":""Basic lesson plan exists but lacks detail and structure""},{""score"":2,""criteriaId"":""subject_knowledge"",""selectedOption"":""Basic subject knowledge with occasional inaccuracies""},{""score"":3,""criteriaId"":""teaching_methods"",""selectedOption"":""Uses multiple teaching strategies with some student engagement""},{""score"":2,""criteriaId"":""classroom_management"",""selectedOption"":""Basic classroom management with some behavioral issues""},{""score"":3,""criteriaId"":""student_interaction"",""selectedOption"":""Good communication with regular student interaction""},{""score"":2,""comment"":""just started"",""criteriaId"":""assessment_feedback"",""selectedOption"":""Basic assessment with limited feedback""},{""score"":2,""criteriaId"":""technology_integration"",""selectedOption"":""Basic use of technology with limited effectiveness""},{""score"":3,""criteriaId"":""professional_development"",""selectedOption"":""Regular participation in professional development activities""},{""score"":3,""criteriaId"":""collaboration"",""selectedOption"":""Good collaboration and teamwork with staff""},{""score"":3,""criteriaId"":""punctuality_attendance"",""selectedOption"":""Good attendance and punctuality with rare absences""}],""timestamp"":""2025-09-30T06:22:32.219Z"",""totalScore"":25}]",0,2025-09-30 06:22:32.22+00
3c8ee39b-92fa-4f28-a838-bc219ba222f1,teacher,f0db350e-18f0-46d6-8d52-e3429a1280ce,a62638b1-d73d-4331-b89d-1b478bbd6d1b,8209,"[{""id"":""5f6a2467-3f68-4d31-89a8-9a40ad3e78bd"",""maxScore"":36,""responses"":[{""score"":3,""criteriaId"":""lesson_planning"",""selectedOption"":""Well-structured lesson plan with clear objectives and activities""},{""score"":3,""criteriaId"":""subject_knowledge"",""selectedOption"":""Good subject knowledge with clear explanations""},{""score"":4,""criteriaId"":""teaching_methods"",""selectedOption"":""Employs diverse, innovative teaching methods with high student engagement""},{""score"":3,""criteriaId"":""classroom_management"",""selectedOption"":""Good classroom management with clear rules and procedures""},{""score"":3,""criteriaId"":""student_interaction"",""selectedOption"":""Good communication with regular student interaction""},{""score"":3,""criteriaId"":""assessment_feedback"",""selectedOption"":""Regular assessment with constructive feedback""},{""score"":0,""comment"":""Didn't observed during the Audit"",""criteriaId"":""technology_integration"",""selectedOption"":""Not Applicable""},{""score"":3,""criteriaId"":""professional_development"",""selectedOption"":""Regular participation in professional development activities""},{""score"":3,""criteriaId"":""collaboration"",""selectedOption"":""Good collaboration and teamwork with staff""},{""score"":3,""criteriaId"":""punctuality_attendance"",""selectedOption"":""Good attendance and punctuality with rare absences""}],""timestamp"":""2025-09-09T10:03:51.799Z"",""totalScore"":28}]",0,2025-09-09 10:03:51.799+00
3ca6a86d-3dab-45f1-968e-3f747eea7b15,teacher,d2c26a7b-6d4d-4d2f-b43c-843bd5d026ff,8731e550-71eb-41b4-993f-35b1acbcccba,8113,"[{""id"":""eeb4526f-278a-4714-a60e-7bcec1f934f2"",""maxScore"":40,""responses"":[{""score"":3,""criteriaId"":""lesson_planning"",""selectedOption"":""Well-structured lesson plan with clear objectives and activities""},{""score"":3,""criteriaId"":""subject_knowledge"",""selectedOption"":""Good subject knowledge with clear explanations""},{""score"":3,""criteriaId"":""teaching_methods"",""selectedOption"":""Uses multiple teaching strategies with some student engagement""},{""score"":3,""criteriaId"":""classroom_management"",""selectedOption"":""Good classroom management with clear rules and procedures""},{""score"":3,""criteriaId"":""student_interaction"",""selectedOption"":""Good communication with regular student interaction""},{""score"":2,""criteriaId"":""assessment_feedback"",""selectedOption"":""Basic assessment with limited feedback""},{""score"":2,""criteriaId"":""technology_integration"",""selectedOption"":""Basic use of technology with limited effectiveness""},{""score"":3,""criteriaId"":""professional_development"",""selectedOption"":""Regular participation in professional development activities""},{""score"":3,""criteriaId"":""collaboration"",""selectedOption"":""Good collaboration and teamwork with staff""},{""score"":3,""criteriaId"":""punctuality_attendance"",""selectedOption"":""Good attendance and punctuality with rare absences""}],""timestamp"":""2025-09-30T11:34:19.594Z"",""totalScore"":28}]",0,2025-09-30 11:34:19.594+00
3d542cb8-12f0-47d7-9c17-d992ed86aaf2,teacher,c08e1196-0a2a-44ac-a6c9-3c562f98c66c,f2c8026d-2a73-4f73-9dc0-23706678b6e3,3046,"[{""id"":""83f31d4f-3247-43d3-9467-0beb79816f0d"",""maxScore"":40,""responses"":[{""score"":2,""criteriaId"":""lesson_planning"",""selectedOption"":""Basic lesson plan exists but lacks detail and structure""},{""score"":2,""criteriaId"":""subject_knowledge"",""selectedOption"":""Basic subject knowledge with occasional inaccuracies""},{""score"":4,""criteriaId"":""teaching_methods"",""selectedOption"":""Employs diverse, innovative teaching methods with high student engagement""},{""score"":2,""criteriaId"":""classroom_management"",""selectedOption"":""Basic classroom management with some behavioral issues""},{""score"":3,""criteriaId"":""student_interaction"",""selectedOption"":""Good communication with regular student interaction""},{""score"":2,""criteriaId"":""assessment_feedback"",""selectedOption"":""Basic assessment with limited feedback""},{""score"":2,""criteriaId"":""technology_integration"",""selectedOption"":""Basic use of technology with limited effectiveness""},{""score"":2,""criteriaId"":""professional_development"",""selectedOption"":""Minimal participation in professional development""},{""score"":3,""criteriaId"":""collaboration"",""selectedOption"":""Good collaboration and teamwork with staff""},{""score"":3,""criteriaId"":""punctuality_attendance"",""selectedOption"":""Good attendance and punctuality with rare absences""}],""timestamp"":""2025-09-08T10:19:10.652Z"",""totalScore"":25}]",0,2025-09-08 10:19:10.654+00
3db8c813-7913-402d-a416-f6c447d2dd9c,teacher,973e71ce-7c6d-4c54-b9a4-630d047a33d3,d715ae06-3ee6-4f07-a68d-b66c7d5c507c,1188,"[{""id"":""4535f59f-c4dc-4e76-965f-1c25cd06d8f2"",""maxScore"":40,""responses"":[{""score"":3,""criteriaId"":""lesson_planning"",""selectedOption"":""Well-structured lesson plan with clear objectives and activities""},{""score"":3,""criteriaId"":""subject_knowledge"",""selectedOption"":""Good subject knowledge with clear explanations""},{""score"":3,""criteriaId"":""teaching_methods"",""selectedOption"":""Uses multiple teaching strategies with some student engagement""},{""score"":3,""criteriaId"":""classroom_management"",""selectedOption"":""Good classroom management with clear rules and procedures""},{""score"":3,""criteriaId"":""student_interaction"",""selectedOption"":""Good communication with regular student interaction""},{""score"":3,""criteriaId"":""assessment_feedback"",""selectedOption"":""Regular assessment with constructive feedback""},{""score"":3,""criteriaId"":""technology_integration"",""selectedOption"":""Good integration of technology to enhance learning""},{""score"":3,""criteriaId"":""professional_development"",""selectedOption"":""Regular participation in professional development activities""},{""score"":3,""criteriaId"":""collaboration"",""selectedOption"":""Good collaboration and teamwork with staff""},{""score"":3,""criteriaId"":""punctuality_attendance"",""selectedOption"":""Good attendance and punctuality with rare absences""}],""timestamp"":""2025-07-15T06:06:05.884Z"",""totalScore"":30},{""id"":""c545121d-ecfb-4731-b87a-5d1f093ed619"",""maxScore"":40,""responses"":[{""score"":3,""criteriaId"":""lesson_planning"",""selectedOption"":""Well-structured lesson plan with clear objectives and activities""},{""score"":3,""criteriaId"":""subject_knowledge"",""selectedOption"":""Good subject knowledge with clear explanations""},{""score"":3,""criteriaId"":""teaching_methods"",""selectedOption"":""Uses multiple teaching strategies with some student engagement""},{""score"":3,""criteriaId"":""classroom_management"",""selectedOption"":""Good classroom management with clear rules and procedures""},{""score"":3,""criteriaId"":""student_interaction"",""selectedOption"":""Good communication with regular student interaction""},{""score"":3,""criteriaId"":""assessment_feedback"",""selectedOption"":""Regular assessment with constructive feedback""},{""score"":3,""criteriaId"":""technology_integration"",""selectedOption"":""Good integration of technology to enhance learning""},{""score"":3,""criteriaId"":""professional_development"",""selectedOption"":""Regular participation in professional development activities""},{""score"":3,""criteriaId"":""collaboration"",""selectedOption"":""Good collaboration and teamwork with staff""},{""score"":3,""criteriaId"":""punctuality_attendance"",""selectedOption"":""Good attendance and punctuality with rare absences""}],""timestamp"":""2025-07-15T06:06:48.973Z"",""totalScore"":30},{""id"":""4c2bdf9d-137c-44c0-8b2b-9a655c01de3a"",""maxScore"":40,""responses"":[{""score"":3,""criteriaId"":""lesson_planning"",""selectedOption"":""Well-structured lesson plan with clear objectives and activities""},{""score"":3,""criteriaId"":""subject_knowledge"",""selectedOption"":""Good subject knowledge with clear explanations""},{""score"":3,""criteriaId"":""teaching_methods"",""selectedOption"":""Uses multiple teaching strategies with some student engagement""},{""score"":3,""criteriaId"":""classroom_management"",""selectedOption"":""Good classroom management with clear rules and procedures""},{""score"":3,""criteriaId"":""student_interaction"",""selectedOption"":""Good communication with regular student interaction""},{""score"":3,""criteriaId"":""assessment_feedback"",""selectedOption"":""Regular assessment with constructive feedback""},{""score"":3,""criteriaId"":""technology_integration"",""selectedOption"":""Good integration of technology to enhance learning""},{""score"":3,""criteriaId"":""professional_development"",""selectedOption"":""Regular participation in professional development activities""},{""score"":3,""criteriaId"":""collaboration"",""selectedOption"":""Good collaboration and teamwork with staff""},{""score"":3,""criteriaId"":""punctuality_attendance"",""selectedOption"":""Good attendance and punctuality with rare absences""}],""timestamp"":""2025-07-15T06:12:49.923Z"",""totalScore"":30},{""id"":""5de040c8-6a3c-4106-85f2-c8777c06e6fc"",""maxScore"":40,""responses"":[{""score"":4,""criteriaId"":""lesson_planning"",""selectedOption"":""Comprehensive lesson plan with differentiated activities and assessment strategies""},{""score"":4,""criteriaId"":""subject_knowledge"",""selectedOption"":""Excellent subject mastery with engaging and accurate content delivery""},{""score"":4,""criteriaId"":""teaching_methods"",""selectedOption"":""Employs diverse, innovative teaching methods with high student engagement""},{""score"":1,""criteriaId"":""classroom_management"",""selectedOption"":""Poor classroom control with frequent disruptions""},{""score"":2,""criteriaId"":""student_interaction"",""selectedOption"":""Basic interaction with limited student engagement""},{""score"":2,""criteriaId"":""assessment_feedback"",""selectedOption"":""Basic assessment with limited feedback""},{""score"":4,""criteriaId"":""technology_integration"",""selectedOption"":""Innovative and effective use of technology to transform learning experiences""},{""score"":3,""criteriaId"":""professional_development"",""selectedOption"":""Regular participation in professional development activities""},{""score"":2,""criteriaId"":""collaboration"",""selectedOption"":""Limited collaboration with colleagues""},{""score"":2,""criteriaId"":""punctuality_attendance"",""selectedOption"":""Occasional absences or tardiness with some impact""}],""timestamp"":""2025-09-23T13:43:16.634Z"",""totalScore"":28},{""id"":""bb3ed7f6-2760-48d5-8fd0-5767bdabc028"",""maxScore"":40,""responses"":[{""score"":4,""criteriaId"":""lesson_planning"",""selectedOption"":""Comprehensive lesson plan with differentiated activities and assessment strategies""},{""score"":4,""criteriaId"":""subject_knowledge"",""selectedOption"":""Excellent subject mastery with engaging and accurate content delivery""},{""score"":4,""criteriaId"":""teaching_methods"",""selectedOption"":""Employs diverse, innovative teaching methods with high student engagement""},{""score"":1,""criteriaId"":""classroom_management"",""selectedOption"":""Poor classroom control with frequent disruptions""},{""score"":2,""criteriaId"":""student_interaction"",""selectedOption"":""Basic interaction with limited student engagement""},{""score"":2,""criteriaId"":""assessment_feedback"",""selectedOption"":""Basic assessment with limited feedback""},{""score"":4,""criteriaId"":""technology_integration"",""selectedOption"":""Innovative and effective use of technology to transform learning experiences""},{""score"":3,""criteriaId"":""professional_development"",""selectedOption"":""Regular participation in professional development activities""},{""score"":2,""criteriaId"":""collaboration"",""selectedOption"":""Limited collaboration with colleagues""},{""score"":2,""criteriaId"":""punctuality_attendance"",""selectedOption"":""Occasional absences or tardiness with some impact""}],""timestamp"":""2025-09-23T13:44:33.286Z"",""totalScore"":28},{""id"":""c1e0fe44-30d2-4ea3-9165-ae0b58bdcf80"",""maxScore"":40,""responses"":[{""score"":4,""criteriaId"":""lesson_planning"",""selectedOption"":""Comprehensive lesson plan with differentiated activities and assessment strategies""},{""score"":4,""criteriaId"":""subject_knowledge"",""selectedOption"":""Excellent subject mastery with engaging and accurate content delivery""},{""score"":4,""criteriaId"":""teaching_methods"",""selectedOption"":""Employs diverse, innovative teaching methods with high student engagement""},{""score"":1,""criteriaId"":""classroom_management"",""selectedOption"":""Poor classroom control with frequent disruptions""},{""score"":2,""criteriaId"":""student_interaction"",""selectedOption"":""Basic interaction with limited student engagement""},{""score"":2,""criteriaId"":""assessment_feedback"",""selectedOption"":""Basic assessment with limited feedback""},{""score"":4,""criteriaId"":""technology_integration"",""selectedOption"":""Innovative and effective use of technology to transform learning experiences""},{""score"":3,""criteriaId"":""professional_development"",""selectedOption"":""Regular participation in professional development activities""},{""score"":2,""criteriaId"":""collaboration"",""selectedOption"":""Limited collaboration with colleagues""},{""score"":2,""criteriaId"":""punctuality_attendance"",""selectedOption"":""Occasional absences or tardiness with some impact""}],""timestamp"":""2025-09-23T13:47:49.771Z"",""totalScore"":28},{""id"":""8dcf5d7f-eef2-4da8-adac-ce8997d61795"",""maxScore"":40,""responses"":[{""score"":2,""criteriaId"":""lesson_planning"",""selectedOption"":""Basic lesson plan exists but lacks detail and structure""},{""score"":3,""criteriaId"":""subject_knowledge"",""selectedOption"":""Good subject knowledge with clear explanations""},{""score"":2,""criteriaId"":""teaching_methods"",""selectedOption"":""Limited variety in teaching methods, mostly teacher-centered""},{""score"":2,""criteriaId"":""classroom_management"",""selectedOption"":""Basic classroom management with some behavioral issues""},{""score"":1,""criteriaId"":""student_interaction"",""selectedOption"":""Minimal interaction with students, poor communication""},{""score"":4,""criteriaId"":""assessment_feedback"",""selectedOption"":""Comprehensive assessment strategies with detailed, actionable feedback""},{""score"":2,""criteriaId"":""technology_integration"",""selectedOption"":""Basic use of technology with limited effectiveness""},{""score"":2,""criteriaId"":""professional_development"",""selectedOption"":""Minimal participation in professional development""},{""score"":3,""criteriaId"":""collaboration"",""selectedOption"":""Good collaboration and teamwork with staff""},{""score"":3,""criteriaId"":""punctuality_attendance"",""selectedOption"":""Good attendance and punctuality with rare absences""}],""timestamp"":""2025-09-23T13:48:14.547Z"",""totalScore"":24},{""id"":""b456c5e6-f8f9-44ac-b247-e64d512da597"",""maxScore"":40,""responses"":[{""score"":2,""criteriaId"":""lesson_planning"",""selectedOption"":""Basic lesson plan exists but lacks detail and structure""},{""score"":3,""criteriaId"":""subject_knowledge"",""selectedOption"":""Good subject knowledge with clear explanations""},{""score"":2,""criteriaId"":""teaching_methods"",""selectedOption"":""Limited variety in teaching methods, mostly teacher-centered""},{""score"":2,""criteriaId"":""classroom_management"",""selectedOption"":""Basic classroom management with some behavioral issues""},{""score"":1,""criteriaId"":""student_interaction"",""selectedOption"":""Minimal interaction with students, poor communication""},{""score"":4,""criteriaId"":""assessment_feedback"",""selectedOption"":""Comprehensive assessment strategies with detailed, actionable feedback""},{""score"":2,""criteriaId"":""technology_integration"",""selectedOption"":""Basic use of technology with limited effectiveness""},{""score"":2,""criteriaId"":""professional_development"",""selectedOption"":""Minimal participation in professional development""},{""score"":3,""criteriaId"":""collaboration"",""selectedOption"":""Good collaboration and teamwork with staff""},{""score"":3,""criteriaId"":""punctuality_attendance"",""selectedOption"":""Good attendance and punctuality with rare absences""}],""timestamp"":""2025-09-23T13:48:47.439Z"",""totalScore"":24}]",7,2025-07-15 06:06:05.885+00
3e8b94c5-e1f0-45cf-b6cd-bc96bfb46758,teacher,43fd10c7-76c1-43ef-bcf8-7bc3f57cd24d,1f8bffea-cb84-43bf-94e8-c7e9c8691579,7361,"[{""id"":""af2583c0-fa0e-4894-a8c4-c464dd7c78dd"",""maxScore"":36,""responses"":[{""score"":1,""comment"":""Teacher has taken up C4 training and again attended C9 training."",""criteriaId"":""lesson_planning"",""selectedOption"":""No evidence of lesson planning or preparation""},{""score"":1,""criteriaId"":""subject_knowledge"",""selectedOption"":""Limited subject knowledge with frequent errors""},{""score"":1,""criteriaId"":""teaching_methods"",""selectedOption"":""Uses only traditional lecture methods with no variety""},{""score"":3,""criteriaId"":""classroom_management"",""selectedOption"":""Good classroom management with clear rules and procedures""},{""score"":1,""comment"":""There was less interaction with children"",""criteriaId"":""student_interaction"",""selectedOption"":""Minimal interaction with students, poor communication""},{""score"":1,""comment"":""They are not providing the assessment feed back"",""criteriaId"":""assessment_feedback"",""selectedOption"":""No formal assessment or feedback provided""},{""score"":0,""comment"":""No use of technology."",""criteriaId"":""technology_integration"",""selectedOption"":""Not Applicable""},{""score"":1,""criteriaId"":""professional_development"",""selectedOption"":""No evidence of professional development activities""},{""score"":2,""comment"":""As she is a new teacher, she has to work hard."",""criteriaId"":""collaboration"",""selectedOption"":""Limited collaboration with colleagues""},{""score"":3,""criteriaId"":""punctuality_attendance"",""selectedOption"":""Good attendance and punctuality with rare absences""}],""timestamp"":""2025-09-08T07:09:46.765Z"",""totalScore"":14},{""id"":""ca35b507-00ca-4ffb-8c55-01237fff5093"",""isDraft"":true,""maxScore"":36,""responses"":[{""score"":1,""comment"":""Teacher has taken up C4 training and again attended C9 training."",""criteriaId"":""lesson_planning"",""selectedOption"":""No evidence of lesson planning or preparation""},{""score"":1,""criteriaId"":""subject_knowledge"",""selectedOption"":""Limited subject knowledge with frequent errors""},{""score"":1,""criteriaId"":""teaching_methods"",""selectedOption"":""Uses only traditional lecture methods with no variety""},{""score"":3,""criteriaId"":""classroom_management"",""selectedOption"":""Good classroom management with clear rules and procedures""},{""score"":1,""comment"":""There was less interaction with children"",""criteriaId"":""student_interaction"",""selectedOption"":""Minimal interaction with students, poor communication""},{""score"":1,""comment"":""They are not providing the assessment feed back"",""criteriaId"":""assessment_feedback"",""selectedOption"":""No formal assessment or feedback provided""},{""score"":0,""comment"":""No use of technology."",""criteriaId"":""technology_integration"",""selectedOption"":""Not Applicable""},{""score"":1,""criteriaId"":""professional_development"",""selectedOption"":""No evidence of professional development activities""},{""score"":2,""comment"":""As she is a new teacher, she has to work hard."",""criteriaId"":""collaboration"",""selectedOption"":""Limited collaboration with colleagues""},{""score"":3,""criteriaId"":""punctuality_attendance"",""selectedOption"":""Good attendance and punctuality with rare absences""}],""timestamp"":""2025-09-09T04:56:35.575Z"",""totalScore"":14},{""id"":""0f87f344-7d90-4150-a059-33820558d3a2"",""maxScore"":36,""responses"":[{""score"":1,""comment"":""Teacher has taken up C4 training and again attended C9 training."",""criteriaId"":""lesson_planning"",""selectedOption"":""No evidence of lesson planning or preparation""},{""score"":1,""criteriaId"":""subject_knowledge"",""selectedOption"":""Limited subject knowledge with frequent errors""},{""score"":1,""criteriaId"":""teaching_methods"",""selectedOption"":""Uses only traditional lecture methods with no variety""},{""score"":3,""criteriaId"":""classroom_management"",""selectedOption"":""Good classroom management with clear rules and procedures""},{""score"":1,""comment"":""There was less interaction with children"",""criteriaId"":""student_interaction"",""selectedOption"":""Minimal interaction with students, poor communication""},{""score"":1,""comment"":""They are not providing the assessment feed back"",""criteriaId"":""assessment_feedback"",""selectedOption"":""No formal assessment or feedback provided""},{""score"":0,""comment"":""No use of technology."",""criteriaId"":""technology_integration"",""selectedOption"":""Not Applicable""},{""score"":1,""criteriaId"":""professional_development"",""selectedOption"":""No evidence of professional development activities""},{""score"":2,""comment"":""As she is a new teacher, she has to work hard."",""criteriaId"":""collaboration"",""selectedOption"":""Limited collaboration with colleagues""},{""score"":3,""criteriaId"":""punctuality_attendance"",""selectedOption"":""Good attendance and punctuality with rare absences""}],""timestamp"":""2025-09-09T04:56:56.751Z"",""totalScore"":14},{""id"":""22f56c7e-dc54-4e66-b09a-ce12abbd60f4"",""maxScore"":36,""responses"":[{""score"":1,""comment"":""Teacher has taken up C4 training and again attended C9 training."",""criteriaId"":""lesson_planning"",""selectedOption"":""No evidence of lesson planning or preparation""},{""score"":1,""criteriaId"":""subject_knowledge"",""selectedOption"":""Limited subject knowledge with frequent errors""},{""score"":1,""criteriaId"":""teaching_methods"",""selectedOption"":""Uses only traditional lecture methods with no variety""},{""score"":3,""criteriaId"":""classroom_management"",""selectedOption"":""Good classroom management with clear rules and procedures""},{""score"":1,""comment"":""There was less interaction with children"",""criteriaId"":""student_interaction"",""selectedOption"":""Minimal interaction with students, poor communication""},{""score"":1,""comment"":""They are not providing the assessment feed back"",""criteriaId"":""assessment_feedback"",""selectedOption"":""No formal assessment or feedback provided""},{""score"":0,""comment"":""No use of technology."",""criteriaId"":""technology_integration"",""selectedOption"":""Not Applicable""},{""score"":1,""criteriaId"":""professional_development"",""selectedOption"":""No evidence of professional development activities""},{""score"":2,""comment"":""As she is a new teacher, she has to work hard."",""criteriaId"":""collaboration"",""selectedOption"":""Limited collaboration with colleagues""},{""score"":3,""criteriaId"":""punctuality_attendance"",""selectedOption"":""Good attendance and punctuality with rare absences""}],""timestamp"":""2025-09-09T04:58:33.670Z"",""totalScore"":14}]",3,2025-09-08 07:09:46.765+00
40e846be-f3ec-4016-99cc-59b9bf4b5b29,teacher,9278344b-a837-4b9c-83bf-3c06313b87f6,14df98a8-be20-44c9-901e-236a12f3156b,1710,"[{""id"":""ef9955e3-d793-4c1d-8cb7-ce6afc85b7f0"",""maxScore"":40,""responses"":[{""score"":3,""comment"":""alhamdulillah."",""criteriaId"":""lesson_planning"",""selectedOption"":""Well-structured lesson plan with clear objectives and activities""},{""score"":3,""criteriaId"":""subject_knowledge"",""selectedOption"":""Good subject knowledge with clear explanations""},{""score"":3,""criteriaId"":""teaching_methods"",""selectedOption"":""Uses multiple teaching strategies with some student engagement""},{""score"":4,""criteriaId"":""classroom_management"",""selectedOption"":""Excellent classroom environment that promotes learning and respect""},{""score"":3,""criteriaId"":""student_interaction"",""selectedOption"":""Good communication with regular student interaction""},{""score"":2,""criteriaId"":""assessment_feedback"",""selectedOption"":""Basic assessment with limited feedback""},{""score"":3,""comment"":""projector is used."",""criteriaId"":""technology_integration"",""selectedOption"":""Good integration of technology to enhance learning""},{""score"":3,""criteriaId"":""professional_development"",""selectedOption"":""Regular participation in professional development activities""},{""score"":4,""criteriaId"":""collaboration"",""selectedOption"":""Excellent collaborative skills, actively contributes to school community""},{""score"":4,""criteriaId"":""punctuality_attendance"",""selectedOption"":""Excellent attendance and punctuality, highly reliable""}],""timestamp"":""2025-09-18T08:01:50.797Z"",""totalScore"":32}]",0,2025-09-18 08:01:50.797+00
4190c444-faed-443d-90e1-a2f419dc636a,mentor,d1450792-a948-420f-9bce-3e3372023e5c,1ca1c2ae-a9bb-4c67-ad8e-b8c87bc7d70b,7681,"[{""id"":""49b85f43-439b-4d29-a1a0-8d4f75ea1c7b"",""maxScore"":40,""responses"":[{""score"":3,""criteriaId"":""mentoring_skills"",""selectedOption"":""Good mentoring skills with positive influence on mentees""},{""score"":2,""criteriaId"":""student_support"",""selectedOption"":""Basic support with limited follow-up""},{""score"":2,""criteriaId"":""program_coordination"",""selectedOption"":""Basic coordination with some organizational challenges""},{""score"":3,""criteriaId"":""communication_skills"",""selectedOption"":""Good communication skills with positive relationships""},{""score"":3,""criteriaId"":""problem_solving"",""selectedOption"":""Good problem-solving skills with effective resolutions""},{""score"":3,""criteriaId"":""professional_knowledge"",""selectedOption"":""Good knowledge with competent application""},{""score"":3,""criteriaId"":""initiative_leadership"",""selectedOption"":""Good initiative with emerging leadership qualities""},{""score"":2,""comment"":""as no Mentor is appointed yet Sajina maam will do the follow ups for the time being.\n"",""criteriaId"":""record_keeping"",""selectedOption"":""Basic record keeping with some gaps""},{""score"":3,""criteriaId"":""parent_community_engagement"",""selectedOption"":""Good engagement with positive community relationships""},{""score"":3,""criteriaId"":""reliability_commitment"",""selectedOption"":""Good reliability with consistent performance""}],""timestamp"":""2025-09-30T06:31:27.107Z"",""totalScore"":27}]",0,2025-09-30 06:31:27.108+00
4336d5d8-e8ce-403c-bf75-fb8aacfb5557,teacher,77f7e253-75c4-4813-a723-074bde47e43b,b54ce43a-6ce8-44d2-8e3b-619a6e4b1c1a,2784,"[{""id"":""bd5ea98b-d74b-40b7-b8ac-d76655bdd5e7"",""maxScore"":36,""responses"":[{""score"":2,""criteriaId"":""lesson_planning"",""selectedOption"":""Basic lesson plan exists but lacks detail and structure""},{""score"":2,""criteriaId"":""subject_knowledge"",""selectedOption"":""Basic subject knowledge with occasional inaccuracies""},{""score"":2,""criteriaId"":""teaching_methods"",""selectedOption"":""Limited variety in teaching methods, mostly teacher-centered""},{""score"":2,""criteriaId"":""classroom_management"",""selectedOption"":""Basic classroom management with some behavioral issues""},{""score"":2,""criteriaId"":""student_interaction"",""selectedOption"":""Basic interaction with limited student engagement""},{""score"":0,""criteriaId"":""assessment_feedback"",""selectedOption"":""Not Applicable""},{""score"":3,""criteriaId"":""technology_integration"",""selectedOption"":""Good integration of technology to enhance learning""},{""score"":2,""criteriaId"":""professional_development"",""selectedOption"":""Minimal participation in professional development""},{""score"":3,""criteriaId"":""collaboration"",""selectedOption"":""Good collaboration and teamwork with staff""},{""score"":1,""criteriaId"":""punctuality_attendance"",""selectedOption"":""Frequent absences and tardiness affecting teaching quality""}],""timestamp"":""2025-11-13T06:42:24.259Z"",""totalScore"":19}]",0,2025-11-13 06:42:24.26+00
44c5739a-82c6-4906-815b-33918e03199f,teacher,a8607bdf-5668-4f30-8061-11bdf5cfada8,5efd2fdf-5d63-407b-9103-8aeb8f090ba9,1864,"[{""id"":""60bff6e2-b4f2-40b8-9988-cf59d36cd07a"",""maxScore"":40,""responses"":[{""score"":2,""comment"":""Teacher do their lesson plannings after the school hours."",""criteriaId"":""lesson_planning"",""selectedOption"":""Basic lesson plan exists but lacks detail and structure""},{""score"":1,""comment"":""she was making by heart  the spelling of the words example spelling of DOCTOR instead of blending the letters."",""criteriaId"":""subject_knowledge"",""selectedOption"":""Limited subject knowledge with frequent errors""},{""score"":1,""comment"":""No teaching methods were used,\nResources were not used effectively\n"",""criteriaId"":""teaching_methods"",""selectedOption"":""Uses only traditional lecture methods with no variety""},{""score"":2,""comment"":""Classroom was ventilated and spacious.\nDisplays were not according to curriculum."",""criteriaId"":""classroom_management"",""selectedOption"":""Basic classroom management with some behavioral issues""},{""score"":3,""comment"":""Basic questioning was done to interact with students."",""criteriaId"":""student_interaction"",""selectedOption"":""Good communication with regular student interaction""},{""score"":2,""comment"":""Monthly assessment is done and they have the parents feedback too."",""criteriaId"":""assessment_feedback"",""selectedOption"":""Basic assessment with limited feedback""},{""score"":2,""comment"":""Smart TVs were used for rhymes."",""criteriaId"":""technology_integration"",""selectedOption"":""Basic use of technology with limited effectiveness""},{""score"":1,""comment"":""No evidence of professional development activities."",""criteriaId"":""professional_development"",""selectedOption"":""No evidence of professional development activities""},{""score"":3,""criteriaId"":""collaboration"",""selectedOption"":""Good collaboration and teamwork with staff""},{""score"":3,""comment"":""Teacher is punctual to school, she take leaves only on emergencies."",""criteriaId"":""punctuality_attendance"",""selectedOption"":""Good attendance and punctuality with rare absences""}],""timestamp"":""2025-10-16T06:21:30.347Z"",""totalScore"":20}]",0,2025-10-16 06:21:30.347+00
4793b0a6-cd76-40f0-a9fc-ceae8805720d,teacher,8d2b7c0a-2129-4898-b3a9-1bb8e8fffc96,a62638b1-d73d-4331-b89d-1b478bbd6d1b,4614,"[{""id"":""71d4862a-4544-4ef8-84d4-c9b601d8fc5a"",""isDraft"":true,""maxScore"":36,""responses"":[{""score"":3,""criteriaId"":""lesson_planning"",""selectedOption"":""Well-structured lesson plan with clear objectives and activities""},{""score"":2,""criteriaId"":""subject_knowledge"",""selectedOption"":""Basic subject knowledge with occasional inaccuracies""},{""score"":2,""criteriaId"":""teaching_methods"",""selectedOption"":""Limited variety in teaching methods, mostly teacher-centered""},{""score"":3,""criteriaId"":""classroom_management"",""selectedOption"":""Good classroom management with clear rules and procedures""},{""score"":3,""criteriaId"":""student_interaction"",""selectedOption"":""Good communication with regular student interaction""},{""score"":3,""criteriaId"":""assessment_feedback"",""selectedOption"":""Regular assessment with constructive feedback""},{""score"":0,""comment"":""Didn't observed during the Audit"",""criteriaId"":""technology_integration"",""selectedOption"":""""},{""score"":3,""criteriaId"":""professional_development"",""selectedOption"":""Regular participation in professional development activities""},{""score"":3,""criteriaId"":""collaboration"",""selectedOption"":""Good collaboration and teamwork with staff""},{""score"":3,""criteriaId"":""punctuality_attendance"",""selectedOption"":""Good attendance and punctuality with rare absences""}],""timestamp"":""2025-09-09T09:58:49.540Z"",""totalScore"":25},{""id"":""cec223fa-7b87-4ecc-ba12-1e6ef1a050a4"",""maxScore"":36,""responses"":[{""score"":3,""criteriaId"":""lesson_planning"",""selectedOption"":""Well-structured lesson plan with clear objectives and activities""},{""score"":2,""criteriaId"":""subject_knowledge"",""selectedOption"":""Basic subject knowledge with occasional inaccuracies""},{""score"":2,""criteriaId"":""teaching_methods"",""selectedOption"":""Limited variety in teaching methods, mostly teacher-centered""},{""score"":3,""criteriaId"":""classroom_management"",""selectedOption"":""Good classroom management with clear rules and procedures""},{""score"":3,""criteriaId"":""student_interaction"",""selectedOption"":""Good communication with regular student interaction""},{""score"":3,""criteriaId"":""assessment_feedback"",""selectedOption"":""Regular assessment with constructive feedback""},{""score"":0,""comment"":""Didn't observed during the Audit"",""criteriaId"":""technology_integration"",""selectedOption"":""Not Applicable""},{""score"":3,""criteriaId"":""professional_development"",""selectedOption"":""Regular participation in professional development activities""},{""score"":3,""criteriaId"":""collaboration"",""selectedOption"":""Good collaboration and teamwork with staff""},{""score"":3,""criteriaId"":""punctuality_attendance"",""selectedOption"":""Good attendance and punctuality with rare absences""}],""timestamp"":""2025-09-09T10:01:12.579Z"",""totalScore"":25}]",1,2025-09-09 09:58:49.54+00
486f45f7-5c0e-4cdc-99fa-7f970c1caff7,teacher,eb9a32f3-12b1-4205-8d0c-8247f4154025,e8e5a6cc-44a9-4573-a3bd-0123b4f770c7,6959,"[{""id"":""d114f018-6607-4591-aadf-12eae1b556b5"",""maxScore"":40,""responses"":[{""score"":2,""criteriaId"":""lesson_planning"",""selectedOption"":""Basic lesson plan exists but lacks detail and structure""},{""score"":2,""criteriaId"":""subject_knowledge"",""selectedOption"":""Basic subject knowledge with occasional inaccuracies""},{""score"":3,""criteriaId"":""teaching_methods"",""selectedOption"":""Uses multiple teaching strategies with some student engagement""},{""score"":3,""criteriaId"":""classroom_management"",""selectedOption"":""Good classroom management with clear rules and procedures""},{""score"":3,""criteriaId"":""student_interaction"",""selectedOption"":""Good communication with regular student interaction""},{""score"":3,""criteriaId"":""assessment_feedback"",""selectedOption"":""Regular assessment with constructive feedback""},{""score"":3,""criteriaId"":""technology_integration"",""selectedOption"":""Good integration of technology to enhance learning""},{""score"":3,""criteriaId"":""professional_development"",""selectedOption"":""Regular participation in professional development activities""},{""score"":3,""criteriaId"":""collaboration"",""selectedOption"":""Good collaboration and teamwork with staff""},{""score"":3,""criteriaId"":""punctuality_attendance"",""selectedOption"":""Good attendance and punctuality with rare absences""}],""timestamp"":""2025-09-30T14:30:27.777Z"",""totalScore"":28}]",0,2025-09-30 14:30:27.777+00
4980972e-2e79-44d8-b87a-bb0a5d81463f,teacher,823f10d6-7ed8-4b9b-b351-a7b9a71e1856,ef25a4fb-1184-4a09-83a6-d4c5f838ff00,4849,"[{""id"":""3d99c26d-6d29-4945-ac8c-02eaaefd2888"",""maxScore"":40,""responses"":[{""score"":1,""comment"":""Teacher is unable to understand the plans."",""criteriaId"":""lesson_planning"",""selectedOption"":""No evidence of lesson planning or preparation""},{""score"":1,""criteriaId"":""subject_knowledge"",""selectedOption"":""Limited subject knowledge with frequent errors""},{""score"":1,""comment"":""No teaching strategies were used "",""criteriaId"":""teaching_methods"",""selectedOption"":""Uses only traditional lecture methods with no variety""},{""score"":2,""criteriaId"":""classroom_management"",""selectedOption"":""Basic classroom management with some behavioral issues""},{""score"":1,""comment"":""Children were distracted. There was no interaction between the teacher and the student."",""criteriaId"":""student_interaction"",""selectedOption"":""Minimal interaction with students, poor communication""},{""score"":2,""criteriaId"":""assessment_feedback"",""selectedOption"":""Basic assessment with limited feedback""},{""score"":1,""criteriaId"":""technology_integration"",""selectedOption"":""No use of technology in teaching""},{""score"":1,""criteriaId"":""professional_development"",""selectedOption"":""No evidence of professional development activities""},{""score"":2,""criteriaId"":""collaboration"",""selectedOption"":""Limited collaboration with colleagues""},{""score"":3,""criteriaId"":""punctuality_attendance"",""selectedOption"":""Good attendance and punctuality with rare absences""}],""timestamp"":""2025-09-02T07:34:08.980Z"",""totalScore"":15}]",0,2025-09-02 07:34:08.98+00
49f3f884-d262-428b-89a8-a7ce8f828b14,mentor,af4d2755-c9bc-4439-aa2c-b446c13c9048,425be924-f5e6-47ba-892e-d1961605bca5,1427,"[{""id"":""e8734366-6b2b-478d-9d58-217132332104"",""maxScore"":40,""responses"":[{""score"":3,""comment"":""Demonstrates strong mentoring skills and positively influences mentees."",""criteriaId"":""mentoring_skills"",""selectedOption"":""Good mentoring skills with positive influence on mentees""},{""score"":2,""comment"":""Offers basic support; however, follow-up is limited due to his responsibility of managing all three branches."",""criteriaId"":""student_support"",""selectedOption"":""Basic support with limited follow-up""},{""score"":3,""comment"":""Maintains good coordination, resulting in well-organized and successfully managed programs."",""criteriaId"":""program_coordination"",""selectedOption"":""Good coordination with well-managed programs""},{""score"":3,""comment"":""Communicates effectively and sustains strong, positive relationships within the team."",""criteriaId"":""communication_skills"",""selectedOption"":""Good communication skills with positive relationships""},{""score"":3,""comment"":""Demonstrates good problem-solving skills and provides effective resolutions."",""criteriaId"":""problem_solving"",""selectedOption"":""Good problem-solving skills with effective resolutions""},{""score"":2,""comment"":""Displays good knowledge with competent application in classroom practices."",""criteriaId"":""professional_knowledge"",""selectedOption"":""Basic knowledge with some gaps""},{""score"":3,""comment"":""Shows good initiative and displays emerging leadership qualities."",""criteriaId"":""initiative_leadership"",""selectedOption"":""Good initiative with emerging leadership qualities""},{""score"":3,""comment"":""Maintains good record keeping with well-organized documentation."",""criteriaId"":""record_keeping"",""selectedOption"":""Good record keeping with organized documentation""},{""score"":3,""comment"":""Demonstrates good engagement and maintains positive relationships within the school community."",""criteriaId"":""parent_community_engagement"",""selectedOption"":""Good engagement with positive community relationships""},{""score"":3,""comment"":""Demonstrates good reliability with consistent performance in assigned responsibilities."",""criteriaId"":""reliability_commitment"",""selectedOption"":""Good reliability with consistent performance""}],""timestamp"":""2025-10-31T09:38:48.514Z"",""totalScore"":28}]",0,2025-10-31 09:38:48.515+00
4a188c95-79b9-41f3-8339-0feaf60e835b,teacher,78d074e4-edba-4b37-b6c2-e2ebd11ef891,b54ce43a-6ce8-44d2-8e3b-619a6e4b1c1a,4853,"[{""id"":""7eb16440-83e6-4d1d-98e9-c58df86c7467"",""maxScore"":40,""responses"":[{""score"":3,""criteriaId"":""lesson_planning"",""selectedOption"":""Well-structured lesson plan with clear objectives and activities""},{""score"":3,""criteriaId"":""subject_knowledge"",""selectedOption"":""Good subject knowledge with clear explanations""},{""score"":2,""criteriaId"":""teaching_methods"",""selectedOption"":""Limited variety in teaching methods, mostly teacher-centered""},{""score"":3,""criteriaId"":""classroom_management"",""selectedOption"":""Good classroom management with clear rules and procedures""},{""score"":3,""criteriaId"":""student_interaction"",""selectedOption"":""Good communication with regular student interaction""},{""score"":3,""criteriaId"":""assessment_feedback"",""selectedOption"":""Regular assessment with constructive feedback""},{""score"":3,""criteriaId"":""technology_integration"",""selectedOption"":""Good integration of technology to enhance learning""},{""score"":2,""criteriaId"":""professional_development"",""selectedOption"":""Minimal participation in professional development""},{""score"":3,""criteriaId"":""collaboration"",""selectedOption"":""Good collaboration and teamwork with staff""},{""score"":2,""criteriaId"":""punctuality_attendance"",""selectedOption"":""Occasional absences or tardiness with some impact""}],""timestamp"":""2025-11-13T06:44:27.426Z"",""totalScore"":27}]",0,2025-11-13 06:44:27.426+00
4cffc331-c40c-42d6-a465-bad3d230193f,mentor,ea7980bd-f887-440e-8897-8429e2f8edeb,f4da3593-2e2c-47ef-b0d6-50d2d76c4229,7666,"[{""id"":""e6492c81-0558-403b-bbf8-50c742920eaf"",""maxScore"":40,""responses"":[{""score"":3,""criteriaId"":""mentoring_skills"",""selectedOption"":""Good mentoring skills with positive influence on mentees""},{""score"":2,""criteriaId"":""student_support"",""selectedOption"":""Basic support with limited follow-up""},{""score"":3,""criteriaId"":""program_coordination"",""selectedOption"":""Good coordination with well-managed programs""},{""score"":3,""criteriaId"":""communication_skills"",""selectedOption"":""Good communication skills with positive relationships""},{""score"":3,""criteriaId"":""problem_solving"",""selectedOption"":""Good problem-solving skills with effective resolutions""},{""score"":3,""criteriaId"":""professional_knowledge"",""selectedOption"":""Good knowledge with competent application""},{""score"":3,""criteriaId"":""initiative_leadership"",""selectedOption"":""Good initiative with emerging leadership qualities""},{""score"":3,""criteriaId"":""record_keeping"",""selectedOption"":""Good record keeping with organized documentation""},{""score"":3,""criteriaId"":""parent_community_engagement"",""selectedOption"":""Good engagement with positive community relationships""},{""score"":3,""criteriaId"":""reliability_commitment"",""selectedOption"":""Good reliability with consistent performance""}],""timestamp"":""2025-11-08T08:31:07.129Z"",""totalScore"":29}]",0,2025-11-08 08:31:07.129+00
4dcdec35-61d1-4437-871b-91dd332fa953,teacher,29c3fb6d-9853-46bc-a516-ce3ea183b5b4,a0a55727-62c1-4ec1-9b64-41f8af4f37ec,2920,"[{""id"":""d1cd350e-9d9a-4883-8e71-32559fab670c"",""maxScore"":40,""responses"":[{""score"":3,""criteriaId"":""lesson_planning"",""selectedOption"":""Well-structured lesson plan with clear objectives and activities""},{""score"":2,""criteriaId"":""subject_knowledge"",""selectedOption"":""Basic subject knowledge with occasional inaccuracies""},{""score"":2,""criteriaId"":""teaching_methods"",""selectedOption"":""Limited variety in teaching methods, mostly teacher-centered""},{""score"":2,""criteriaId"":""classroom_management"",""selectedOption"":""Basic classroom management with some behavioral issues""},{""score"":2,""criteriaId"":""student_interaction"",""selectedOption"":""Basic interaction with limited student engagement""},{""score"":2,""criteriaId"":""assessment_feedback"",""selectedOption"":""Basic assessment with limited feedback""},{""score"":3,""criteriaId"":""technology_integration"",""selectedOption"":""Good integration of technology to enhance learning""},{""score"":3,""criteriaId"":""professional_development"",""selectedOption"":""Regular participation in professional development activities""},{""score"":3,""criteriaId"":""collaboration"",""selectedOption"":""Good collaboration and teamwork with staff""},{""score"":3,""criteriaId"":""punctuality_attendance"",""selectedOption"":""Good attendance and punctuality with rare absences""}],""timestamp"":""2025-09-18T05:45:36.401Z"",""totalScore"":25},{""id"":""7495d059-f3f1-46d1-ae28-31444a82521d"",""maxScore"":40,""responses"":[{""score"":2,""comment"":""Teacher appeared partially unprepared for the session. Flashcards were available, but the sequence and planning of actions and instructions were not clearly organized."",""criteriaId"":""lesson_planning"",""selectedOption"":""Basic lesson plan exists but lacks detail and structure""},{""score"":2,""comment"":""The teacher showed understanding of the topic but included some EVS-based sentences instead of vocabulary-focused ones, showing limited clarity on lesson objectives."",""criteriaId"":""subject_knowledge"",""selectedOption"":""Basic subject knowledge with occasional inaccuracies""},{""score"":2,""comment"":""The procedure was fully followed but the introduction lacked action, and instructions were missing, reducing the activity’s effectiveness and engagement."",""criteriaId"":""teaching_methods"",""selectedOption"":""Limited variety in teaching methods, mostly teacher-centered""},{""score"":2,""comment"":""Some students were distracted. The teacher needs to ensure students’ focus and maintain classroom discipline during activities."",""criteriaId"":""classroom_management"",""selectedOption"":""Basic classroom management with some behavioral issues""},{""score"":3,""comment"":""The teacher interacted with students, but unclear instructions limited their active participation. More clarity and enthusiasm could improve engagement."",""criteriaId"":""student_interaction"",""selectedOption"":""Good communication with regular student interaction""},{""score"":2,""comment"":""Recap or review of understanding was limited. Adding a short check enhance the session’s outcome."",""criteriaId"":""assessment_feedback"",""selectedOption"":""Basic assessment with limited feedback""},{""score"":3,""criteriaId"":""technology_integration"",""selectedOption"":""Good integration of technology to enhance learning""},{""score"":3,""comment"":""Shows effort to follow vocabulary-building procedures. With more guidance and training on lesson preparation, improvement is expected."",""criteriaId"":""professional_development"",""selectedOption"":""Regular participation in professional development activities""},{""score"":3,""comment"":""Displays a cooperative attitude. Working with peers can help refine the vocabulary-building process and ensure consistency."",""criteriaId"":""collaboration"",""selectedOption"":""Good collaboration and teamwork with staff""},{""score"":3,""criteriaId"":""punctuality_attendance"",""selectedOption"":""Good attendance and punctuality with rare absences""}],""timestamp"":""2025-10-27T06:43:14.535Z"",""totalScore"":25}]",1,2025-09-18 05:45:36.401+00
4de2573d-b3d5-480b-bca5-fc6aa3e270e9,mentor,76b53bb2-8bbf-4a14-add2-6c6f10407e73,8e4b3b36-fa8f-4fee-8493-7469c2d72e5a,6144,"[{""id"":""a903ca39-9879-4457-9d6a-42b56f8f2a5f"",""maxScore"":40,""responses"":[{""score"":3,""criteriaId"":""mentoring_skills"",""selectedOption"":""Good mentoring skills with positive influence on mentees""},{""score"":3,""criteriaId"":""student_support"",""selectedOption"":""Good support system with regular check-ins""},{""score"":3,""criteriaId"":""program_coordination"",""selectedOption"":""Good coordination with well-managed programs""},{""score"":3,""criteriaId"":""communication_skills"",""selectedOption"":""Good communication skills with positive relationships""},{""score"":3,""criteriaId"":""problem_solving"",""selectedOption"":""Good problem-solving skills with effective resolutions""},{""score"":3,""criteriaId"":""professional_knowledge"",""selectedOption"":""Good knowledge with competent application""},{""score"":3,""criteriaId"":""initiative_leadership"",""selectedOption"":""Good initiative with emerging leadership qualities""},{""score"":3,""criteriaId"":""record_keeping"",""selectedOption"":""Good record keeping with organized documentation""},{""score"":3,""criteriaId"":""parent_community_engagement"",""selectedOption"":""Good engagement with positive community relationships""},{""score"":3,""criteriaId"":""reliability_commitment"",""selectedOption"":""Good reliability with consistent performance""}],""timestamp"":""2025-11-10T12:51:49.098Z"",""totalScore"":30}]",0,2025-11-10 12:51:49.099+00
4fa08cb7-5105-4ae3-81aa-5f8ff8a0d677,mentor,78b01989-e36f-4871-8cfb-3ecf794cd4da,1de9aa42-d490-4c95-8b6e-ba759a2eab33,2711,"[{""id"":""4bfbd09d-2a6a-447a-9396-0f9db638ad34"",""maxScore"":40,""responses"":[{""score"":3,""criteriaId"":""mentoring_skills"",""selectedOption"":""Good mentoring skills with positive influence on mentees""},{""score"":3,""criteriaId"":""student_support"",""selectedOption"":""Good support system with regular check-ins""},{""score"":2,""criteriaId"":""program_coordination"",""selectedOption"":""Basic coordination with some organizational challenges""},{""score"":3,""criteriaId"":""communication_skills"",""selectedOption"":""Good communication skills with positive relationships""},{""score"":3,""criteriaId"":""problem_solving"",""selectedOption"":""Good problem-solving skills with effective resolutions""},{""score"":3,""criteriaId"":""professional_knowledge"",""selectedOption"":""Good knowledge with competent application""},{""score"":3,""criteriaId"":""initiative_leadership"",""selectedOption"":""Good initiative with emerging leadership qualities""},{""score"":3,""criteriaId"":""record_keeping"",""selectedOption"":""Good record keeping with organized documentation""},{""score"":3,""criteriaId"":""parent_community_engagement"",""selectedOption"":""Good engagement with positive community relationships""},{""score"":3,""criteriaId"":""reliability_commitment"",""selectedOption"":""Good reliability with consistent performance""}],""timestamp"":""2025-09-08T11:27:44.699Z"",""totalScore"":29}]",0,2025-09-08 11:27:44.699+00
5248d1d7-799c-4f09-88d0-d38f7bfea79b,teacher,a0b99dd5-96b6-4c90-ba9a-adc4273af3f8,b1e31d99-6c77-4cd8-aabb-96c5223c819a,5400,"[{""id"":""1a71ba00-d417-4785-92dd-13b8a2932e23"",""maxScore"":36,""responses"":[{""score"":3,""criteriaId"":""lesson_planning"",""selectedOption"":""Well-structured lesson plan with clear objectives and activities""},{""score"":4,""criteriaId"":""subject_knowledge"",""selectedOption"":""Excellent subject mastery with engaging and accurate content delivery""},{""score"":3,""criteriaId"":""teaching_methods"",""selectedOption"":""Uses multiple teaching strategies with some student engagement""},{""score"":4,""criteriaId"":""classroom_management"",""selectedOption"":""Excellent classroom environment that promotes learning and respect""},{""score"":4,""criteriaId"":""student_interaction"",""selectedOption"":""Excellent rapport with students, encouraging and supportive communication""},{""score"":3,""criteriaId"":""assessment_feedback"",""selectedOption"":""Regular assessment with constructive feedback""},{""score"":0,""criteriaId"":""technology_integration"",""selectedOption"":""Not Applicable""},{""score"":4,""criteriaId"":""professional_development"",""selectedOption"":""Active pursuit of professional growth with evidence of implementation""},{""score"":3,""criteriaId"":""collaboration"",""selectedOption"":""Good collaboration and teamwork with staff""},{""score"":3,""criteriaId"":""punctuality_attendance"",""selectedOption"":""Good attendance and punctuality with rare absences""}],""timestamp"":""2025-10-28T08:30:21.657Z"",""totalScore"":31}]",0,2025-10-28 08:30:21.657+00
53bf0d6f-eafa-4316-bcd7-53e0585432b2,teacher,2dcf1e6d-2fdb-478e-afb2-42aae1932465,463a626e-cd2e-45d0-98d3-0f5db9755375,1587,"[{""id"":""156fd77b-1824-4d4e-a099-d1d91c1f1e1a"",""maxScore"":40,""responses"":[{""score"":3,""criteriaId"":""lesson_planning"",""selectedOption"":""Well-structured lesson plan with clear objectives and activities""},{""score"":3,""criteriaId"":""subject_knowledge"",""selectedOption"":""Good subject knowledge with clear explanations""},{""score"":3,""criteriaId"":""teaching_methods"",""selectedOption"":""Uses multiple teaching strategies with some student engagement""},{""score"":2,""criteriaId"":""classroom_management"",""selectedOption"":""Basic classroom management with some behavioral issues""},{""score"":3,""criteriaId"":""student_interaction"",""selectedOption"":""Good communication with regular student interaction""},{""score"":3,""criteriaId"":""assessment_feedback"",""selectedOption"":""Regular assessment with constructive feedback""},{""score"":3,""criteriaId"":""technology_integration"",""selectedOption"":""Good integration of technology to enhance learning""},{""score"":3,""criteriaId"":""professional_development"",""selectedOption"":""Regular participation in professional development activities""},{""score"":3,""criteriaId"":""collaboration"",""selectedOption"":""Good collaboration and teamwork with staff""},{""score"":3,""criteriaId"":""punctuality_attendance"",""selectedOption"":""Good attendance and punctuality with rare absences""}],""timestamp"":""2025-09-18T06:08:46.778Z"",""totalScore"":29},{""id"":""f42a63b0-1073-43cf-bc57-2c82d501c3ab"",""maxScore"":40,""responses"":[{""score"":3,""comment"":""Well-planned with clear structure."",""criteriaId"":""lesson_planning"",""selectedOption"":""Well-structured lesson plan with clear objectives and activities""},{""score"":2,""comment"":""Needs to align sentences with lesson theme or subject context"",""criteriaId"":""subject_knowledge"",""selectedOption"":""Basic subject knowledge with occasional inaccuracies""},{""score"":3,""comment"":""Followed the Hauna process effectively."",""criteriaId"":""teaching_methods"",""selectedOption"":""Uses multiple teaching strategies with some student engagement""},{""score"":2,""comment"":""Maintained control; improve instruction clarity."",""criteriaId"":""classroom_management"",""selectedOption"":""Basic classroom management with some behavioral issues""},{""score"":3,""comment"":""Should improve communication and step-by-step direction."",""criteriaId"":""student_interaction"",""selectedOption"":""Good communication with regular student interaction""},{""score"":3,""comment"":""Could include recap or short assessment for understanding"",""criteriaId"":""assessment_feedback"",""selectedOption"":""Regular assessment with constructive feedback""},{""score"":3,""criteriaId"":""technology_integration"",""selectedOption"":""Good integration of technology to enhance learning""},{""score"":3,""comment"":""Shows good effort and understanding."",""criteriaId"":""professional_development"",""selectedOption"":""Regular participation in professional development activities""},{""score"":3,""comment"":""Works well with others."",""criteriaId"":""collaboration"",""selectedOption"":""Good collaboration and teamwork with staff""},{""score"":3,""criteriaId"":""punctuality_attendance"",""selectedOption"":""Good attendance and punctuality with rare absences""}],""timestamp"":""2025-10-28T07:01:55.889Z"",""totalScore"":28}]",1,2025-09-18 06:08:46.778+00
5513f52b-ea78-43a6-8f27-b1cba50f9cbc,mentor,0e2c19ab-ea7b-4f82-9143-01f567578950,463a626e-cd2e-45d0-98d3-0f5db9755375,5619,"[{""id"":""25fd95d9-06dc-4b0d-8ca4-56a8dcc9d096"",""maxScore"":40,""responses"":[{""score"":4,""comment"":""Shows excellent mentoring that helps students grow and improve."",""criteriaId"":""mentoring_skills"",""selectedOption"":""Excellent mentoring abilities with transformative impact on student development""},{""score"":4,""comment"":""Provides comprehensive support through proactive intervention and consistent follow-up."",""criteriaId"":""student_support"",""selectedOption"":""Comprehensive support with proactive intervention and follow-up""},{""score"":3,""comment"":""Shows good coordination and manages programs well."",""criteriaId"":""program_coordination"",""selectedOption"":""Good coordination with well-managed programs""},{""score"":4,""comment"":""Demonstrates excellent communication that fosters strong and supportive relationships."",""criteriaId"":""communication_skills"",""selectedOption"":""Excellent communication fostering strong, supportive relationships""},{""score"":3,""comment"":""Solves problems well and finds effective solutions."",""criteriaId"":""problem_solving"",""selectedOption"":""Good problem-solving skills with effective resolutions""},{""score"":4,""comment"":""Excellent expertise; applies advanced knowledge well.\n"",""criteriaId"":""professional_knowledge"",""selectedOption"":""Excellent expertise with advanced knowledge and application""},{""score"":3,""comment"":""Takes initiative and shows growing leadership skills."",""criteriaId"":""initiative_leadership"",""selectedOption"":""Good initiative with emerging leadership qualities""},{""score"":3,""comment"":""Maintains good record-keeping practices with well-organized documentation."",""criteriaId"":""record_keeping"",""selectedOption"":""Good record keeping with organized documentation""},{""score"":4,""comment"":""Engages well and builds strong community partnerships."",""criteriaId"":""parent_community_engagement"",""selectedOption"":""Excellent engagement fostering strong community partnerships""},{""score"":4,""comment"":""Very reliable and always committed to doing excellent work."",""criteriaId"":""reliability_commitment"",""selectedOption"":""Excellent reliability and unwavering commitment to excellence""}],""timestamp"":""2025-10-28T07:29:24.329Z"",""totalScore"":36}]",0,2025-10-28 07:29:24.329+00
55378313-cfc2-462d-8115-45cc13880efa,teacher,6836a3a0-14e2-4158-9c17-41018bfdaf0e,ef25a4fb-1184-4a09-83a6-d4c5f838ff00,8254,"[{""id"":""bcb67d2c-3cc3-46a1-ac11-6b8fff840440"",""maxScore"":36,""responses"":[{""score"":1,""comment"":""Teacher is not following the steps. "",""criteriaId"":""lesson_planning"",""selectedOption"":""No evidence of lesson planning or preparation""},{""score"":1,""criteriaId"":""subject_knowledge"",""selectedOption"":""Limited subject knowledge with frequent errors""},{""score"":1,""comment"":""Teacher is showing only the flash cards. There is no interaction between teacher and student."",""criteriaId"":""teaching_methods"",""selectedOption"":""Uses only traditional lecture methods with no variety""},{""score"":2,""criteriaId"":""classroom_management"",""selectedOption"":""Basic classroom management with some behavioral issues""},{""score"":1,""comment"":""No interaction between the students."",""criteriaId"":""student_interaction"",""selectedOption"":""Minimal interaction with students, poor communication""},{""score"":1,""criteriaId"":""assessment_feedback"",""selectedOption"":""No formal assessment or feedback provided""},{""score"":0,""comment"":""No technology is used."",""criteriaId"":""technology_integration"",""selectedOption"":""Not Applicable""},{""score"":1,""criteriaId"":""professional_development"",""selectedOption"":""No evidence of professional development activities""},{""score"":2,""criteriaId"":""collaboration"",""selectedOption"":""Limited collaboration with colleagues""},{""score"":3,""criteriaId"":""punctuality_attendance"",""selectedOption"":""Good attendance and punctuality with rare absences""}],""timestamp"":""2025-09-02T07:28:52.358Z"",""totalScore"":13},{""id"":""7d9ac276-429c-43d2-a246-aed162288f74"",""isDraft"":true,""maxScore"":36,""responses"":[{""score"":1,""comment"":""Teacher is not following the steps. "",""criteriaId"":""lesson_planning"",""selectedOption"":""No evidence of lesson planning or preparation""},{""score"":1,""criteriaId"":""subject_knowledge"",""selectedOption"":""Limited subject knowledge with frequent errors""},{""score"":1,""comment"":""Teacher is showing only the flash cards. There is no interaction between teacher and student."",""criteriaId"":""teaching_methods"",""selectedOption"":""Uses only traditional lecture methods with no variety""},{""score"":2,""criteriaId"":""classroom_management"",""selectedOption"":""Basic classroom management with some behavioral issues""},{""score"":1,""comment"":""No interaction between the students."",""criteriaId"":""student_interaction"",""selectedOption"":""Minimal interaction with students, poor communication""},{""score"":1,""criteriaId"":""assessment_feedback"",""selectedOption"":""No formal assessment or feedback provided""},{""score"":0,""comment"":""No technology is used."",""criteriaId"":""technology_integration"",""selectedOption"":""Not Applicable""},{""score"":1,""criteriaId"":""professional_development"",""selectedOption"":""No evidence of professional development activities""},{""score"":2,""criteriaId"":""collaboration"",""selectedOption"":""Limited collaboration with colleagues""},{""score"":3,""criteriaId"":""punctuality_attendance"",""selectedOption"":""Good attendance and punctuality with rare absences""}],""timestamp"":""2025-09-04T10:35:42.741Z"",""totalScore"":13}]",1,2025-09-02 07:28:52.358+00
5989aec2-f15c-4f7a-bfa6-35f9b8aa751f,teacher,6e696500-92a7-4205-aabc-0932c43c905b,8c1fa765-a67c-42f6-b6d9-cd13e8066c57,6075,"[{""id"":""d881f394-aef8-431c-9a71-2c94fdcd77e0"",""maxScore"":40,""responses"":[{""score"":3,""criteriaId"":""lesson_planning"",""selectedOption"":""Well-structured lesson plan with clear objectives and activities""},{""score"":2,""criteriaId"":""subject_knowledge"",""selectedOption"":""Basic subject knowledge with occasional inaccuracies""},{""score"":2,""criteriaId"":""teaching_methods"",""selectedOption"":""Limited variety in teaching methods, mostly teacher-centered""},{""score"":3,""criteriaId"":""classroom_management"",""selectedOption"":""Good classroom management with clear rules and procedures""},{""score"":3,""criteriaId"":""student_interaction"",""selectedOption"":""Good communication with regular student interaction""},{""score"":2,""criteriaId"":""assessment_feedback"",""selectedOption"":""Basic assessment with limited feedback""},{""score"":3,""criteriaId"":""technology_integration"",""selectedOption"":""Good integration of technology to enhance learning""},{""score"":3,""criteriaId"":""professional_development"",""selectedOption"":""Regular participation in professional development activities""},{""score"":3,""criteriaId"":""collaboration"",""selectedOption"":""Good collaboration and teamwork with staff""},{""score"":3,""criteriaId"":""punctuality_attendance"",""selectedOption"":""Good attendance and punctuality with rare absences""}],""timestamp"":""2025-09-19T08:30:43.611Z"",""totalScore"":27},{""id"":""827c238f-1bfa-49d3-86d1-e5122d43eb51"",""maxScore"":40,""responses"":[{""score"":3,""criteriaId"":""lesson_planning"",""selectedOption"":""Well-structured lesson plan with clear objectives and activities""},{""score"":3,""criteriaId"":""subject_knowledge"",""selectedOption"":""Good subject knowledge with clear explanations""},{""score"":2,""criteriaId"":""teaching_methods"",""selectedOption"":""Limited variety in teaching methods, mostly teacher-centered""},{""score"":3,""criteriaId"":""classroom_management"",""selectedOption"":""Good classroom management with clear rules and procedures""},{""score"":3,""criteriaId"":""student_interaction"",""selectedOption"":""Good communication with regular student interaction""},{""score"":2,""criteriaId"":""assessment_feedback"",""selectedOption"":""Basic assessment with limited feedback""},{""score"":3,""criteriaId"":""technology_integration"",""selectedOption"":""Good integration of technology to enhance learning""},{""score"":3,""criteriaId"":""professional_development"",""selectedOption"":""Regular participation in professional development activities""},{""score"":3,""criteriaId"":""collaboration"",""selectedOption"":""Good collaboration and teamwork with staff""},{""score"":3,""criteriaId"":""punctuality_attendance"",""selectedOption"":""Good attendance and punctuality with rare absences""}],""timestamp"":""2025-09-19T08:33:47.369Z"",""totalScore"":28},{""id"":""18b17859-1ccd-4ea9-95bf-b8c99f67ac62"",""maxScore"":36,""responses"":[{""score"":3,""comment"":""Lesson was planned with materials ready; followed procedure but lacked clarity in connecting activities smoothly."",""criteriaId"":""lesson_planning"",""selectedOption"":""Well-structured lesson plan with clear objectives and activities""},{""score"":3,""criteriaId"":""subject_knowledge"",""selectedOption"":""Good subject knowledge with clear explanations""},{""score"":2,""comment"":""Introduction lacked action; activities conducted but require improvement in engagement and execution."",""criteriaId"":""teaching_methods"",""selectedOption"":""Limited variety in teaching methods, mostly teacher-centered""},{""score"":3,""comment"":""Maintained discipline and seating arrangement; students attentive and cooperative."",""criteriaId"":""classroom_management"",""selectedOption"":""Good classroom management with clear rules and procedures""},{""score"":3,""comment"":""Instructions were clear and students followed them; could add more interactive questioning or peer involvement."",""criteriaId"":""student_interaction"",""selectedOption"":""Good communication with regular student interaction""},{""score"":2,""comment"":""brief review to reinforce learning is needed."",""criteriaId"":""assessment_feedback"",""selectedOption"":""Basic assessment with limited feedback""},{""score"":0,""criteriaId"":""technology_integration"",""selectedOption"":""Not Applicable""},{""score"":3,""comment"":""Shows awareness of teaching process; needs to focus on improving action-based delivery."",""criteriaId"":""professional_development"",""selectedOption"":""Regular participation in professional development activities""},{""score"":3,""comment"":""Follows school procedures and coordinates well with peers."",""criteriaId"":""collaboration"",""selectedOption"":""Good collaboration and teamwork with staff""},{""score"":3,""comment"":""Present and prepared on time."",""criteriaId"":""punctuality_attendance"",""selectedOption"":""Good attendance and punctuality with rare absences""}],""timestamp"":""2025-10-29T16:48:38.804Z"",""totalScore"":25}]",2,2025-09-19 08:30:43.611+00
5be2c2d4-ddcb-48d9-8a52-5adb5da7ca09,teacher,bb46941a-df60-4167-8eed-5133de4aba6c,f2c8026d-2a73-4f73-9dc0-23706678b6e3,4013,"[{""id"":""e3b8a5b1-7f43-4b3c-87bf-9fcb130b354f"",""maxScore"":40,""responses"":[{""score"":2,""criteriaId"":""lesson_planning"",""selectedOption"":""Basic lesson plan exists but lacks detail and structure""},{""score"":2,""criteriaId"":""subject_knowledge"",""selectedOption"":""Basic subject knowledge with occasional inaccuracies""},{""score"":3,""criteriaId"":""teaching_methods"",""selectedOption"":""Uses multiple teaching strategies with some student engagement""},{""score"":3,""criteriaId"":""classroom_management"",""selectedOption"":""Good classroom management with clear rules and procedures""},{""score"":3,""criteriaId"":""student_interaction"",""selectedOption"":""Good communication with regular student interaction""},{""score"":2,""criteriaId"":""assessment_feedback"",""selectedOption"":""Basic assessment with limited feedback""},{""score"":2,""criteriaId"":""technology_integration"",""selectedOption"":""Basic use of technology with limited effectiveness""},{""score"":2,""criteriaId"":""professional_development"",""selectedOption"":""Minimal participation in professional development""},{""score"":3,""criteriaId"":""collaboration"",""selectedOption"":""Good collaboration and teamwork with staff""},{""score"":3,""criteriaId"":""punctuality_attendance"",""selectedOption"":""Good attendance and punctuality with rare absences""}],""timestamp"":""2025-09-08T10:20:10.190Z"",""totalScore"":25}]",0,2025-09-08 10:20:10.19+00
5d5113a9-9e0c-4826-90d5-cfa0cf69e7ed,teacher,d971552f-d659-4f74-919e-76aa33d8bdbf,c4031971-8da7-432b-aefb-4d15a7c29ff6,9424,"[{""id"":""85561cd5-6d87-46fa-bf2e-c45951bc2d30"",""maxScore"":32,""responses"":[{""score"":1,""criteriaId"":""lesson_planning"",""selectedOption"":""No evidence of lesson planning or preparation""},{""score"":0,""comment"":""Teacher is not aware of the vocabulary development Steps as she has attended the training last year"",""criteriaId"":""subject_knowledge"",""selectedOption"":""Not Applicable""},{""score"":2,""criteriaId"":""teaching_methods"",""selectedOption"":""Limited variety in teaching methods, mostly teacher-centered""},{""score"":2,""criteriaId"":""classroom_management"",""selectedOption"":""Basic classroom management with some behavioral issues""},{""score"":3,""criteriaId"":""student_interaction"",""selectedOption"":""Good communication with regular student interaction""},{""score"":3,""criteriaId"":""assessment_feedback"",""selectedOption"":""Regular assessment with constructive feedback""},{""score"":0,""comment"":""Didn't observe during the Audit"",""criteriaId"":""technology_integration"",""selectedOption"":""Not Applicable""},{""score"":3,""criteriaId"":""professional_development"",""selectedOption"":""Regular participation in professional development activities""},{""score"":3,""criteriaId"":""collaboration"",""selectedOption"":""Good collaboration and teamwork with staff""},{""score"":3,""criteriaId"":""punctuality_attendance"",""selectedOption"":""Good attendance and punctuality with rare absences""}],""timestamp"":""2025-09-10T10:11:55.037Z"",""totalScore"":20}]",0,2025-09-10 10:11:55.037+00
5e273098-9722-4a73-be82-1d76093ea30d,teacher,bf5f67c0-0724-4240-a00c-9d3beebc2575,463a626e-cd2e-45d0-98d3-0f5db9755375,6598,"[{""id"":""f7f703b2-7eed-4de0-97d6-fd753832813d"",""maxScore"":40,""responses"":[{""score"":3,""criteriaId"":""lesson_planning"",""selectedOption"":""Well-structured lesson plan with clear objectives and activities""},{""score"":3,""criteriaId"":""subject_knowledge"",""selectedOption"":""Good subject knowledge with clear explanations""},{""score"":3,""criteriaId"":""teaching_methods"",""selectedOption"":""Uses multiple teaching strategies with some student engagement""},{""score"":3,""criteriaId"":""classroom_management"",""selectedOption"":""Good classroom management with clear rules and procedures""},{""score"":2,""criteriaId"":""student_interaction"",""selectedOption"":""Basic interaction with limited student engagement""},{""score"":3,""criteriaId"":""assessment_feedback"",""selectedOption"":""Regular assessment with constructive feedback""},{""score"":3,""criteriaId"":""technology_integration"",""selectedOption"":""Good integration of technology to enhance learning""},{""score"":2,""criteriaId"":""professional_development"",""selectedOption"":""Minimal participation in professional development""},{""score"":3,""criteriaId"":""collaboration"",""selectedOption"":""Good collaboration and teamwork with staff""},{""score"":3,""criteriaId"":""punctuality_attendance"",""selectedOption"":""Good attendance and punctuality with rare absences""}],""timestamp"":""2025-09-18T06:03:07.565Z"",""totalScore"":28},{""id"":""4e049ee8-b8d4-4775-b55b-f13d7107a536"",""maxScore"":40,""responses"":[{""score"":4,""comment"":""Well-prepared and organized."",""criteriaId"":""lesson_planning"",""selectedOption"":""Comprehensive lesson plan with differentiated activities and assessment strategies""},{""score"":4,""comment"":""Demonstrated good subject understanding."",""criteriaId"":""subject_knowledge"",""selectedOption"":""Excellent subject mastery with engaging and accurate content delivery""},{""score"":3,""comment"":""Method was engaging and purposeful."",""criteriaId"":""teaching_methods"",""selectedOption"":""Uses multiple teaching strategies with some student engagement""},{""score"":3,""comment"":""Good setup; needs more student attention control."",""criteriaId"":""classroom_management"",""selectedOption"":""Good classroom management with clear rules and procedures""},{""score"":3,""comment"":""Encouraged responses and maintained communication."",""criteriaId"":""student_interaction"",""selectedOption"":""Good communication with regular student interaction""},{""score"":3,""comment"":""Could include quick review or individual checking."",""criteriaId"":""assessment_feedback"",""selectedOption"":""Regular assessment with constructive feedback""},{""score"":3,""criteriaId"":""technology_integration"",""selectedOption"":""Good integration of technology to enhance learning""},{""score"":3,""comment"":""Shows professional preparedness."",""criteriaId"":""professional_development"",""selectedOption"":""Regular participation in professional development activities""},{""score"":3,""comment"":""Shows willingness to work collaboratively."",""criteriaId"":""collaboration"",""selectedOption"":""Good collaboration and teamwork with staff""},{""score"":3,""criteriaId"":""punctuality_attendance"",""selectedOption"":""Good attendance and punctuality with rare absences""}],""timestamp"":""2025-10-28T05:56:55.214Z"",""totalScore"":32}]",1,2025-09-18 06:03:07.565+00
5e44fc68-c386-465a-b59a-72731b694aeb,teacher,9333016f-22de-44a7-b40d-00fae7ab8021,d715ae06-3ee6-4f07-a68d-b66c7d5c507c,7098,"[{""id"":""9fafb50d-25fb-48b1-b3d8-ad114b2fa888"",""maxScore"":40,""responses"":[{""score"":3,""criteriaId"":""lesson_planning"",""selectedOption"":""Well-structured lesson plan with clear objectives and activities""},{""score"":3,""criteriaId"":""subject_knowledge"",""selectedOption"":""Good subject knowledge with clear explanations""},{""score"":3,""criteriaId"":""teaching_methods"",""selectedOption"":""Uses multiple teaching strategies with some student engagement""},{""score"":3,""criteriaId"":""classroom_management"",""selectedOption"":""Good classroom management with clear rules and procedures""},{""score"":3,""criteriaId"":""student_interaction"",""selectedOption"":""Good communication with regular student interaction""},{""score"":3,""criteriaId"":""assessment_feedback"",""selectedOption"":""Regular assessment with constructive feedback""},{""score"":3,""criteriaId"":""technology_integration"",""selectedOption"":""Good integration of technology to enhance learning""},{""score"":3,""criteriaId"":""professional_development"",""selectedOption"":""Regular participation in professional development activities""},{""score"":3,""criteriaId"":""collaboration"",""selectedOption"":""Good collaboration and teamwork with staff""},{""score"":3,""criteriaId"":""punctuality_attendance"",""selectedOption"":""Good attendance and punctuality with rare absences""}],""timestamp"":""2025-07-15T06:06:33.132Z"",""totalScore"":30},{""id"":""10167420-7fa5-4b63-b5e0-dfd768e96a4a"",""maxScore"":40,""responses"":[{""score"":3,""criteriaId"":""lesson_planning"",""selectedOption"":""Well-structured lesson plan with clear objectives and activities""},{""score"":3,""criteriaId"":""subject_knowledge"",""selectedOption"":""Good subject knowledge with clear explanations""},{""score"":3,""criteriaId"":""teaching_methods"",""selectedOption"":""Uses multiple teaching strategies with some student engagement""},{""score"":3,""criteriaId"":""classroom_management"",""selectedOption"":""Good classroom management with clear rules and procedures""},{""score"":3,""criteriaId"":""student_interaction"",""selectedOption"":""Good communication with regular student interaction""},{""score"":3,""criteriaId"":""assessment_feedback"",""selectedOption"":""Regular assessment with constructive feedback""},{""score"":3,""criteriaId"":""technology_integration"",""selectedOption"":""Good integration of technology to enhance learning""},{""score"":3,""criteriaId"":""professional_development"",""selectedOption"":""Regular participation in professional development activities""},{""score"":3,""criteriaId"":""collaboration"",""selectedOption"":""Good collaboration and teamwork with staff""},{""score"":3,""criteriaId"":""punctuality_attendance"",""selectedOption"":""Good attendance and punctuality with rare absences""}],""timestamp"":""2025-07-15T06:06:54.661Z"",""totalScore"":30},{""id"":""03fd6159-5405-42fe-8d4c-f71f4e69a1ef"",""maxScore"":40,""responses"":[{""score"":3,""criteriaId"":""lesson_planning"",""selectedOption"":""Well-structured lesson plan with clear objectives and activities""},{""score"":3,""criteriaId"":""subject_knowledge"",""selectedOption"":""Good subject knowledge with clear explanations""},{""score"":3,""criteriaId"":""teaching_methods"",""selectedOption"":""Uses multiple teaching strategies with some student engagement""},{""score"":3,""criteriaId"":""classroom_management"",""selectedOption"":""Good classroom management with clear rules and procedures""},{""score"":3,""criteriaId"":""student_interaction"",""selectedOption"":""Good communication with regular student interaction""},{""score"":3,""criteriaId"":""assessment_feedback"",""selectedOption"":""Regular assessment with constructive feedback""},{""score"":3,""criteriaId"":""technology_integration"",""selectedOption"":""Good integration of technology to enhance learning""},{""score"":3,""criteriaId"":""professional_development"",""selectedOption"":""Regular participation in professional development activities""},{""score"":3,""criteriaId"":""collaboration"",""selectedOption"":""Good collaboration and teamwork with staff""},{""score"":3,""criteriaId"":""punctuality_attendance"",""selectedOption"":""Good attendance and punctuality with rare absences""}],""timestamp"":""2025-07-15T06:12:54.419Z"",""totalScore"":30},{""id"":""15e4e410-d45b-435f-a3c5-e2fb08c827d9"",""maxScore"":40,""responses"":[{""score"":3,""criteriaId"":""lesson_planning"",""selectedOption"":""Well-structured lesson plan with clear objectives and activities""},{""score"":3,""criteriaId"":""subject_knowledge"",""selectedOption"":""Good subject knowledge with clear explanations""},{""score"":3,""criteriaId"":""teaching_methods"",""selectedOption"":""Uses multiple teaching strategies with some student engagement""},{""score"":3,""criteriaId"":""classroom_management"",""selectedOption"":""Good classroom management with clear rules and procedures""},{""score"":3,""criteriaId"":""student_interaction"",""selectedOption"":""Good communication with regular student interaction""},{""score"":3,""criteriaId"":""assessment_feedback"",""selectedOption"":""Regular assessment with constructive feedback""},{""score"":3,""criteriaId"":""technology_integration"",""selectedOption"":""Good integration of technology to enhance learning""},{""score"":3,""criteriaId"":""professional_development"",""selectedOption"":""Regular participation in professional development activities""},{""score"":3,""criteriaId"":""collaboration"",""selectedOption"":""Good collaboration and teamwork with staff""},{""score"":3,""criteriaId"":""punctuality_attendance"",""selectedOption"":""Good attendance and punctuality with rare absences""}],""timestamp"":""2025-07-15T06:13:04.537Z"",""totalScore"":30}]",3,2025-07-15 06:06:33.132+00
6359ffdc-74ec-4da4-838a-4bbc143115df,teacher,a5b50e0a-1619-4c2d-8390-6d670ebca2a8,1d81faf3-1166-42f2-8dd3-8d51102b1a92,8797,"[{""id"":""23fd75b4-7e7d-475a-91d7-d96dddbab432"",""isDraft"":true,""maxScore"":104,""responses"":[{""score"":3,""criteriaId"":""curriculum-awareness"",""selectedOption"":""The teacher's responses show that she is confident with the curriculum adopted by the school. Her reflections show her enthusiasm to implement the curriculum at school. (80 to 89%)""},{""score"":3,""criteriaId"":""lesson-planning-participation"",""selectedOption"":""The teacher participates in lesson planning by attending the planning meetings with the mentor/s. She contributes to the planning by sharing her reflections and coming up with strategies to enhance teaching and learning practices at school.""},{""score"":3,""criteriaId"":""lesson-preparation"",""selectedOption"":""The teacher is well-planned for her lessons. She enters the class with her lesson plans and is confident in delivering the lessons as planned.""},{""score"":3,""criteriaId"":""classroom-accessibility"",""selectedOption"":""The classroom is well organized. All students get access to the teaching and learning resources. The seating arrangement is flexible and keeps changing based on the teaching activity.""},{""score"":4,""criteriaId"":""seating-arrangements"",""selectedOption"":""The teacher organizes seating arrangements as per Hauna's plans. The seating arrangement is flexible to suit the needs of the student/plan. (Semi circle/rows) In writing activities, she moves around to meet the needs of different learners/Call out names to ensure all students are catered to while teaching. She is able to reach out to all learners.""},{""score"":3,""criteriaId"":""teacher-positioning"",""selectedOption"":""The teacher's seating area/ teaching position is planned to ensure she has eye contact with all students. The teachers seating is on the same level as her students and she enjoys being one with them.""},{""score"":4,""criteriaId"":""classroom-displays"",""selectedOption"":""The classroom displays are child centric and reflect current learnings. All displays are labelled and have distinct borders. They address all subject areas and have a lot of interactive displays that the students enjoy working with. The teacher keeps adding new displays everyday and it fills a sense of awe and wonder in the students. The classroom is neat and has a visual appeal.""},{""score"":3,""criteriaId"":""lesson-recap"",""selectedOption"":""The teacher attempts to recap learning by using different strategies. (open-ended questions, quiz, flash cards etc.)""},{""score"":4,""criteriaId"":""instruction-clarity"",""selectedOption"":""The teacher's explanation is clear. She explains in simple child-friendly language. She is able to grasp the attention of all the students in her class. She modifies her instructions to support struggling learners.""},{""score"":3,""criteriaId"":""language-fluency"",""selectedOption"":""The teacher's language is fluent. She is able to express ideas in clear age-appropriate child-friendly language. She does not make any grammatical errors while speaking.""},{""score"":4,""criteriaId"":""classroom-interaction"",""selectedOption"":""The teacher has developed a relationship with the students in such a way that they all understand the norms of the class. Students are consistently motivated to interact freely without fear. Students are highly motivated and completely involved in the class.""},{""score"":4,""criteriaId"":""student-questions"",""selectedOption"":""Students are highly motivated and curious to learn more. They ask questions for clarification and the teacher actively responds to their questions and supports them using different strategies.""},{""score"":3,""criteriaId"":""resource-usage"",""selectedOption"":""The teacher carries the resources as planned in the lesson plans. She is confident in using the resources for the activities planned for the class. She ensures all students get access to the teaching and learning materials.""},{""score"":4,""criteriaId"":""time-management"",""selectedOption"":""The teacher uses her class time effectively. The observer can very clearly make note of the different parts of her lesson (Intro, recap, plenary etc). She is very well organized and the transition from one domain to another is well coordinated.""},{""score"":3,""criteriaId"":""student-engagement"",""selectedOption"":""Except for a few, all students are engaged in learning.""},{""score"":3,""criteriaId"":""classroom-norms"",""selectedOption"":""The students are aware of the teacher's expectations/classroom norms. However she needs to keep reminding them to follow the norms at all times failing which many students get distracted.""},{""score"":4,""criteriaId"":""positive-reinforcement"",""selectedOption"":""All students are well-behaved. Positive reinforcements (praise, stars) observed in class.""},{""score"":4,""criteriaId"":""questioning-techniques"",""selectedOption"":""The teacher asks a lot of questions to check understanding in class. She tries her best to rephrase her questions to arrive at the expected answer. This strategy helps her to explain the concept to students who have not understood it. Her questions most of the time are open-ended.""},{""score"":3,""criteriaId"":""formative-assessment"",""selectedOption"":""The teacher uses her observation skills as well as student responses to check understanding. However, she does not maintain a record of the progress of her students.""},{""score"":3,""criteriaId"":""student-progress-awareness"",""selectedOption"":""The teacher is aware of her students' progress. She has no data recorded to provide clear evidence of progress.""},{""score"":4,""criteriaId"":""assessment-checklists"",""selectedOption"":""The teacher has maintained checklists to record assessment data. She has completed the assessments of all the students in her class.""},{""score"":3,""criteriaId"":""presentation-policy"",""selectedOption"":""The books are well maintained as per the policy. The teacher uses the board to teach formation and moves around the class to support all students. The students follow the teacher's instructions to complete their work. The students are trying their best to form letters correctly. A few students are struggling with their work.""},{""score"":4,""criteriaId"":""marking-policy"",""selectedOption"":""The teacher follows the policy for marking of books. She makes an effort to update marking of books on time. Students are motivated as she takes pains to give positive comments. She sets targets to children by giving them extra work to improve.""},{""score"":4,""criteriaId"":""reflection-practice"",""selectedOption"":""The teacher submits the reflection form consistently. She has been using this as a tool to reflect on her teaching and learning process. She has carefully made record of her reflection in her book/name list.""},{""score"":3,""criteriaId"":""professional-development"",""selectedOption"":""75-99%""},{""score"":3,""criteriaId"":""record-keeping"",""selectedOption"":""The teacher has maintained all the records with diligence.""}],""timestamp"":""2025-07-07T06:21:48.880Z"",""totalScore"":89},{""id"":""59b47f8a-a895-4b55-804d-4bf7b91275be"",""maxScore"":40,""responses"":[{""score"":3,""criteriaId"":""curriculum-awareness"",""selectedOption"":""The teacher's responses show that she is confident with the curriculum adopted by the school. Her reflections show her enthusiasm to implement the curriculum at school. (80 to 89%)""},{""score"":3,""criteriaId"":""lesson-planning-participation"",""selectedOption"":""The teacher participates in lesson planning by attending the planning meetings with the mentor/s. She contributes to the planning by sharing her reflections and coming up with strategies to enhance teaching and learning practices at school.""},{""score"":3,""criteriaId"":""lesson-preparation"",""selectedOption"":""The teacher is well-planned for her lessons. She enters the class with her lesson plans and is confident in delivering the lessons as planned.""},{""score"":3,""criteriaId"":""classroom-accessibility"",""selectedOption"":""The classroom is well organized. All students get access to the teaching and learning resources. The seating arrangement is flexible and keeps changing based on the teaching activity.""},{""score"":4,""criteriaId"":""seating-arrangements"",""selectedOption"":""The teacher organizes seating arrangements as per Hauna's plans. The seating arrangement is flexible to suit the needs of the student/plan. (Semi circle/rows) In writing activities, she moves around to meet the needs of different learners/Call out names to ensure all students are catered to while teaching. She is able to reach out to all learners.""},{""score"":3,""criteriaId"":""teacher-positioning"",""selectedOption"":""The teacher's seating area/ teaching position is planned to ensure she has eye contact with all students. The teachers seating is on the same level as her students and she enjoys being one with them.""},{""score"":4,""criteriaId"":""classroom-displays"",""selectedOption"":""The classroom displays are child centric and reflect current learnings. All displays are labelled and have distinct borders. They address all subject areas and have a lot of interactive displays that the students enjoy working with. The teacher keeps adding new displays everyday and it fills a sense of awe and wonder in the students. The classroom is neat and has a visual appeal.""},{""score"":3,""criteriaId"":""lesson-recap"",""selectedOption"":""The teacher attempts to recap learning by using different strategies. (open-ended questions, quiz, flash cards etc.)""},{""score"":4,""criteriaId"":""instruction-clarity"",""selectedOption"":""The teacher's explanation is clear. She explains in simple child-friendly language. She is able to grasp the attention of all the students in her class. She modifies her instructions to support struggling learners.""},{""score"":3,""criteriaId"":""language-fluency"",""selectedOption"":""The teacher's language is fluent. She is able to express ideas in clear age-appropriate child-friendly language. She does not make any grammatical errors while speaking.""},{""score"":4,""criteriaId"":""classroom-interaction"",""selectedOption"":""The teacher has developed a relationship with the students in such a way that they all understand the norms of the class. Students are consistently motivated to interact freely without fear. Students are highly motivated and completely involved in the class.""},{""score"":4,""criteriaId"":""student-questions"",""selectedOption"":""Students are highly motivated and curious to learn more. They ask questions for clarification and the teacher actively responds to their questions and supports them using different strategies.""},{""score"":3,""criteriaId"":""resource-usage"",""selectedOption"":""The teacher carries the resources as planned in the lesson plans. She is confident in using the resources for the activities planned for the class. She ensures all students get access to the teaching and learning materials.""},{""score"":4,""criteriaId"":""time-management"",""selectedOption"":""The teacher uses her class time effectively. The observer can very clearly make note of the different parts of her lesson (Intro, recap, plenary etc). She is very well organized and the transition from one domain to another is well coordinated.""},{""score"":3,""criteriaId"":""student-engagement"",""selectedOption"":""Except for a few, all students are engaged in learning.""},{""score"":3,""criteriaId"":""classroom-norms"",""selectedOption"":""The students are aware of the teacher's expectations/classroom norms. However she needs to keep reminding them to follow the norms at all times failing which many students get distracted.""},{""score"":4,""criteriaId"":""positive-reinforcement"",""selectedOption"":""All students are well-behaved. Positive reinforcements (praise, stars) observed in class.""},{""score"":4,""criteriaId"":""questioning-techniques"",""selectedOption"":""The teacher asks a lot of questions to check understanding in class. She tries her best to rephrase her questions to arrive at the expected answer. This strategy helps her to explain the concept to students who have not understood it. Her questions most of the time are open-ended.""},{""score"":3,""criteriaId"":""formative-assessment"",""selectedOption"":""The teacher uses her observation skills as well as student responses to check understanding. However, she does not maintain a record of the progress of her students.""},{""score"":3,""criteriaId"":""student-progress-awareness"",""selectedOption"":""The teacher is aware of her students' progress. She has no data recorded to provide clear evidence of progress.""},{""score"":4,""criteriaId"":""assessment-checklists"",""selectedOption"":""The teacher has maintained checklists to record assessment data. She has completed the assessments of all the students in her class.""},{""score"":3,""criteriaId"":""presentation-policy"",""selectedOption"":""The books are well maintained as per the policy. The teacher uses the board to teach formation and moves around the class to support all students. The students follow the teacher's instructions to complete their work. The students are trying their best to form letters correctly. A few students are struggling with their work.""},{""score"":4,""criteriaId"":""marking-policy"",""selectedOption"":""The teacher follows the policy for marking of books. She makes an effort to update marking of books on time. Students are motivated as she takes pains to give positive comments. She sets targets to children by giving them extra work to improve.""},{""score"":4,""criteriaId"":""reflection-practice"",""selectedOption"":""The teacher submits the reflection form consistently. She has been using this as a tool to reflect on her teaching and learning process. She has carefully made record of her reflection in her book/name list.""},{""score"":3,""criteriaId"":""professional-development"",""selectedOption"":""75-99%""},{""score"":3,""criteriaId"":""record-keeping"",""selectedOption"":""The teacher has maintained all the records with diligence.""},{""score"":3,""criteriaId"":""lesson_planning"",""selectedOption"":""Well-structured lesson plan with clear objectives and activities""},{""score"":3,""criteriaId"":""subject_knowledge"",""selectedOption"":""Good subject knowledge with clear explanations""},{""score"":3,""criteriaId"":""teaching_methods"",""selectedOption"":""Uses multiple teaching strategies with some student engagement""},{""score"":3,""criteriaId"":""classroom_management"",""selectedOption"":""Good classroom management with clear rules and procedures""},{""score"":3,""criteriaId"":""student_interaction"",""selectedOption"":""Good communication with regular student interaction""},{""score"":3,""criteriaId"":""assessment_feedback"",""selectedOption"":""Regular assessment with constructive feedback""},{""score"":3,""criteriaId"":""technology_integration"",""selectedOption"":""Good integration of technology to enhance learning""},{""score"":3,""criteriaId"":""professional_development"",""selectedOption"":""Regular participation in professional development activities""},{""score"":3,""criteriaId"":""collaboration"",""selectedOption"":""Good collaboration and teamwork with staff""},{""score"":3,""criteriaId"":""punctuality_attendance"",""selectedOption"":""Good attendance and punctuality with rare absences""}],""timestamp"":""2025-07-15T05:53:00.256Z"",""totalScore"":119},{""id"":""e4c8a788-9cf4-4b6a-90ba-377214009c98"",""maxScore"":40,""responses"":[{""score"":3,""criteriaId"":""curriculum-awareness"",""selectedOption"":""The teacher's responses show that she is confident with the curriculum adopted by the school. Her reflections show her enthusiasm to implement the curriculum at school. (80 to 89%)""},{""score"":3,""criteriaId"":""lesson-planning-participation"",""selectedOption"":""The teacher participates in lesson planning by attending the planning meetings with the mentor/s. She contributes to the planning by sharing her reflections and coming up with strategies to enhance teaching and learning practices at school.""},{""score"":3,""criteriaId"":""lesson-preparation"",""selectedOption"":""The teacher is well-planned for her lessons. She enters the class with her lesson plans and is confident in delivering the lessons as planned.""},{""score"":3,""criteriaId"":""classroom-accessibility"",""selectedOption"":""The classroom is well organized. All students get access to the teaching and learning resources. The seating arrangement is flexible and keeps changing based on the teaching activity.""},{""score"":4,""criteriaId"":""seating-arrangements"",""selectedOption"":""The teacher organizes seating arrangements as per Hauna's plans. The seating arrangement is flexible to suit the needs of the student/plan. (Semi circle/rows) In writing activities, she moves around to meet the needs of different learners/Call out names to ensure all students are catered to while teaching. She is able to reach out to all learners.""},{""score"":3,""criteriaId"":""teacher-positioning"",""selectedOption"":""The teacher's seating area/ teaching position is planned to ensure she has eye contact with all students. The teachers seating is on the same level as her students and she enjoys being one with them.""},{""score"":4,""criteriaId"":""classroom-displays"",""selectedOption"":""The classroom displays are child centric and reflect current learnings. All displays are labelled and have distinct borders. They address all subject areas and have a lot of interactive displays that the students enjoy working with. The teacher keeps adding new displays everyday and it fills a sense of awe and wonder in the students. The classroom is neat and has a visual appeal.""},{""score"":3,""criteriaId"":""lesson-recap"",""selectedOption"":""The teacher attempts to recap learning by using different strategies. (open-ended questions, quiz, flash cards etc.)""},{""score"":4,""criteriaId"":""instruction-clarity"",""selectedOption"":""The teacher's explanation is clear. She explains in simple child-friendly language. She is able to grasp the attention of all the students in her class. She modifies her instructions to support struggling learners.""},{""score"":3,""criteriaId"":""language-fluency"",""selectedOption"":""The teacher's language is fluent. She is able to express ideas in clear age-appropriate child-friendly language. She does not make any grammatical errors while speaking.""},{""score"":4,""criteriaId"":""classroom-interaction"",""selectedOption"":""The teacher has developed a relationship with the students in such a way that they all understand the norms of the class. Students are consistently motivated to interact freely without fear. Students are highly motivated and completely involved in the class.""},{""score"":4,""criteriaId"":""student-questions"",""selectedOption"":""Students are highly motivated and curious to learn more. They ask questions for clarification and the teacher actively responds to their questions and supports them using different strategies.""},{""score"":3,""criteriaId"":""resource-usage"",""selectedOption"":""The teacher carries the resources as planned in the lesson plans. She is confident in using the resources for the activities planned for the class. She ensures all students get access to the teaching and learning materials.""},{""score"":4,""criteriaId"":""time-management"",""selectedOption"":""The teacher uses her class time effectively. The observer can very clearly make note of the different parts of her lesson (Intro, recap, plenary etc). She is very well organized and the transition from one domain to another is well coordinated.""},{""score"":3,""criteriaId"":""student-engagement"",""selectedOption"":""Except for a few, all students are engaged in learning.""},{""score"":3,""criteriaId"":""classroom-norms"",""selectedOption"":""The students are aware of the teacher's expectations/classroom norms. However she needs to keep reminding them to follow the norms at all times failing which many students get distracted.""},{""score"":4,""criteriaId"":""positive-reinforcement"",""selectedOption"":""All students are well-behaved. Positive reinforcements (praise, stars) observed in class.""},{""score"":4,""criteriaId"":""questioning-techniques"",""selectedOption"":""The teacher asks a lot of questions to check understanding in class. She tries her best to rephrase her questions to arrive at the expected answer. This strategy helps her to explain the concept to students who have not understood it. Her questions most of the time are open-ended.""},{""score"":3,""criteriaId"":""formative-assessment"",""selectedOption"":""The teacher uses her observation skills as well as student responses to check understanding. However, she does not maintain a record of the progress of her students.""},{""score"":3,""criteriaId"":""student-progress-awareness"",""selectedOption"":""The teacher is aware of her students' progress. She has no data recorded to provide clear evidence of progress.""},{""score"":4,""criteriaId"":""assessment-checklists"",""selectedOption"":""The teacher has maintained checklists to record assessment data. She has completed the assessments of all the students in her class.""},{""score"":3,""criteriaId"":""presentation-policy"",""selectedOption"":""The books are well maintained as per the policy. The teacher uses the board to teach formation and moves around the class to support all students. The students follow the teacher's instructions to complete their work. The students are trying their best to form letters correctly. A few students are struggling with their work.""},{""score"":4,""criteriaId"":""marking-policy"",""selectedOption"":""The teacher follows the policy for marking of books. She makes an effort to update marking of books on time. Students are motivated as she takes pains to give positive comments. She sets targets to children by giving them extra work to improve.""},{""score"":4,""criteriaId"":""reflection-practice"",""selectedOption"":""The teacher submits the reflection form consistently. She has been using this as a tool to reflect on her teaching and learning process. She has carefully made record of her reflection in her book/name list.""},{""score"":3,""criteriaId"":""professional-development"",""selectedOption"":""75-99%""},{""score"":3,""criteriaId"":""record-keeping"",""selectedOption"":""The teacher has maintained all the records with diligence.""},{""score"":3,""criteriaId"":""lesson_planning"",""selectedOption"":""Well-structured lesson plan with clear objectives and activities""},{""score"":3,""criteriaId"":""subject_knowledge"",""selectedOption"":""Good subject knowledge with clear explanations""},{""score"":3,""criteriaId"":""teaching_methods"",""selectedOption"":""Uses multiple teaching strategies with some student engagement""},{""score"":3,""criteriaId"":""classroom_management"",""selectedOption"":""Good classroom management with clear rules and procedures""},{""score"":3,""criteriaId"":""student_interaction"",""selectedOption"":""Good communication with regular student interaction""},{""score"":3,""criteriaId"":""assessment_feedback"",""selectedOption"":""Regular assessment with constructive feedback""},{""score"":3,""criteriaId"":""technology_integration"",""selectedOption"":""Good integration of technology to enhance learning""},{""score"":3,""criteriaId"":""professional_development"",""selectedOption"":""Regular participation in professional development activities""},{""score"":3,""criteriaId"":""collaboration"",""selectedOption"":""Good collaboration and teamwork with staff""},{""score"":3,""criteriaId"":""punctuality_attendance"",""selectedOption"":""Good attendance and punctuality with rare absences""}],""timestamp"":""2025-07-15T05:54:00.569Z"",""totalScore"":119},{""id"":""96efb88f-8fe4-4a00-8409-3d277dafd45e"",""maxScore"":40,""responses"":[{""score"":3,""criteriaId"":""curriculum-awareness"",""selectedOption"":""The teacher's responses show that she is confident with the curriculum adopted by the school. Her reflections show her enthusiasm to implement the curriculum at school. (80 to 89%)""},{""score"":3,""criteriaId"":""lesson-planning-participation"",""selectedOption"":""The teacher participates in lesson planning by attending the planning meetings with the mentor/s. She contributes to the planning by sharing her reflections and coming up with strategies to enhance teaching and learning practices at school.""},{""score"":3,""criteriaId"":""lesson-preparation"",""selectedOption"":""The teacher is well-planned for her lessons. She enters the class with her lesson plans and is confident in delivering the lessons as planned.""},{""score"":3,""criteriaId"":""classroom-accessibility"",""selectedOption"":""The classroom is well organized. All students get access to the teaching and learning resources. The seating arrangement is flexible and keeps changing based on the teaching activity.""},{""score"":4,""criteriaId"":""seating-arrangements"",""selectedOption"":""The teacher organizes seating arrangements as per Hauna's plans. The seating arrangement is flexible to suit the needs of the student/plan. (Semi circle/rows) In writing activities, she moves around to meet the needs of different learners/Call out names to ensure all students are catered to while teaching. She is able to reach out to all learners.""},{""score"":3,""criteriaId"":""teacher-positioning"",""selectedOption"":""The teacher's seating area/ teaching position is planned to ensure she has eye contact with all students. The teachers seating is on the same level as her students and she enjoys being one with them.""},{""score"":4,""criteriaId"":""classroom-displays"",""selectedOption"":""The classroom displays are child centric and reflect current learnings. All displays are labelled and have distinct borders. They address all subject areas and have a lot of interactive displays that the students enjoy working with. The teacher keeps adding new displays everyday and it fills a sense of awe and wonder in the students. The classroom is neat and has a visual appeal.""},{""score"":3,""criteriaId"":""lesson-recap"",""selectedOption"":""The teacher attempts to recap learning by using different strategies. (open-ended questions, quiz, flash cards etc.)""},{""score"":4,""criteriaId"":""instruction-clarity"",""selectedOption"":""The teacher's explanation is clear. She explains in simple child-friendly language. She is able to grasp the attention of all the students in her class. She modifies her instructions to support struggling learners.""},{""score"":3,""criteriaId"":""language-fluency"",""selectedOption"":""The teacher's language is fluent. She is able to express ideas in clear age-appropriate child-friendly language. She does not make any grammatical errors while speaking.""},{""score"":4,""criteriaId"":""classroom-interaction"",""selectedOption"":""The teacher has developed a relationship with the students in such a way that they all understand the norms of the class. Students are consistently motivated to interact freely without fear. Students are highly motivated and completely involved in the class.""},{""score"":4,""criteriaId"":""student-questions"",""selectedOption"":""Students are highly motivated and curious to learn more. They ask questions for clarification and the teacher actively responds to their questions and supports them using different strategies.""},{""score"":3,""criteriaId"":""resource-usage"",""selectedOption"":""The teacher carries the resources as planned in the lesson plans. She is confident in using the resources for the activities planned for the class. She ensures all students get access to the teaching and learning materials.""},{""score"":4,""criteriaId"":""time-management"",""selectedOption"":""The teacher uses her class time effectively. The observer can very clearly make note of the different parts of her lesson (Intro, recap, plenary etc). She is very well organized and the transition from one domain to another is well coordinated.""},{""score"":3,""criteriaId"":""student-engagement"",""selectedOption"":""Except for a few, all students are engaged in learning.""},{""score"":3,""criteriaId"":""classroom-norms"",""selectedOption"":""The students are aware of the teacher's expectations/classroom norms. However she needs to keep reminding them to follow the norms at all times failing which many students get distracted.""},{""score"":4,""criteriaId"":""positive-reinforcement"",""selectedOption"":""All students are well-behaved. Positive reinforcements (praise, stars) observed in class.""},{""score"":4,""criteriaId"":""questioning-techniques"",""selectedOption"":""The teacher asks a lot of questions to check understanding in class. She tries her best to rephrase her questions to arrive at the expected answer. This strategy helps her to explain the concept to students who have not understood it. Her questions most of the time are open-ended.""},{""score"":3,""criteriaId"":""formative-assessment"",""selectedOption"":""The teacher uses her observation skills as well as student responses to check understanding. However, she does not maintain a record of the progress of her students.""},{""score"":3,""criteriaId"":""student-progress-awareness"",""selectedOption"":""The teacher is aware of her students' progress. She has no data recorded to provide clear evidence of progress.""},{""score"":4,""criteriaId"":""assessment-checklists"",""selectedOption"":""The teacher has maintained checklists to record assessment data. She has completed the assessments of all the students in her class.""},{""score"":3,""criteriaId"":""presentation-policy"",""selectedOption"":""The books are well maintained as per the policy. The teacher uses the board to teach formation and moves around the class to support all students. The students follow the teacher's instructions to complete their work. The students are trying their best to form letters correctly. A few students are struggling with their work.""},{""score"":4,""criteriaId"":""marking-policy"",""selectedOption"":""The teacher follows the policy for marking of books. She makes an effort to update marking of books on time. Students are motivated as she takes pains to give positive comments. She sets targets to children by giving them extra work to improve.""},{""score"":4,""criteriaId"":""reflection-practice"",""selectedOption"":""The teacher submits the reflection form consistently. She has been using this as a tool to reflect on her teaching and learning process. She has carefully made record of her reflection in her book/name list.""},{""score"":3,""criteriaId"":""professional-development"",""selectedOption"":""75-99%""},{""score"":3,""criteriaId"":""record-keeping"",""selectedOption"":""The teacher has maintained all the records with diligence.""},{""score"":3,""criteriaId"":""lesson_planning"",""selectedOption"":""Well-structured lesson plan with clear objectives and activities""},{""score"":3,""criteriaId"":""subject_knowledge"",""selectedOption"":""Good subject knowledge with clear explanations""},{""score"":3,""criteriaId"":""teaching_methods"",""selectedOption"":""Uses multiple teaching strategies with some student engagement""},{""score"":3,""criteriaId"":""classroom_management"",""selectedOption"":""Good classroom management with clear rules and procedures""},{""score"":3,""criteriaId"":""student_interaction"",""selectedOption"":""Good communication with regular student interaction""},{""score"":3,""criteriaId"":""assessment_feedback"",""selectedOption"":""Regular assessment with constructive feedback""},{""score"":3,""criteriaId"":""technology_integration"",""selectedOption"":""Good integration of technology to enhance learning""},{""score"":3,""criteriaId"":""professional_development"",""selectedOption"":""Regular participation in professional development activities""},{""score"":3,""criteriaId"":""collaboration"",""selectedOption"":""Good collaboration and teamwork with staff""},{""score"":3,""criteriaId"":""punctuality_attendance"",""selectedOption"":""Good attendance and punctuality with rare absences""}],""timestamp"":""2025-07-15T06:16:15.974Z"",""totalScore"":119}]",3,2025-07-07 06:21:48.88+00
6382383f-37c4-4e86-9a67-22ba080c243c,teacher,67a62d86-9add-45b5-b66c-29ca07bafe5c,462131bc-db2f-4b8f-95c0-8db9ddf0754b,1518,"[{""id"":""0cc2bdf6-1b8f-4480-a331-168b57df5036"",""maxScore"":40,""responses"":[{""score"":2,""comment"":""has potential. not aware of vocabulary development."",""criteriaId"":""lesson_planning"",""selectedOption"":""Basic lesson plan exists but lacks detail and structure""},{""score"":2,""comment"":""explained well but not accordingly to what was to be observed."",""criteriaId"":""subject_knowledge"",""selectedOption"":""Basic subject knowledge with occasional inaccuracies""},{""score"":2,""comment"":""has potential , if got the exact picture what was needed to be given during demo."",""criteriaId"":""teaching_methods"",""selectedOption"":""Limited variety in teaching methods, mostly teacher-centered""},{""score"":2,""comment"":""first need to grasp the attention of students , then start the class. Otherwise kids will be distracted.(observed few distracted."",""criteriaId"":""classroom_management"",""selectedOption"":""Basic classroom management with some behavioral issues""},{""score"":3,""comment"":""can do much better."",""criteriaId"":""student_interaction"",""selectedOption"":""Good communication with regular student interaction""},{""score"":2,""criteriaId"":""assessment_feedback"",""selectedOption"":""Basic assessment with limited feedback""},{""score"":1,""criteriaId"":""technology_integration"",""selectedOption"":""No use of technology in teaching""},{""score"":3,""criteriaId"":""professional_development"",""selectedOption"":""Regular participation in professional development activities""},{""score"":3,""criteriaId"":""collaboration"",""selectedOption"":""Good collaboration and teamwork with staff""},{""score"":3,""comment"":""can do better, has the potiential need to be trained. Awareness of difference between vocabulary development to diagraph required. Display need to be put up according to Hauna. Not able to attend session due to network issues. "",""criteriaId"":""punctuality_attendance"",""selectedOption"":""Good attendance and punctuality with rare absences""}],""timestamp"":""2025-09-26T04:33:41.634Z"",""totalScore"":23}]",0,2025-09-26 04:33:41.634+00
64948594-7d03-4737-9729-3ab2ee635151,mentor,5a7ccbb3-104a-415c-b91a-c3068cddc1af,a574c405-8d97-445d-9fba-d544e10867a3,6138,"[{""id"":""5373cb45-278d-4401-84ce-958445f38cd4"",""maxScore"":40,""responses"":[{""score"":3,""criteriaId"":""mentoring_skills"",""selectedOption"":""Good mentoring skills with positive influence on mentees""},{""score"":2,""criteriaId"":""student_support"",""selectedOption"":""Basic support with limited follow-up""},{""score"":2,""criteriaId"":""program_coordination"",""selectedOption"":""Basic coordination with some organizational challenges""},{""score"":3,""criteriaId"":""communication_skills"",""selectedOption"":""Good communication skills with positive relationships""},{""score"":3,""criteriaId"":""problem_solving"",""selectedOption"":""Good problem-solving skills with effective resolutions""},{""score"":3,""criteriaId"":""professional_knowledge"",""selectedOption"":""Good knowledge with competent application""},{""score"":3,""criteriaId"":""initiative_leadership"",""selectedOption"":""Good initiative with emerging leadership qualities""},{""score"":2,""criteriaId"":""record_keeping"",""selectedOption"":""Basic record keeping with some gaps""},{""score"":3,""criteriaId"":""parent_community_engagement"",""selectedOption"":""Good engagement with positive community relationships""},{""score"":3,""criteriaId"":""reliability_commitment"",""selectedOption"":""Good reliability with consistent performance""}],""timestamp"":""2025-09-17T09:06:14.765Z"",""totalScore"":27}]",0,2025-09-17 09:06:14.765+00
668b533a-8c72-4f68-ad29-0420707fd429,teacher,12636ff5-5c7b-4216-b1c8-d4977c6713b7,e1674f11-aa30-426f-846a-543c58379a76,1307,"[{""id"":""f9bec5cd-fd20-441f-ad7e-5655e2d5ce39"",""maxScore"":36,""responses"":[{""score"":2,""criteriaId"":""lesson_planning"",""selectedOption"":""Basic lesson plan exists but lacks detail and structure""},{""score"":1,""criteriaId"":""subject_knowledge"",""selectedOption"":""Limited subject knowledge with frequent errors""},{""score"":1,""criteriaId"":""teaching_methods"",""selectedOption"":""Uses only traditional lecture methods with no variety""},{""score"":2,""comment"":""There are no displays in the classrooms."",""criteriaId"":""classroom_management"",""selectedOption"":""Basic classroom management with some behavioral issues""},{""score"":2,""comment"":""basic interaction with children. children are good."",""criteriaId"":""student_interaction"",""selectedOption"":""Basic interaction with limited student engagement""},{""score"":1,""criteriaId"":""assessment_feedback"",""selectedOption"":""No formal assessment or feedback provided""},{""score"":0,""criteriaId"":""technology_integration"",""selectedOption"":""Not Applicable""},{""score"":1,""criteriaId"":""professional_development"",""selectedOption"":""No evidence of professional development activities""},{""score"":2,""criteriaId"":""collaboration"",""selectedOption"":""Limited collaboration with colleagues""},{""score"":3,""criteriaId"":""punctuality_attendance"",""selectedOption"":""Good attendance and punctuality with rare absences""}],""timestamp"":""2025-11-03T07:39:53.685Z"",""totalScore"":15}]",0,2025-11-03 07:39:53.686+00
674ddc7e-eddf-4ee7-ba4f-20c5f74664b7,teacher,063b8b83-f6ce-4a76-a4dc-5c40418d277d,a62638b1-d73d-4331-b89d-1b478bbd6d1b,9511,"[{""id"":""481ec0b9-788a-452c-a6e2-c040c78c6e56"",""maxScore"":36,""responses"":[{""score"":3,""criteriaId"":""lesson_planning"",""selectedOption"":""Well-structured lesson plan with clear objectives and activities""},{""score"":3,""criteriaId"":""subject_knowledge"",""selectedOption"":""Good subject knowledge with clear explanations""},{""score"":3,""criteriaId"":""teaching_methods"",""selectedOption"":""Uses multiple teaching strategies with some student engagement""},{""score"":3,""criteriaId"":""classroom_management"",""selectedOption"":""Good classroom management with clear rules and procedures""},{""score"":3,""criteriaId"":""student_interaction"",""selectedOption"":""Good communication with regular student interaction""},{""score"":3,""criteriaId"":""assessment_feedback"",""selectedOption"":""Regular assessment with constructive feedback""},{""score"":0,""comment"":""Didn't observed during the Audit "",""criteriaId"":""technology_integration"",""selectedOption"":""Not Applicable""},{""score"":3,""criteriaId"":""professional_development"",""selectedOption"":""Regular participation in professional development activities""},{""score"":3,""criteriaId"":""collaboration"",""selectedOption"":""Good collaboration and teamwork with staff""},{""score"":3,""criteriaId"":""punctuality_attendance"",""selectedOption"":""Good attendance and punctuality with rare absences""}],""timestamp"":""2025-09-09T10:00:49.255Z"",""totalScore"":27}]",0,2025-09-09 10:00:49.256+00
683e278f-8d4a-41e5-a396-34c6e9e4dd7d,teacher,ec4613e2-b3b4-4ba9-9ddf-cb2423bc86ef,8731e550-71eb-41b4-993f-35b1acbcccba,9328,"[{""id"":""9bd42591-0556-4f19-b632-93939b2e652a"",""maxScore"":40,""responses"":[{""score"":3,""criteriaId"":""lesson_planning"",""selectedOption"":""Well-structured lesson plan with clear objectives and activities""},{""score"":2,""criteriaId"":""subject_knowledge"",""selectedOption"":""Basic subject knowledge with occasional inaccuracies""},{""score"":3,""criteriaId"":""teaching_methods"",""selectedOption"":""Uses multiple teaching strategies with some student engagement""},{""score"":3,""criteriaId"":""classroom_management"",""selectedOption"":""Good classroom management with clear rules and procedures""},{""score"":3,""criteriaId"":""student_interaction"",""selectedOption"":""Good communication with regular student interaction""},{""score"":2,""criteriaId"":""assessment_feedback"",""selectedOption"":""Basic assessment with limited feedback""},{""score"":2,""criteriaId"":""technology_integration"",""selectedOption"":""Basic use of technology with limited effectiveness""},{""score"":3,""criteriaId"":""professional_development"",""selectedOption"":""Regular participation in professional development activities""},{""score"":3,""criteriaId"":""collaboration"",""selectedOption"":""Good collaboration and teamwork with staff""},{""score"":3,""criteriaId"":""punctuality_attendance"",""selectedOption"":""Good attendance and punctuality with rare absences""}],""timestamp"":""2025-09-30T11:33:25.014Z"",""totalScore"":27}]",0,2025-09-30 11:33:25.014+00
684c5d4b-1bee-40f9-994f-8ec053512ee9,mentor,2b8117be-b9af-44d5-8f79-23fada8eafbf,5efd2fdf-5d63-407b-9103-8aeb8f090ba9,5469,"[{""id"":""eced01c2-9377-4e96-8df8-9b0b5598af1f"",""maxScore"":40,""responses"":[{""score"":2,""comment"":""She supports and guide the teacher of H2 as she is a new teacher."",""criteriaId"":""mentoring_skills"",""selectedOption"":""Basic mentoring abilities with limited impact""},{""score"":2,""comment"":""For slow learners, she will make the child to stay along with her for sometime and make her write. "",""criteriaId"":""student_support"",""selectedOption"":""Basic support with limited follow-up""},{""score"":1,""comment"":""There are no records with her of MOM or any other meeting. All the records are with HM."",""criteriaId"":""program_coordination"",""selectedOption"":""Poor coordination with frequent organizational issues""},{""score"":2,""comment"":""There is no proper communication or cordination with the mentor."",""criteriaId"":""communication_skills"",""selectedOption"":""Basic communication with limited effectiveness""},{""score"":1,""criteriaId"":""problem_solving"",""selectedOption"":""Ineffective at resolving conflicts or problems""},{""score"":1,""criteriaId"":""professional_knowledge"",""selectedOption"":""Limited knowledge in area of expertise""},{""score"":1,""comment"":""There is no leadership qualities."",""criteriaId"":""initiative_leadership"",""selectedOption"":""Shows no initiative or leadership qualities""},{""score"":2,""comment"":""All the records are maintained with HM. No assessments or checklist is uploaded in the drive."",""criteriaId"":""record_keeping"",""selectedOption"":""Basic record keeping with some gaps""},{""score"":3,""comment"":""PTM records are maintained well. There is good communication with the parents"",""criteriaId"":""parent_community_engagement"",""selectedOption"":""Good engagement with positive community relationships""},{""score"":1,""criteriaId"":""reliability_commitment"",""selectedOption"":""Unreliable with poor commitment to responsibilities""}],""timestamp"":""2025-10-15T08:16:42.391Z"",""totalScore"":16},{""id"":""afd97605-78a7-42cb-bc6a-577731cb62d8"",""maxScore"":40,""responses"":[{""score"":2,""comment"":""She supports and guide the teacher of H2 as she is a new teacher."",""criteriaId"":""mentoring_skills"",""selectedOption"":""Basic mentoring abilities with limited impact""},{""score"":2,""comment"":""For slow learners, she will make the child to stay along with her for sometime and make her write. "",""criteriaId"":""student_support"",""selectedOption"":""Basic support with limited follow-up""},{""score"":1,""comment"":""There are no records with her of MOM or any other meeting. All the records are with HM."",""criteriaId"":""program_coordination"",""selectedOption"":""Poor coordination with frequent organizational issues""},{""score"":2,""comment"":""There is no proper communication or cordination with the mentor."",""criteriaId"":""communication_skills"",""selectedOption"":""Basic communication with limited effectiveness""},{""score"":1,""criteriaId"":""problem_solving"",""selectedOption"":""Ineffective at resolving conflicts or problems""},{""score"":1,""criteriaId"":""professional_knowledge"",""selectedOption"":""Limited knowledge in area of expertise""},{""score"":1,""comment"":""There is no leadership qualities."",""criteriaId"":""initiative_leadership"",""selectedOption"":""Shows no initiative or leadership qualities""},{""score"":2,""comment"":""All the records are maintained with HM. No assessments or checklist is uploaded in the drive."",""criteriaId"":""record_keeping"",""selectedOption"":""Basic record keeping with some gaps""},{""score"":3,""comment"":""PTM records are maintained well. There is good communication with the parents"",""criteriaId"":""parent_community_engagement"",""selectedOption"":""Good engagement with positive community relationships""},{""score"":1,""criteriaId"":""reliability_commitment"",""selectedOption"":""Unreliable with poor commitment to responsibilities""}],""timestamp"":""2025-10-15T11:08:06.582Z"",""totalScore"":16}]",1,2025-10-15 08:16:42.391+00
68fd5660-830b-4b25-9507-26b4b353deb9,teacher,57833cb1-e818-40c4-8c02-ad61af352b99,a0a55727-62c1-4ec1-9b64-41f8af4f37ec,5919,"[{""id"":""cc3426c1-f2d0-4332-9b6e-b69c7aa426a4"",""maxScore"":40,""responses"":[{""score"":4,""criteriaId"":""lesson_planning"",""selectedOption"":""Comprehensive lesson plan with differentiated activities and assessment strategies""},{""score"":3,""criteriaId"":""subject_knowledge"",""selectedOption"":""Good subject knowledge with clear explanations""},{""score"":3,""criteriaId"":""teaching_methods"",""selectedOption"":""Uses multiple teaching strategies with some student engagement""},{""score"":4,""criteriaId"":""classroom_management"",""selectedOption"":""Excellent classroom environment that promotes learning and respect""},{""score"":4,""criteriaId"":""student_interaction"",""selectedOption"":""Excellent rapport with students, encouraging and supportive communication""},{""score"":4,""criteriaId"":""assessment_feedback"",""selectedOption"":""Comprehensive assessment strategies with detailed, actionable feedback""},{""score"":4,""criteriaId"":""technology_integration"",""selectedOption"":""Innovative and effective use of technology to transform learning experiences""},{""score"":4,""criteriaId"":""professional_development"",""selectedOption"":""Active pursuit of professional growth with evidence of implementation""},{""score"":4,""criteriaId"":""collaboration"",""selectedOption"":""Excellent collaborative skills, actively contributes to school community""},{""score"":3,""criteriaId"":""punctuality_attendance"",""selectedOption"":""Good attendance and punctuality with rare absences""}],""timestamp"":""2025-09-18T05:47:16.768Z"",""totalScore"":37},{""id"":""2a8cd0f5-b528-440a-bae6-45f09d756802"",""maxScore"":40,""responses"":[{""score"":3,""criteriaId"":""lesson_planning"",""selectedOption"":""Well-structured lesson plan with clear objectives and activities""},{""score"":3,""criteriaId"":""subject_knowledge"",""selectedOption"":""Good subject knowledge with clear explanations""},{""score"":3,""criteriaId"":""teaching_methods"",""selectedOption"":""Uses multiple teaching strategies with some student engagement""},{""score"":4,""criteriaId"":""classroom_management"",""selectedOption"":""Excellent classroom environment that promotes learning and respect""},{""score"":4,""criteriaId"":""student_interaction"",""selectedOption"":""Excellent rapport with students, encouraging and supportive communication""},{""score"":4,""criteriaId"":""assessment_feedback"",""selectedOption"":""Comprehensive assessment strategies with detailed, actionable feedback""},{""score"":4,""criteriaId"":""technology_integration"",""selectedOption"":""Innovative and effective use of technology to transform learning experiences""},{""score"":4,""criteriaId"":""professional_development"",""selectedOption"":""Active pursuit of professional growth with evidence of implementation""},{""score"":4,""criteriaId"":""collaboration"",""selectedOption"":""Excellent collaborative skills, actively contributes to school community""},{""score"":3,""criteriaId"":""punctuality_attendance"",""selectedOption"":""Good attendance and punctuality with rare absences""}],""timestamp"":""2025-09-18T05:53:31.548Z"",""totalScore"":36},{""id"":""c4483018-f9bd-44ef-8de6-011f676a4f23"",""maxScore"":40,""responses"":[{""score"":3,""comment"":""Teacher had materials (flashcards) prepared and followed the planned steps. Sentences were partly EVS-based; better pre-planning of full sentence sets could enhance lesson readiness."",""criteriaId"":""lesson_planning"",""selectedOption"":""Well-structured lesson plan with clear objectives and activities""},{""score"":3,""comment"":""Demonstrated clear understanding of vocabulary words and related actions. Could link the words more effectively to context for deeper comprehension."",""criteriaId"":""subject_knowledge"",""selectedOption"":""Good subject knowledge with clear explanations""},{""score"":3,""comment"":""Followed the structured procedure effectively—introduction, instruction, activity, and recap. However, pacing during card distribution and transitions could be smoother."",""criteriaId"":""teaching_methods"",""selectedOption"":""Uses multiple teaching strategies with some student engagement""},{""score"":2,""comment"":""Some students were inattentive during the session. Seating and movement guidelines should be reinforced to maintain discipline and minimize distractions."",""criteriaId"":""classroom_management"",""selectedOption"":""Basic classroom management with some behavioral issues""},{""score"":4,""comment"":""Students participated actively in card-based activities. Teacher gave clear verbal instructions."",""criteriaId"":""student_interaction"",""selectedOption"":""Excellent rapport with students, encouraging and supportive communication""},{""score"":4,""comment"":""Recap was done effectively, reinforcing vocabulary learned. However, checking individual understanding or brief oral assessment would make feedback stronger./"",""criteriaId"":""assessment_feedback"",""selectedOption"":""Comprehensive assessment strategies with detailed, actionable feedback""},{""score"":4,""criteriaId"":""technology_integration"",""selectedOption"":""Innovative and effective use of technology to transform learning experiences""},{""score"":4,""comment"":""Teacher shows a good grasp of procedure and willingness to apply structured learning steps. Continued focus on technique refinement will yield better results."",""criteriaId"":""professional_development"",""selectedOption"":""Active pursuit of professional growth with evidence of implementation""},{""score"":4,""comment"":""Cooperative attitude noted; activity aligned with school’s vocabulary-building framework. Can share strategies with peers for consistency across classrooms."",""criteriaId"":""collaboration"",""selectedOption"":""Excellent collaborative skills, actively contributes to school community""},{""score"":3,""criteriaId"":""punctuality_attendance"",""selectedOption"":""Good attendance and punctuality with rare absences""}],""timestamp"":""2025-10-27T04:55:53.569Z"",""totalScore"":34}]",2,2025-09-18 05:47:16.768+00
6b865de9-37a7-49f8-8d80-cb5ff350eadc,teacher,26909e41-cf2c-46ca-8c8c-bfa67285b1b2,ef25a4fb-1184-4a09-83a6-d4c5f838ff00,9455,"[{""id"":""ea6f2224-4fd6-4b5a-90bf-44213a0bb3df"",""maxScore"":36,""responses"":[{""score"":1,""criteriaId"":""lesson_planning"",""selectedOption"":""No evidence of lesson planning or preparation""},{""score"":1,""criteriaId"":""subject_knowledge"",""selectedOption"":""Limited subject knowledge with frequent errors""},{""score"":1,""comment"":""teacher is not using any methods of teaching."",""criteriaId"":""teaching_methods"",""selectedOption"":""Uses only traditional lecture methods with no variety""},{""score"":2,""criteriaId"":""classroom_management"",""selectedOption"":""Basic classroom management with some behavioral issues""},{""score"":1,""comment"":""There was no interaction between student and teacher."",""criteriaId"":""student_interaction"",""selectedOption"":""Minimal interaction with students, poor communication""},{""score"":2,""criteriaId"":""assessment_feedback"",""selectedOption"":""Basic assessment with limited feedback""},{""score"":0,""comment"":""There is no use of technology."",""criteriaId"":""technology_integration"",""selectedOption"":""Not Applicable""},{""score"":1,""criteriaId"":""professional_development"",""selectedOption"":""No evidence of professional development activities""},{""score"":2,""criteriaId"":""collaboration"",""selectedOption"":""Limited collaboration with colleagues""},{""score"":2,""criteriaId"":""punctuality_attendance"",""selectedOption"":""Occasional absences or tardiness with some impact""}],""timestamp"":""2025-09-04T08:26:20.505Z"",""totalScore"":13},{""id"":""2e21c934-110c-4cc3-9918-1dbfa19f9582"",""maxScore"":36,""responses"":[{""score"":1,""criteriaId"":""lesson_planning"",""selectedOption"":""No evidence of lesson planning or preparation""},{""score"":1,""criteriaId"":""subject_knowledge"",""selectedOption"":""Limited subject knowledge with frequent errors""},{""score"":1,""comment"":""teacher is not using any methods of teaching."",""criteriaId"":""teaching_methods"",""selectedOption"":""Uses only traditional lecture methods with no variety""},{""score"":2,""criteriaId"":""classroom_management"",""selectedOption"":""Basic classroom management with some behavioral issues""},{""score"":1,""comment"":""There was no interaction between student and teacher."",""criteriaId"":""student_interaction"",""selectedOption"":""Minimal interaction with students, poor communication""},{""score"":2,""criteriaId"":""assessment_feedback"",""selectedOption"":""Basic assessment with limited feedback""},{""score"":0,""comment"":""There is no use of technology."",""criteriaId"":""technology_integration"",""selectedOption"":""Not Applicable""},{""score"":1,""criteriaId"":""professional_development"",""selectedOption"":""No evidence of professional development activities""},{""score"":2,""criteriaId"":""collaboration"",""selectedOption"":""Limited collaboration with colleagues""},{""score"":2,""criteriaId"":""punctuality_attendance"",""selectedOption"":""Occasional absences or tardiness with some impact""}],""timestamp"":""2025-09-04T10:38:28.484Z"",""totalScore"":13}]",1,2025-09-04 08:26:20.505+00
6bba8ab4-1291-4d1f-9835-462e6410adb9,teacher,e2941e0f-b796-4573-8f2d-b7b562f42595,5efd2fdf-5d63-407b-9103-8aeb8f090ba9,9980,"[{""id"":""82ed9128-da74-4ae0-ace7-afcb93cdbda9"",""maxScore"":40,""responses"":[{""score"":1,""comment"":""No evidence of lesson planning was observe."",""criteriaId"":""lesson_planning"",""selectedOption"":""No evidence of lesson planning or preparation""},{""score"":1,""comment"":""she is a new teacher, training is required."",""criteriaId"":""subject_knowledge"",""selectedOption"":""Limited subject knowledge with frequent errors""},{""score"":1,""comment"":""She was teaching Upper case letters for H2 students."",""criteriaId"":""teaching_methods"",""selectedOption"":""Uses only traditional lecture methods with no variety""},{""score"":1,""comment"":""Children were distracted."",""criteriaId"":""classroom_management"",""selectedOption"":""Poor classroom control with frequent disruptions""},{""score"":1,""comment"":""Poor interaction with the students."",""criteriaId"":""student_interaction"",""selectedOption"":""Minimal interaction with students, poor communication""},{""score"":1,""criteriaId"":""assessment_feedback"",""selectedOption"":""No formal assessment or feedback provided""},{""score"":2,""comment"":""Smart TVs was used for rhymes."",""criteriaId"":""technology_integration"",""selectedOption"":""Basic use of technology with limited effectiveness""},{""score"":1,""comment"":""she is a  new teacher."",""criteriaId"":""professional_development"",""selectedOption"":""No evidence of professional development activities""},{""score"":2,""comment"":""she take help from Mentors whenever needed."",""criteriaId"":""collaboration"",""selectedOption"":""Limited collaboration with colleagues""},{""score"":3,""comment"":""Good attendance"",""criteriaId"":""punctuality_attendance"",""selectedOption"":""Good attendance and punctuality with rare absences""}],""timestamp"":""2025-10-16T06:44:27.096Z"",""totalScore"":14}]",0,2025-10-16 06:44:27.097+00
6cc9d6d8-7456-4352-9f9f-07fa645c0b84,mentor,ce28b089-78a4-452e-9815-43ade6f39487,a02256d5-928d-4604-bbad-82dc91cd683e,6030,"[{""id"":""bccceeb1-2bb8-446e-9810-842466a237a2"",""maxScore"":40,""responses"":[{""score"":3,""criteriaId"":""mentoring_skills"",""selectedOption"":""Good mentoring skills with positive influence on mentees""},{""score"":2,""criteriaId"":""student_support"",""selectedOption"":""Basic support with limited follow-up""},{""score"":3,""criteriaId"":""program_coordination"",""selectedOption"":""Good coordination with well-managed programs""},{""score"":3,""criteriaId"":""communication_skills"",""selectedOption"":""Good communication skills with positive relationships""},{""score"":3,""criteriaId"":""problem_solving"",""selectedOption"":""Good problem-solving skills with effective resolutions""},{""score"":2,""criteriaId"":""professional_knowledge"",""selectedOption"":""Basic knowledge with some gaps""},{""score"":3,""criteriaId"":""initiative_leadership"",""selectedOption"":""Good initiative with emerging leadership qualities""},{""score"":3,""criteriaId"":""record_keeping"",""selectedOption"":""Good record keeping with organized documentation""},{""score"":3,""criteriaId"":""parent_community_engagement"",""selectedOption"":""Good engagement with positive community relationships""},{""score"":3,""criteriaId"":""reliability_commitment"",""selectedOption"":""Good reliability with consistent performance""}],""timestamp"":""2025-09-26T11:35:07.638Z"",""totalScore"":28}]",0,2025-09-26 11:35:07.638+00
6d761afc-a5e1-473a-88a3-0f7ae09bd7eb,mentor,983dc0ba-b820-41ca-80a3-1120b2df1399,b1e31d99-6c77-4cd8-aabb-96c5223c819a,8410,"[{""id"":""f517b8d0-752f-4419-b9bd-179e89de08ea"",""maxScore"":40,""responses"":[{""score"":3,""criteriaId"":""mentoring_skills"",""selectedOption"":""Good mentoring skills with positive influence on mentees""},{""score"":3,""criteriaId"":""student_support"",""selectedOption"":""Good support system with regular check-ins""},{""score"":4,""criteriaId"":""program_coordination"",""selectedOption"":""Excellent coordination with innovative and efficient program management""},{""score"":3,""criteriaId"":""communication_skills"",""selectedOption"":""Good communication skills with positive relationships""},{""score"":3,""criteriaId"":""problem_solving"",""selectedOption"":""Good problem-solving skills with effective resolutions""},{""score"":3,""criteriaId"":""professional_knowledge"",""selectedOption"":""Good knowledge with competent application""},{""score"":3,""criteriaId"":""initiative_leadership"",""selectedOption"":""Good initiative with emerging leadership qualities""},{""score"":3,""criteriaId"":""record_keeping"",""selectedOption"":""Good record keeping with organized documentation""},{""score"":3,""criteriaId"":""parent_community_engagement"",""selectedOption"":""Good engagement with positive community relationships""},{""score"":3,""criteriaId"":""reliability_commitment"",""selectedOption"":""Good reliability with consistent performance""}],""timestamp"":""2025-10-28T10:02:54.368Z"",""totalScore"":31}]",0,2025-10-28 10:02:54.368+00
6d95136e-4fd2-4029-91bd-547660a5e186,teacher,ed86577d-57c6-4fd0-8438-d4fc12a066b1,8c1fa765-a67c-42f6-b6d9-cd13e8066c57,4748,"[{""id"":""b6f4212c-7f5a-45ad-8176-f65f479ab41c"",""maxScore"":40,""responses"":[{""score"":3,""criteriaId"":""lesson_planning"",""selectedOption"":""Well-structured lesson plan with clear objectives and activities""},{""score"":2,""criteriaId"":""subject_knowledge"",""selectedOption"":""Basic subject knowledge with occasional inaccuracies""},{""score"":3,""criteriaId"":""teaching_methods"",""selectedOption"":""Uses multiple teaching strategies with some student engagement""},{""score"":3,""criteriaId"":""classroom_management"",""selectedOption"":""Good classroom management with clear rules and procedures""},{""score"":2,""criteriaId"":""student_interaction"",""selectedOption"":""Basic interaction with limited student engagement""},{""score"":3,""criteriaId"":""assessment_feedback"",""selectedOption"":""Regular assessment with constructive feedback""},{""score"":3,""criteriaId"":""technology_integration"",""selectedOption"":""Good integration of technology to enhance learning""},{""score"":3,""criteriaId"":""professional_development"",""selectedOption"":""Regular participation in professional development activities""},{""score"":3,""criteriaId"":""collaboration"",""selectedOption"":""Good collaboration and teamwork with staff""},{""score"":3,""criteriaId"":""punctuality_attendance"",""selectedOption"":""Good attendance and punctuality with rare absences""}],""timestamp"":""2025-09-19T08:39:11.453Z"",""totalScore"":28},{""id"":""c7c68ddc-299e-48ee-9065-dedc166384e7"",""maxScore"":36,""responses"":[{""score"":3,""comment"":""Lesson was planned with materials ready; recap missing slightly affected completeness."",""criteriaId"":""lesson_planning"",""selectedOption"":""Well-structured lesson plan with clear objectives and activities""},{""score"":2,""comment"":""Explained words clearly but sentences were EVS-based rather than focused on vocabulary usage in context. Needs better alignment with language objectives."",""criteriaId"":""subject_knowledge"",""selectedOption"":""Basic subject knowledge with occasional inaccuracies""},{""score"":3,""comment"":""Used flashcards, actions, and student participation effectively; could improve timing and transitions."",""criteriaId"":""teaching_methods"",""selectedOption"":""Uses multiple teaching strategies with some student engagement""},{""score"":3,""comment"":""Maintained a positive learning environment; proper seating arrangement followed."",""criteriaId"":""classroom_management"",""selectedOption"":""Good classroom management with clear rules and procedures""},{""score"":3,""comment"":""Students actively participated and followed instructions; could encourage more peer interaction."",""criteriaId"":""student_interaction"",""selectedOption"":""Good communication with regular student interaction""},{""score"":2,""comment"":""Recap/assessment step was missing — no evaluation of student learning at the end."",""criteriaId"":""assessment_feedback"",""selectedOption"":""Basic assessment with limited feedback""},{""score"":0,""criteriaId"":""technology_integration"",""selectedOption"":""Not Applicable""},{""score"":3,""comment"":""Shows awareness of structured teaching steps; can strengthen practice through reflection and feedback."",""criteriaId"":""professional_development"",""selectedOption"":""Regular participation in professional development activities""},{""score"":3,""comment"":""Demonstrates good coordination with peers and follows the school’s teaching procedures effectively."",""criteriaId"":""collaboration"",""selectedOption"":""Good collaboration and teamwork with staff""},{""score"":3,""criteriaId"":""punctuality_attendance"",""selectedOption"":""Good attendance and punctuality with rare absences""}],""timestamp"":""2025-10-29T16:26:47.486Z"",""totalScore"":25}]",1,2025-09-19 08:39:11.453+00
737f43a6-a225-4a89-bf72-01ec6c495434,teacher,5cc4945c-231e-4886-a5fe-5b14d7eaf5ff,e31eb51b-9097-4a4a-9331-e808af62a3a9,3019,"[{""id"":""e869b74a-d025-4c32-8d15-61bd161ebf31"",""maxScore"":36,""responses"":[{""score"":2,""comment"":""Teacher does the preparation of lesson plans with the mentor after the school hours."",""criteriaId"":""lesson_planning"",""selectedOption"":""Basic lesson plan exists but lacks detail and structure""},{""score"":1,""criteriaId"":""subject_knowledge"",""selectedOption"":""Limited subject knowledge with frequent errors""},{""score"":2,""comment"":""Not much teaching methods are used in the class."",""criteriaId"":""teaching_methods"",""selectedOption"":""Limited variety in teaching methods, mostly teacher-centered""},{""score"":3,""comment"":""Classrooms are good with airy and ventilated."",""criteriaId"":""classroom_management"",""selectedOption"":""Good classroom management with clear rules and procedures""},{""score"":2,""comment"":""students were distracted. "",""criteriaId"":""student_interaction"",""selectedOption"":""Basic interaction with limited student engagement""},{""score"":1,""criteriaId"":""assessment_feedback"",""selectedOption"":""No formal assessment or feedback provided""},{""score"":0,""comment"":""NA"",""criteriaId"":""technology_integration"",""selectedOption"":""Not Applicable""},{""score"":1,""comment"":""teacher needs to improve."",""criteriaId"":""professional_development"",""selectedOption"":""No evidence of professional development activities""},{""score"":2,""criteriaId"":""collaboration"",""selectedOption"":""Limited collaboration with colleagues""},{""score"":3,""criteriaId"":""punctuality_attendance"",""selectedOption"":""Good attendance and punctuality with rare absences""}],""timestamp"":""2025-10-17T10:09:46.159Z"",""totalScore"":17},{""id"":""8f427f17-d1b9-4814-922a-f0322ae8eed1"",""maxScore"":36,""responses"":[{""score"":2,""comment"":""Teacher does the preparation of lesson plans with the mentor after the school hours."",""criteriaId"":""lesson_planning"",""selectedOption"":""Basic lesson plan exists but lacks detail and structure""},{""score"":1,""criteriaId"":""subject_knowledge"",""selectedOption"":""Limited subject knowledge with frequent errors""},{""score"":2,""comment"":""Not much teaching methods are used in the class."",""criteriaId"":""teaching_methods"",""selectedOption"":""Limited variety in teaching methods, mostly teacher-centered""},{""score"":3,""comment"":""Classrooms are good with airy and ventilated."",""criteriaId"":""classroom_management"",""selectedOption"":""Good classroom management with clear rules and procedures""},{""score"":2,""comment"":""students were distracted. "",""criteriaId"":""student_interaction"",""selectedOption"":""Basic interaction with limited student engagement""},{""score"":1,""criteriaId"":""assessment_feedback"",""selectedOption"":""No formal assessment or feedback provided""},{""score"":0,""comment"":""NA"",""criteriaId"":""technology_integration"",""selectedOption"":""Not Applicable""},{""score"":1,""comment"":""teacher needs to improve."",""criteriaId"":""professional_development"",""selectedOption"":""No evidence of professional development activities""},{""score"":2,""criteriaId"":""collaboration"",""selectedOption"":""Limited collaboration with colleagues""},{""score"":3,""criteriaId"":""punctuality_attendance"",""selectedOption"":""Good attendance and punctuality with rare absences""}],""timestamp"":""2025-10-17T10:10:14.733Z"",""totalScore"":17}]",1,2025-10-17 10:09:46.16+00
76c94233-3061-4388-a6f8-c22c3df6628c,teacher,fdf30474-c613-43d5-9865-d0e52856f095,e31eb51b-9097-4a4a-9331-e808af62a3a9,5724,"[{""id"":""cc7f1771-22a7-4f64-890d-6e8a17777c4f"",""maxScore"":40,""responses"":[{""score"":2,""comment"":""she does the lesson planning with other teachers and mentor after the school hours."",""criteriaId"":""lesson_planning"",""selectedOption"":""Basic lesson plan exists but lacks detail and structure""},{""score"":1,""criteriaId"":""subject_knowledge"",""selectedOption"":""Limited subject knowledge with frequent errors""},{""score"":2,""comment"":""teacher has used only flash cards in the class. No other teaching method was used."",""criteriaId"":""teaching_methods"",""selectedOption"":""Limited variety in teaching methods, mostly teacher-centered""},{""score"":3,""comment"":""Classrooms are airy and ventilated."",""criteriaId"":""classroom_management"",""selectedOption"":""Good classroom management with clear rules and procedures""},{""score"":2,""comment"":""Not much interaction with the students."",""criteriaId"":""student_interaction"",""selectedOption"":""Basic interaction with limited student engagement""},{""score"":1,""criteriaId"":""assessment_feedback"",""selectedOption"":""No formal assessment or feedback provided""},{""score"":1,""comment"":""\nNo use of technology in teaching"",""criteriaId"":""technology_integration"",""selectedOption"":""No use of technology in teaching""},{""score"":1,""criteriaId"":""professional_development"",""selectedOption"":""No evidence of professional development activities""},{""score"":2,""criteriaId"":""collaboration"",""selectedOption"":""Limited collaboration with colleagues""},{""score"":3,""comment"":""Teacher maintains her punctuality"",""criteriaId"":""punctuality_attendance"",""selectedOption"":""Good attendance and punctuality with rare absences""}],""timestamp"":""2025-10-17T08:13:27.137Z"",""totalScore"":18}]",0,2025-10-17 08:13:27.137+00
7852c3da-2b44-439f-908a-7338f5bd5651,teacher,c1e1700f-537b-4526-9917-cb34abc65b6f,1d81faf3-1166-42f2-8dd3-8d51102b1a92,5910,"[{""id"":""5b8142b9-1f8b-48fa-92c4-a26b0102e614"",""maxScore"":40,""responses"":[{""score"":3,""criteriaId"":""lesson_planning"",""selectedOption"":""Well-structured lesson plan with clear objectives and activities""},{""score"":3,""criteriaId"":""subject_knowledge"",""selectedOption"":""Good subject knowledge with clear explanations""},{""score"":3,""criteriaId"":""teaching_methods"",""selectedOption"":""Uses multiple teaching strategies with some student engagement""},{""score"":3,""criteriaId"":""classroom_management"",""selectedOption"":""Good classroom management with clear rules and procedures""},{""score"":3,""criteriaId"":""student_interaction"",""selectedOption"":""Good communication with regular student interaction""},{""score"":3,""criteriaId"":""assessment_feedback"",""selectedOption"":""Regular assessment with constructive feedback""},{""score"":3,""criteriaId"":""technology_integration"",""selectedOption"":""Good integration of technology to enhance learning""},{""score"":3,""criteriaId"":""professional_development"",""selectedOption"":""Regular participation in professional development activities""},{""score"":3,""criteriaId"":""collaboration"",""selectedOption"":""Good collaboration and teamwork with staff""},{""score"":3,""criteriaId"":""punctuality_attendance"",""selectedOption"":""Good attendance and punctuality with rare absences""}],""timestamp"":""2025-07-15T05:53:41.830Z"",""totalScore"":30},{""id"":""e950061c-0892-4909-a7ae-90ef4feb7562"",""maxScore"":40,""responses"":[{""score"":3,""criteriaId"":""lesson_planning"",""selectedOption"":""Well-structured lesson plan with clear objectives and activities""},{""score"":3,""criteriaId"":""subject_knowledge"",""selectedOption"":""Good subject knowledge with clear explanations""},{""score"":3,""criteriaId"":""teaching_methods"",""selectedOption"":""Uses multiple teaching strategies with some student engagement""},{""score"":3,""criteriaId"":""classroom_management"",""selectedOption"":""Good classroom management with clear rules and procedures""},{""score"":3,""criteriaId"":""student_interaction"",""selectedOption"":""Good communication with regular student interaction""},{""score"":3,""criteriaId"":""assessment_feedback"",""selectedOption"":""Regular assessment with constructive feedback""},{""score"":3,""criteriaId"":""technology_integration"",""selectedOption"":""Good integration of technology to enhance learning""},{""score"":3,""criteriaId"":""professional_development"",""selectedOption"":""Regular participation in professional development activities""},{""score"":3,""criteriaId"":""collaboration"",""selectedOption"":""Good collaboration and teamwork with staff""},{""score"":3,""criteriaId"":""punctuality_attendance"",""selectedOption"":""Good attendance and punctuality with rare absences""}],""timestamp"":""2025-07-15T06:16:26.815Z"",""totalScore"":30},{""id"":""e18302e2-f0db-4791-9e21-7b96872f7403"",""maxScore"":40,""responses"":[{""score"":3,""criteriaId"":""lesson_planning"",""selectedOption"":""Well-structured lesson plan with clear objectives and activities""},{""score"":3,""criteriaId"":""subject_knowledge"",""selectedOption"":""Good subject knowledge with clear explanations""},{""score"":3,""criteriaId"":""teaching_methods"",""selectedOption"":""Uses multiple teaching strategies with some student engagement""},{""score"":3,""criteriaId"":""classroom_management"",""selectedOption"":""Good classroom management with clear rules and procedures""},{""score"":3,""criteriaId"":""student_interaction"",""selectedOption"":""Good communication with regular student interaction""},{""score"":3,""criteriaId"":""assessment_feedback"",""selectedOption"":""Regular assessment with constructive feedback""},{""score"":3,""criteriaId"":""technology_integration"",""selectedOption"":""Good integration of technology to enhance learning""},{""score"":3,""criteriaId"":""professional_development"",""selectedOption"":""Regular participation in professional development activities""},{""score"":3,""criteriaId"":""collaboration"",""selectedOption"":""Good collaboration and teamwork with staff""},{""score"":3,""criteriaId"":""punctuality_attendance"",""selectedOption"":""Good attendance and punctuality with rare absences""}],""timestamp"":""2025-07-15T06:16:34.723Z"",""totalScore"":30}]",2,2025-07-15 05:53:41.831+00
789bee90-f435-42ac-b524-bff299372579,teacher,b6e8047a-8c9f-4ffe-81ba-65c659aca276,b1e31d99-6c77-4cd8-aabb-96c5223c819a,7226,"[{""id"":""11048e33-52b4-4d7b-b0fb-845b2d12bab3"",""maxScore"":40,""responses"":[{""score"":3,""criteriaId"":""lesson_planning"",""selectedOption"":""Well-structured lesson plan with clear objectives and activities""},{""score"":3,""criteriaId"":""subject_knowledge"",""selectedOption"":""Good subject knowledge with clear explanations""},{""score"":3,""criteriaId"":""teaching_methods"",""selectedOption"":""Uses multiple teaching strategies with some student engagement""},{""score"":2,""criteriaId"":""classroom_management"",""selectedOption"":""Basic classroom management with some behavioral issues""},{""score"":2,""criteriaId"":""student_interaction"",""selectedOption"":""Basic interaction with limited student engagement""},{""score"":3,""criteriaId"":""assessment_feedback"",""selectedOption"":""Regular assessment with constructive feedback""},{""score"":3,""criteriaId"":""technology_integration"",""selectedOption"":""Good integration of technology to enhance learning""},{""score"":3,""criteriaId"":""professional_development"",""selectedOption"":""Regular participation in professional development activities""},{""score"":3,""criteriaId"":""collaboration"",""selectedOption"":""Good collaboration and teamwork with staff""},{""score"":3,""criteriaId"":""punctuality_attendance"",""selectedOption"":""Good attendance and punctuality with rare absences""}],""timestamp"":""2025-10-28T08:15:38.025Z"",""totalScore"":28},{""id"":""d4964c46-71a0-4f27-8c03-5d3e4162bb14"",""maxScore"":36,""responses"":[{""score"":3,""comment"":""Lesson was planned and activities were ready; overall flow followed, but introduction could be more engaging."",""criteriaId"":""lesson_planning"",""selectedOption"":""Well-structured lesson plan with clear objectives and activities""},{""score"":3,""comment"":""Sentences could be improved for clarity and effectiveness; no action or voice modulation observed."",""criteriaId"":""subject_knowledge"",""selectedOption"":""Good subject knowledge with clear explanations""},{""score"":3,""criteriaId"":""teaching_methods"",""selectedOption"":""Uses multiple teaching strategies with some student engagement""},{""score"":2,""comment"":""Students participated, but more interaction could enhance focus."",""criteriaId"":""classroom_management"",""selectedOption"":""Basic classroom management with some behavioral issues""},{""score"":2,""comment"":""No clear instructions were given during activities; interaction limited."",""criteriaId"":""student_interaction"",""selectedOption"":""Basic interaction with limited student engagement""},{""score"":3,""comment"":""Recap was done, reinforcing learning, but without action or engaging methods."",""criteriaId"":""assessment_feedback"",""selectedOption"":""Regular assessment with constructive feedback""},{""score"":0,""criteriaId"":""technology_integration"",""selectedOption"":""Not Applicable""},{""score"":3,""comment"":""Teacher shows potential; focus needed on improving delivery techniques."",""criteriaId"":""professional_development"",""selectedOption"":""Regular participation in professional development activities""},{""score"":2,""comment"":""Followed basic procedures; collaborative elements not fully demonstrated"",""criteriaId"":""collaboration"",""selectedOption"":""Limited collaboration with colleagues""},{""score"":3,""criteriaId"":""punctuality_attendance"",""selectedOption"":""Good attendance and punctuality with rare absences""}],""timestamp"":""2025-10-29T17:32:12.919Z"",""totalScore"":24}]",1,2025-10-28 08:15:38.025+00
79543422-3c5b-4ac7-9883-7ede3f265741,teacher,d9eb338b-7403-4bf0-81a0-a165db4fc7bc,1de9aa42-d490-4c95-8b6e-ba759a2eab33,7834,"[{""id"":""2a5df99c-1bda-4227-8a8a-a2f8b27bbaaa"",""maxScore"":40,""responses"":[{""score"":2,""criteriaId"":""lesson_planning"",""selectedOption"":""Basic lesson plan exists but lacks detail and structure""},{""score"":2,""criteriaId"":""subject_knowledge"",""selectedOption"":""Basic subject knowledge with occasional inaccuracies""},{""score"":3,""criteriaId"":""teaching_methods"",""selectedOption"":""Uses multiple teaching strategies with some student engagement""},{""score"":3,""criteriaId"":""classroom_management"",""selectedOption"":""Good classroom management with clear rules and procedures""},{""score"":3,""criteriaId"":""student_interaction"",""selectedOption"":""Good communication with regular student interaction""},{""score"":2,""criteriaId"":""assessment_feedback"",""selectedOption"":""Basic assessment with limited feedback""},{""score"":2,""criteriaId"":""technology_integration"",""selectedOption"":""Basic use of technology with limited effectiveness""},{""score"":3,""criteriaId"":""professional_development"",""selectedOption"":""Regular participation in professional development activities""},{""score"":3,""criteriaId"":""collaboration"",""selectedOption"":""Good collaboration and teamwork with staff""},{""score"":3,""criteriaId"":""punctuality_attendance"",""selectedOption"":""Good attendance and punctuality with rare absences""}],""timestamp"":""2025-09-08T11:25:05.052Z"",""totalScore"":26}]",0,2025-09-08 11:25:05.053+00
797cc53f-77f0-46b0-add0-2b7c14a393f3,mentor,8f518629-baf5-4384-8ce8-7da2571a4b7c,462131bc-db2f-4b8f-95c0-8db9ddf0754b,4292,"[{""id"":""76814d15-4189-4508-9a4b-ae7837baa4ab"",""maxScore"":40,""responses"":[{""score"":3,""criteriaId"":""mentoring_skills"",""selectedOption"":""Good mentoring skills with positive influence on mentees""},{""score"":3,""criteriaId"":""student_support"",""selectedOption"":""Good support system with regular check-ins""},{""score"":3,""criteriaId"":""program_coordination"",""selectedOption"":""Good coordination with well-managed programs""},{""score"":3,""criteriaId"":""communication_skills"",""selectedOption"":""Good communication skills with positive relationships""},{""score"":3,""criteriaId"":""problem_solving"",""selectedOption"":""Good problem-solving skills with effective resolutions""},{""score"":3,""criteriaId"":""professional_knowledge"",""selectedOption"":""Good knowledge with competent application""},{""score"":3,""criteriaId"":""initiative_leadership"",""selectedOption"":""Good initiative with emerging leadership qualities""},{""score"":3,""criteriaId"":""record_keeping"",""selectedOption"":""Good record keeping with organized documentation""},{""score"":3,""criteriaId"":""parent_community_engagement"",""selectedOption"":""Good engagement with positive community relationships""},{""score"":3,""criteriaId"":""reliability_commitment"",""selectedOption"":""Good reliability with consistent performance""}],""timestamp"":""2025-09-26T04:44:28.177Z"",""totalScore"":30}]",0,2025-09-26 04:44:28.178+00
7afd0b7c-5bc8-4378-a74a-1c272ce13594,teacher,eec64fc2-00dc-4a4c-82bb-7cbabbc698f3,1d81faf3-1166-42f2-8dd3-8d51102b1a92,4513,"[{""id"":""eb348d2a-e94b-4f5c-8f1e-82457a631c94"",""maxScore"":0,""responses"":[{""score"":3,""criteriaId"":""curriculum-awareness"",""selectedOption"":""The teacher's responses show that she is confident with the curriculum adopted by the school. Her reflections show her enthusiasm to implement the curriculum at school. (80 to 89%)""},{""score"":3,""criteriaId"":""lesson-planning-participation"",""selectedOption"":""The teacher participates in lesson planning by attending the planning meetings with the mentor/s. She contributes to the planning by sharing her reflections and coming up with strategies to enhance teaching and learning practices at school.""},{""score"":3,""criteriaId"":""lesson-preparation"",""selectedOption"":""The teacher is well-planned for her lessons. She enters the class with her lesson plans and is confident in delivering the lessons as planned.""},{""score"":3,""criteriaId"":""classroom-accessibility"",""selectedOption"":""The classroom is well organized. All students get access to the teaching and learning resources. The seating arrangement is flexible and keeps changing based on the teaching activity.""},{""score"":4,""criteriaId"":""seating-arrangements"",""selectedOption"":""The teacher organizes seating arrangements as per Hauna's plans. The seating arrangement is flexible to suit the needs of the student/plan. (Semi circle/rows) In writing activities, she moves around to meet the needs of different learners/Call out names to ensure all students are catered to while teaching. She is able to reach out to all learners.""},{""score"":3,""criteriaId"":""teacher-positioning"",""selectedOption"":""The teacher's seating area/ teaching position is planned to ensure she has eye contact with all students. The teachers seating is on the same level as her students and she enjoys being one with them.""},{""score"":4,""criteriaId"":""classroom-displays"",""selectedOption"":""The classroom displays are child centric and reflect current learnings. All displays are labelled and have distinct borders. They address all subject areas and have a lot of interactive displays that the students enjoy working with. The teacher keeps adding new displays everyday and it fills a sense of awe and wonder in the students. The classroom is neat and has a visual appeal.""},{""score"":3,""criteriaId"":""lesson-recap"",""selectedOption"":""The teacher attempts to recap learning by using different strategies. (open-ended questions, quiz, flash cards etc.)""},{""score"":4,""criteriaId"":""instruction-clarity"",""selectedOption"":""The teacher's explanation is clear. She explains in simple child-friendly language. She is able to grasp the attention of all the students in her class. She modifies her instructions to support struggling learners.""},{""score"":3,""criteriaId"":""language-fluency"",""selectedOption"":""The teacher's language is fluent. She is able to express ideas in clear age-appropriate child-friendly language. She does not make any grammatical errors while speaking.""},{""score"":3,""criteriaId"":""classroom-interaction"",""selectedOption"":""The teacher has developed a relationship with the students in such a way that they all understand the norms of the class. Students are consistently motivated to interact freely without fear.""},{""score"":3,""criteriaId"":""student-questions"",""selectedOption"":""Students respond to the teacher's questions. Students asking questions were not observed.""},{""score"":3,""criteriaId"":""resource-usage"",""selectedOption"":""The teacher carries the resources as planned in the lesson plans. She is confident in using the resources for the activities planned for the class. She ensures all students get access to the teaching and learning materials.""},{""score"":4,""criteriaId"":""time-management"",""selectedOption"":""The teacher uses her class time effectively. The observer can very clearly make note of the different parts of her lesson (Intro, recap, plenary etc). She is very well organized and the transition from one domain to another is well coordinated.""},{""score"":3,""criteriaId"":""student-engagement"",""selectedOption"":""Except for a few, all students are engaged in learning.""},{""score"":3,""criteriaId"":""classroom-norms"",""selectedOption"":""The students are aware of the teacher's expectations/classroom norms. However she needs to keep reminding them to follow the norms at all times failing which many students get distracted.""},{""score"":4,""criteriaId"":""positive-reinforcement"",""selectedOption"":""All students are well-behaved. Positive reinforcements (praise, stars) observed in class.""},{""score"":4,""criteriaId"":""questioning-techniques"",""selectedOption"":""The teacher asks a lot of questions to check understanding in class. She tries her best to rephrase her questions to arrive at the expected answer. This strategy helps her to explain the concept to students who have not understood it. Her questions most of the time are open-ended.""},{""score"":3,""criteriaId"":""formative-assessment"",""selectedOption"":""The teacher uses her observation skills as well as student responses to check understanding. However, she does not maintain a record of the progress of her students.""},{""score"":3,""criteriaId"":""student-progress-awareness"",""selectedOption"":""The teacher is aware of her students' progress. She has no data recorded to provide clear evidence of progress.""},{""score"":4,""criteriaId"":""assessment-checklists"",""selectedOption"":""The teacher has maintained checklists to record assessment data. She has completed the assessments of all the students in her class.""},{""score"":3,""criteriaId"":""presentation-policy"",""selectedOption"":""The books are well maintained as per the policy. The teacher uses the board to teach formation and moves around the class to support all students. The students follow the teacher's instructions to complete their work. The students are trying their best to form letters correctly. A few students are struggling with their work.""},{""score"":4,""criteriaId"":""marking-policy"",""selectedOption"":""The teacher follows the policy for marking of books. She makes an effort to update marking of books on time. Students are motivated as she takes pains to give positive comments. She sets targets to children by giving them extra work to improve.""},{""score"":4,""criteriaId"":""reflection-practice"",""selectedOption"":""The teacher submits the reflection form consistently. She has been using this as a tool to reflect on her teaching and learning process. She has carefully made record of her reflection in her book/name list.""},{""score"":3,""criteriaId"":""professional-development"",""selectedOption"":""75-99%""},{""score"":3,""criteriaId"":""record-keeping"",""selectedOption"":""The teacher has maintained all the records with diligence.""}],""timestamp"":""2025-07-10T07:38:32.004Z"",""totalScore"":87},{""id"":""646b799f-a8b0-4923-bf4e-6bda98777e8c"",""isDraft"":true,""maxScore"":16,""responses"":[{""score"":3,""criteriaId"":""curriculum-awareness"",""selectedOption"":""The teacher's responses show that she is confident with the curriculum adopted by the school. Her reflections show her enthusiasm to implement the curriculum at school. (80 to 89%)""},{""score"":3,""criteriaId"":""lesson-planning-participation"",""selectedOption"":""The teacher participates in lesson planning by attending the planning meetings with the mentor/s. She contributes to the planning by sharing her reflections and coming up with strategies to enhance teaching and learning practices at school.""},{""score"":3,""criteriaId"":""lesson-preparation"",""selectedOption"":""The teacher is well-planned for her lessons. She enters the class with her lesson plans and is confident in delivering the lessons as planned.""},{""score"":3,""criteriaId"":""classroom-accessibility"",""selectedOption"":""The classroom is well organized. All students get access to the teaching and learning resources. The seating arrangement is flexible and keeps changing based on the teaching activity.""},{""score"":4,""criteriaId"":""seating-arrangements"",""selectedOption"":""The teacher organizes seating arrangements as per Hauna's plans. The seating arrangement is flexible to suit the needs of the student/plan. (Semi circle/rows) In writing activities, she moves around to meet the needs of different learners/Call out names to ensure all students are catered to while teaching. She is able to reach out to all learners.""},{""score"":3,""criteriaId"":""teacher-positioning"",""selectedOption"":""The teacher's seating area/ teaching position is planned to ensure she has eye contact with all students. The teachers seating is on the same level as her students and she enjoys being one with them.""},{""score"":4,""criteriaId"":""classroom-displays"",""selectedOption"":""The classroom displays are child centric and reflect current learnings. All displays are labelled and have distinct borders. They address all subject areas and have a lot of interactive displays that the students enjoy working with. The teacher keeps adding new displays everyday and it fills a sense of awe and wonder in the students. The classroom is neat and has a visual appeal.""},{""score"":3,""criteriaId"":""lesson-recap"",""selectedOption"":""The teacher attempts to recap learning by using different strategies. (open-ended questions, quiz, flash cards etc.)""},{""score"":4,""criteriaId"":""instruction-clarity"",""selectedOption"":""The teacher's explanation is clear. She explains in simple child-friendly language. She is able to grasp the attention of all the students in her class. She modifies her instructions to support struggling learners.""},{""score"":3,""criteriaId"":""language-fluency"",""selectedOption"":""The teacher's language is fluent. She is able to express ideas in clear age-appropriate child-friendly language. She does not make any grammatical errors while speaking.""},{""score"":3,""criteriaId"":""classroom-interaction"",""selectedOption"":""The teacher has developed a relationship with the students in such a way that they all understand the norms of the class. Students are consistently motivated to interact freely without fear.""},{""score"":3,""criteriaId"":""student-questions"",""selectedOption"":""Students respond to the teacher's questions. Students asking questions were not observed.""},{""score"":3,""criteriaId"":""resource-usage"",""selectedOption"":""The teacher carries the resources as planned in the lesson plans. She is confident in using the resources for the activities planned for the class. She ensures all students get access to the teaching and learning materials.""},{""score"":4,""criteriaId"":""time-management"",""selectedOption"":""The teacher uses her class time effectively. The observer can very clearly make note of the different parts of her lesson (Intro, recap, plenary etc). She is very well organized and the transition from one domain to another is well coordinated.""},{""score"":3,""criteriaId"":""student-engagement"",""selectedOption"":""Except for a few, all students are engaged in learning.""},{""score"":3,""criteriaId"":""classroom-norms"",""selectedOption"":""The students are aware of the teacher's expectations/classroom norms. However she needs to keep reminding them to follow the norms at all times failing which many students get distracted.""},{""score"":4,""criteriaId"":""positive-reinforcement"",""selectedOption"":""All students are well-behaved. Positive reinforcements (praise, stars) observed in class.""},{""score"":4,""criteriaId"":""questioning-techniques"",""selectedOption"":""The teacher asks a lot of questions to check understanding in class. She tries her best to rephrase her questions to arrive at the expected answer. This strategy helps her to explain the concept to students who have not understood it. Her questions most of the time are open-ended.""},{""score"":3,""criteriaId"":""formative-assessment"",""selectedOption"":""The teacher uses her observation skills as well as student responses to check understanding. However, she does not maintain a record of the progress of her students.""},{""score"":3,""criteriaId"":""student-progress-awareness"",""selectedOption"":""The teacher is aware of her students' progress. She has no data recorded to provide clear evidence of progress.""},{""score"":4,""criteriaId"":""assessment-checklists"",""selectedOption"":""The teacher has maintained checklists to record assessment data. She has completed the assessments of all the students in her class.""},{""score"":3,""criteriaId"":""presentation-policy"",""selectedOption"":""The books are well maintained as per the policy. The teacher uses the board to teach formation and moves around the class to support all students. The students follow the teacher's instructions to complete their work. The students are trying their best to form letters correctly. A few students are struggling with their work.""},{""score"":4,""criteriaId"":""marking-policy"",""selectedOption"":""The teacher follows the policy for marking of books. She makes an effort to update marking of books on time. Students are motivated as she takes pains to give positive comments. She sets targets to children by giving them extra work to improve.""},{""score"":4,""criteriaId"":""reflection-practice"",""selectedOption"":""The teacher submits the reflection form consistently. She has been using this as a tool to reflect on her teaching and learning process. She has carefully made record of her reflection in her book/name list.""},{""score"":3,""criteriaId"":""professional-development"",""selectedOption"":""75-99%""},{""score"":3,""criteriaId"":""record-keeping"",""selectedOption"":""The teacher has maintained all the records with diligence.""},{""score"":1,""criteriaId"":""lesson_planning"",""selectedOption"":""No evidence of lesson planning or preparation""},{""score"":3,""criteriaId"":""subject_knowledge"",""selectedOption"":""Good subject knowledge with clear explanations""},{""score"":1,""criteriaId"":""teaching_methods"",""selectedOption"":""Uses only traditional lecture methods with no variety""},{""score"":2,""criteriaId"":""classroom_management"",""selectedOption"":""Basic classroom management with some behavioral issues""}],""timestamp"":""2025-07-10T09:54:59.663Z"",""totalScore"":94},{""id"":""734ea905-5e9f-414a-a970-55809ceda2a9"",""maxScore"":40,""responses"":[{""score"":3,""criteriaId"":""curriculum-awareness"",""selectedOption"":""The teacher's responses show that she is confident with the curriculum adopted by the school. Her reflections show her enthusiasm to implement the curriculum at school. (80 to 89%)""},{""score"":3,""criteriaId"":""lesson-planning-participation"",""selectedOption"":""The teacher participates in lesson planning by attending the planning meetings with the mentor/s. She contributes to the planning by sharing her reflections and coming up with strategies to enhance teaching and learning practices at school.""},{""score"":3,""criteriaId"":""lesson-preparation"",""selectedOption"":""The teacher is well-planned for her lessons. She enters the class with her lesson plans and is confident in delivering the lessons as planned.""},{""score"":3,""criteriaId"":""classroom-accessibility"",""selectedOption"":""The classroom is well organized. All students get access to the teaching and learning resources. The seating arrangement is flexible and keeps changing based on the teaching activity.""},{""score"":4,""criteriaId"":""seating-arrangements"",""selectedOption"":""The teacher organizes seating arrangements as per Hauna's plans. The seating arrangement is flexible to suit the needs of the student/plan. (Semi circle/rows) In writing activities, she moves around to meet the needs of different learners/Call out names to ensure all students are catered to while teaching. She is able to reach out to all learners.""},{""score"":3,""criteriaId"":""teacher-positioning"",""selectedOption"":""The teacher's seating area/ teaching position is planned to ensure she has eye contact with all students. The teachers seating is on the same level as her students and she enjoys being one with them.""},{""score"":4,""criteriaId"":""classroom-displays"",""selectedOption"":""The classroom displays are child centric and reflect current learnings. All displays are labelled and have distinct borders. They address all subject areas and have a lot of interactive displays that the students enjoy working with. The teacher keeps adding new displays everyday and it fills a sense of awe and wonder in the students. The classroom is neat and has a visual appeal.""},{""score"":3,""criteriaId"":""lesson-recap"",""selectedOption"":""The teacher attempts to recap learning by using different strategies. (open-ended questions, quiz, flash cards etc.)""},{""score"":4,""criteriaId"":""instruction-clarity"",""selectedOption"":""The teacher's explanation is clear. She explains in simple child-friendly language. She is able to grasp the attention of all the students in her class. She modifies her instructions to support struggling learners.""},{""score"":3,""criteriaId"":""language-fluency"",""selectedOption"":""The teacher's language is fluent. She is able to express ideas in clear age-appropriate child-friendly language. She does not make any grammatical errors while speaking.""},{""score"":3,""criteriaId"":""classroom-interaction"",""selectedOption"":""The teacher has developed a relationship with the students in such a way that they all understand the norms of the class. Students are consistently motivated to interact freely without fear.""},{""score"":3,""criteriaId"":""student-questions"",""selectedOption"":""Students respond to the teacher's questions. Students asking questions were not observed.""},{""score"":3,""criteriaId"":""resource-usage"",""selectedOption"":""The teacher carries the resources as planned in the lesson plans. She is confident in using the resources for the activities planned for the class. She ensures all students get access to the teaching and learning materials.""},{""score"":4,""criteriaId"":""time-management"",""selectedOption"":""The teacher uses her class time effectively. The observer can very clearly make note of the different parts of her lesson (Intro, recap, plenary etc). She is very well organized and the transition from one domain to another is well coordinated.""},{""score"":3,""criteriaId"":""student-engagement"",""selectedOption"":""Except for a few, all students are engaged in learning.""},{""score"":3,""criteriaId"":""classroom-norms"",""selectedOption"":""The students are aware of the teacher's expectations/classroom norms. However she needs to keep reminding them to follow the norms at all times failing which many students get distracted.""},{""score"":4,""criteriaId"":""positive-reinforcement"",""selectedOption"":""All students are well-behaved. Positive reinforcements (praise, stars) observed in class.""},{""score"":4,""criteriaId"":""questioning-techniques"",""selectedOption"":""The teacher asks a lot of questions to check understanding in class. She tries her best to rephrase her questions to arrive at the expected answer. This strategy helps her to explain the concept to students who have not understood it. Her questions most of the time are open-ended.""},{""score"":3,""criteriaId"":""formative-assessment"",""selectedOption"":""The teacher uses her observation skills as well as student responses to check understanding. However, she does not maintain a record of the progress of her students.""},{""score"":3,""criteriaId"":""student-progress-awareness"",""selectedOption"":""The teacher is aware of her students' progress. She has no data recorded to provide clear evidence of progress.""},{""score"":4,""criteriaId"":""assessment-checklists"",""selectedOption"":""The teacher has maintained checklists to record assessment data. She has completed the assessments of all the students in her class.""},{""score"":3,""criteriaId"":""presentation-policy"",""selectedOption"":""The books are well maintained as per the policy. The teacher uses the board to teach formation and moves around the class to support all students. The students follow the teacher's instructions to complete their work. The students are trying their best to form letters correctly. A few students are struggling with their work.""},{""score"":4,""criteriaId"":""marking-policy"",""selectedOption"":""The teacher follows the policy for marking of books. She makes an effort to update marking of books on time. Students are motivated as she takes pains to give positive comments. She sets targets to children by giving them extra work to improve.""},{""score"":4,""criteriaId"":""reflection-practice"",""selectedOption"":""The teacher submits the reflection form consistently. She has been using this as a tool to reflect on her teaching and learning process. She has carefully made record of her reflection in her book/name list.""},{""score"":3,""criteriaId"":""professional-development"",""selectedOption"":""75-99%""},{""score"":3,""criteriaId"":""record-keeping"",""selectedOption"":""The teacher has maintained all the records with diligence.""},{""score"":3,""criteriaId"":""lesson_planning"",""selectedOption"":""Well-structured lesson plan with clear objectives and activities""},{""score"":3,""criteriaId"":""subject_knowledge"",""selectedOption"":""Good subject knowledge with clear explanations""},{""score"":3,""criteriaId"":""teaching_methods"",""selectedOption"":""Uses multiple teaching strategies with some student engagement""},{""score"":3,""criteriaId"":""classroom_management"",""selectedOption"":""Good classroom management with clear rules and procedures""},{""score"":3,""criteriaId"":""student_interaction"",""selectedOption"":""Good communication with regular student interaction""},{""score"":3,""criteriaId"":""assessment_feedback"",""selectedOption"":""Regular assessment with constructive feedback""},{""score"":2,""criteriaId"":""technology_integration"",""selectedOption"":""Basic use of technology with limited effectiveness""},{""score"":3,""criteriaId"":""professional_development"",""selectedOption"":""Regular participation in professional development activities""},{""score"":3,""criteriaId"":""collaboration"",""selectedOption"":""Good collaboration and teamwork with staff""},{""score"":3,""criteriaId"":""punctuality_attendance"",""selectedOption"":""Good attendance and punctuality with rare absences""}],""timestamp"":""2025-07-15T05:50:30.526Z"",""totalScore"":116},{""id"":""6480f5eb-772c-4221-9960-01f69ee2072a"",""maxScore"":40,""responses"":[{""score"":3,""criteriaId"":""curriculum-awareness"",""selectedOption"":""The teacher's responses show that she is confident with the curriculum adopted by the school. Her reflections show her enthusiasm to implement the curriculum at school. (80 to 89%)""},{""score"":3,""criteriaId"":""lesson-planning-participation"",""selectedOption"":""The teacher participates in lesson planning by attending the planning meetings with the mentor/s. She contributes to the planning by sharing her reflections and coming up with strategies to enhance teaching and learning practices at school.""},{""score"":3,""criteriaId"":""lesson-preparation"",""selectedOption"":""The teacher is well-planned for her lessons. She enters the class with her lesson plans and is confident in delivering the lessons as planned.""},{""score"":3,""criteriaId"":""classroom-accessibility"",""selectedOption"":""The classroom is well organized. All students get access to the teaching and learning resources. The seating arrangement is flexible and keeps changing based on the teaching activity.""},{""score"":4,""criteriaId"":""seating-arrangements"",""selectedOption"":""The teacher organizes seating arrangements as per Hauna's plans. The seating arrangement is flexible to suit the needs of the student/plan. (Semi circle/rows) In writing activities, she moves around to meet the needs of different learners/Call out names to ensure all students are catered to while teaching. She is able to reach out to all learners.""},{""score"":3,""criteriaId"":""teacher-positioning"",""selectedOption"":""The teacher's seating area/ teaching position is planned to ensure she has eye contact with all students. The teachers seating is on the same level as her students and she enjoys being one with them.""},{""score"":4,""criteriaId"":""classroom-displays"",""selectedOption"":""The classroom displays are child centric and reflect current learnings. All displays are labelled and have distinct borders. They address all subject areas and have a lot of interactive displays that the students enjoy working with. The teacher keeps adding new displays everyday and it fills a sense of awe and wonder in the students. The classroom is neat and has a visual appeal.""},{""score"":3,""criteriaId"":""lesson-recap"",""selectedOption"":""The teacher attempts to recap learning by using different strategies. (open-ended questions, quiz, flash cards etc.)""},{""score"":4,""criteriaId"":""instruction-clarity"",""selectedOption"":""The teacher's explanation is clear. She explains in simple child-friendly language. She is able to grasp the attention of all the students in her class. She modifies her instructions to support struggling learners.""},{""score"":3,""criteriaId"":""language-fluency"",""selectedOption"":""The teacher's language is fluent. She is able to express ideas in clear age-appropriate child-friendly language. She does not make any grammatical errors while speaking.""},{""score"":3,""criteriaId"":""classroom-interaction"",""selectedOption"":""The teacher has developed a relationship with the students in such a way that they all understand the norms of the class. Students are consistently motivated to interact freely without fear.""},{""score"":3,""criteriaId"":""student-questions"",""selectedOption"":""Students respond to the teacher's questions. Students asking questions were not observed.""},{""score"":3,""criteriaId"":""resource-usage"",""selectedOption"":""The teacher carries the resources as planned in the lesson plans. She is confident in using the resources for the activities planned for the class. She ensures all students get access to the teaching and learning materials.""},{""score"":4,""criteriaId"":""time-management"",""selectedOption"":""The teacher uses her class time effectively. The observer can very clearly make note of the different parts of her lesson (Intro, recap, plenary etc). She is very well organized and the transition from one domain to another is well coordinated.""},{""score"":3,""criteriaId"":""student-engagement"",""selectedOption"":""Except for a few, all students are engaged in learning.""},{""score"":3,""criteriaId"":""classroom-norms"",""selectedOption"":""The students are aware of the teacher's expectations/classroom norms. However she needs to keep reminding them to follow the norms at all times failing which many students get distracted.""},{""score"":4,""criteriaId"":""positive-reinforcement"",""selectedOption"":""All students are well-behaved. Positive reinforcements (praise, stars) observed in class.""},{""score"":4,""criteriaId"":""questioning-techniques"",""selectedOption"":""The teacher asks a lot of questions to check understanding in class. She tries her best to rephrase her questions to arrive at the expected answer. This strategy helps her to explain the concept to students who have not understood it. Her questions most of the time are open-ended.""},{""score"":3,""criteriaId"":""formative-assessment"",""selectedOption"":""The teacher uses her observation skills as well as student responses to check understanding. However, she does not maintain a record of the progress of her students.""},{""score"":3,""criteriaId"":""student-progress-awareness"",""selectedOption"":""The teacher is aware of her students' progress. She has no data recorded to provide clear evidence of progress.""},{""score"":4,""criteriaId"":""assessment-checklists"",""selectedOption"":""The teacher has maintained checklists to record assessment data. She has completed the assessments of all the students in her class.""},{""score"":3,""criteriaId"":""presentation-policy"",""selectedOption"":""The books are well maintained as per the policy. The teacher uses the board to teach formation and moves around the class to support all students. The students follow the teacher's instructions to complete their work. The students are trying their best to form letters correctly. A few students are struggling with their work.""},{""score"":4,""criteriaId"":""marking-policy"",""selectedOption"":""The teacher follows the policy for marking of books. She makes an effort to update marking of books on time. Students are motivated as she takes pains to give positive comments. She sets targets to children by giving them extra work to improve.""},{""score"":4,""criteriaId"":""reflection-practice"",""selectedOption"":""The teacher submits the reflection form consistently. She has been using this as a tool to reflect on her teaching and learning process. She has carefully made record of her reflection in her book/name list.""},{""score"":3,""criteriaId"":""professional-development"",""selectedOption"":""75-99%""},{""score"":3,""criteriaId"":""record-keeping"",""selectedOption"":""The teacher has maintained all the records with diligence.""},{""score"":3,""criteriaId"":""lesson_planning"",""selectedOption"":""Well-structured lesson plan with clear objectives and activities""},{""score"":3,""criteriaId"":""subject_knowledge"",""selectedOption"":""Good subject knowledge with clear explanations""},{""score"":3,""criteriaId"":""teaching_methods"",""selectedOption"":""Uses multiple teaching strategies with some student engagement""},{""score"":3,""criteriaId"":""classroom_management"",""selectedOption"":""Good classroom management with clear rules and procedures""},{""score"":3,""criteriaId"":""student_interaction"",""selectedOption"":""Good communication with regular student interaction""},{""score"":3,""criteriaId"":""assessment_feedback"",""selectedOption"":""Regular assessment with constructive feedback""},{""score"":2,""criteriaId"":""technology_integration"",""selectedOption"":""Basic use of technology with limited effectiveness""},{""score"":3,""criteriaId"":""professional_development"",""selectedOption"":""Regular participation in professional development activities""},{""score"":3,""criteriaId"":""collaboration"",""selectedOption"":""Good collaboration and teamwork with staff""},{""score"":3,""criteriaId"":""punctuality_attendance"",""selectedOption"":""Good attendance and punctuality with rare absences""}],""timestamp"":""2025-07-15T05:50:57.708Z"",""totalScore"":116},{""id"":""34df2c09-fb1c-47d4-afcc-c36f03beb400"",""maxScore"":40,""responses"":[{""score"":3,""criteriaId"":""curriculum-awareness"",""selectedOption"":""The teacher's responses show that she is confident with the curriculum adopted by the school. Her reflections show her enthusiasm to implement the curriculum at school. (80 to 89%)""},{""score"":3,""criteriaId"":""lesson-planning-participation"",""selectedOption"":""The teacher participates in lesson planning by attending the planning meetings with the mentor/s. She contributes to the planning by sharing her reflections and coming up with strategies to enhance teaching and learning practices at school.""},{""score"":3,""criteriaId"":""lesson-preparation"",""selectedOption"":""The teacher is well-planned for her lessons. She enters the class with her lesson plans and is confident in delivering the lessons as planned.""},{""score"":3,""criteriaId"":""classroom-accessibility"",""selectedOption"":""The classroom is well organized. All students get access to the teaching and learning resources. The seating arrangement is flexible and keeps changing based on the teaching activity.""},{""score"":4,""criteriaId"":""seating-arrangements"",""selectedOption"":""The teacher organizes seating arrangements as per Hauna's plans. The seating arrangement is flexible to suit the needs of the student/plan. (Semi circle/rows) In writing activities, she moves around to meet the needs of different learners/Call out names to ensure all students are catered to while teaching. She is able to reach out to all learners.""},{""score"":3,""criteriaId"":""teacher-positioning"",""selectedOption"":""The teacher's seating area/ teaching position is planned to ensure she has eye contact with all students. The teachers seating is on the same level as her students and she enjoys being one with them.""},{""score"":4,""criteriaId"":""classroom-displays"",""selectedOption"":""The classroom displays are child centric and reflect current learnings. All displays are labelled and have distinct borders. They address all subject areas and have a lot of interactive displays that the students enjoy working with. The teacher keeps adding new displays everyday and it fills a sense of awe and wonder in the students. The classroom is neat and has a visual appeal.""},{""score"":3,""criteriaId"":""lesson-recap"",""selectedOption"":""The teacher attempts to recap learning by using different strategies. (open-ended questions, quiz, flash cards etc.)""},{""score"":4,""criteriaId"":""instruction-clarity"",""selectedOption"":""The teacher's explanation is clear. She explains in simple child-friendly language. She is able to grasp the attention of all the students in her class. She modifies her instructions to support struggling learners.""},{""score"":3,""criteriaId"":""language-fluency"",""selectedOption"":""The teacher's language is fluent. She is able to express ideas in clear age-appropriate child-friendly language. She does not make any grammatical errors while speaking.""},{""score"":3,""criteriaId"":""classroom-interaction"",""selectedOption"":""The teacher has developed a relationship with the students in such a way that they all understand the norms of the class. Students are consistently motivated to interact freely without fear.""},{""score"":3,""criteriaId"":""student-questions"",""selectedOption"":""Students respond to the teacher's questions. Students asking questions were not observed.""},{""score"":3,""criteriaId"":""resource-usage"",""selectedOption"":""The teacher carries the resources as planned in the lesson plans. She is confident in using the resources for the activities planned for the class. She ensures all students get access to the teaching and learning materials.""},{""score"":4,""criteriaId"":""time-management"",""selectedOption"":""The teacher uses her class time effectively. The observer can very clearly make note of the different parts of her lesson (Intro, recap, plenary etc). She is very well organized and the transition from one domain to another is well coordinated.""},{""score"":3,""criteriaId"":""student-engagement"",""selectedOption"":""Except for a few, all students are engaged in learning.""},{""score"":3,""criteriaId"":""classroom-norms"",""selectedOption"":""The students are aware of the teacher's expectations/classroom norms. However she needs to keep reminding them to follow the norms at all times failing which many students get distracted.""},{""score"":4,""criteriaId"":""positive-reinforcement"",""selectedOption"":""All students are well-behaved. Positive reinforcements (praise, stars) observed in class.""},{""score"":4,""criteriaId"":""questioning-techniques"",""selectedOption"":""The teacher asks a lot of questions to check understanding in class. She tries her best to rephrase her questions to arrive at the expected answer. This strategy helps her to explain the concept to students who have not understood it. Her questions most of the time are open-ended.""},{""score"":3,""criteriaId"":""formative-assessment"",""selectedOption"":""The teacher uses her observation skills as well as student responses to check understanding. However, she does not maintain a record of the progress of her students.""},{""score"":3,""criteriaId"":""student-progress-awareness"",""selectedOption"":""The teacher is aware of her students' progress. She has no data recorded to provide clear evidence of progress.""},{""score"":4,""criteriaId"":""assessment-checklists"",""selectedOption"":""The teacher has maintained checklists to record assessment data. She has completed the assessments of all the students in her class.""},{""score"":3,""criteriaId"":""presentation-policy"",""selectedOption"":""The books are well maintained as per the policy. The teacher uses the board to teach formation and moves around the class to support all students. The students follow the teacher's instructions to complete their work. The students are trying their best to form letters correctly. A few students are struggling with their work.""},{""score"":4,""criteriaId"":""marking-policy"",""selectedOption"":""The teacher follows the policy for marking of books. She makes an effort to update marking of books on time. Students are motivated as she takes pains to give positive comments. She sets targets to children by giving them extra work to improve.""},{""score"":4,""criteriaId"":""reflection-practice"",""selectedOption"":""The teacher submits the reflection form consistently. She has been using this as a tool to reflect on her teaching and learning process. She has carefully made record of her reflection in her book/name list.""},{""score"":3,""criteriaId"":""professional-development"",""selectedOption"":""75-99%""},{""score"":3,""criteriaId"":""record-keeping"",""selectedOption"":""The teacher has maintained all the records with diligence.""},{""score"":3,""criteriaId"":""lesson_planning"",""selectedOption"":""Well-structured lesson plan with clear objectives and activities""},{""score"":3,""criteriaId"":""subject_knowledge"",""selectedOption"":""Good subject knowledge with clear explanations""},{""score"":3,""criteriaId"":""teaching_methods"",""selectedOption"":""Uses multiple teaching strategies with some student engagement""},{""score"":3,""criteriaId"":""classroom_management"",""selectedOption"":""Good classroom management with clear rules and procedures""},{""score"":3,""criteriaId"":""student_interaction"",""selectedOption"":""Good communication with regular student interaction""},{""score"":3,""criteriaId"":""assessment_feedback"",""selectedOption"":""Regular assessment with constructive feedback""},{""score"":2,""criteriaId"":""technology_integration"",""selectedOption"":""Basic use of technology with limited effectiveness""},{""score"":3,""criteriaId"":""professional_development"",""selectedOption"":""Regular participation in professional development activities""},{""score"":3,""criteriaId"":""collaboration"",""selectedOption"":""Good collaboration and teamwork with staff""},{""score"":3,""criteriaId"":""punctuality_attendance"",""selectedOption"":""Good attendance and punctuality with rare absences""}],""timestamp"":""2025-07-15T06:16:48.747Z"",""totalScore"":116}]",4,2025-07-07 06:06:23.627+00
7b0c635e-7c5f-4f2a-954a-84e6ef745deb,teacher,b9213879-cb22-480f-84a4-b0f4e48407c4,a0a55727-62c1-4ec1-9b64-41f8af4f37ec,2102,"[{""id"":""241e551b-3c7e-4d1c-8dd8-40dd787a8bd1"",""maxScore"":40,""responses"":[{""score"":2,""criteriaId"":""lesson_planning"",""selectedOption"":""Basic lesson plan exists but lacks detail and structure""},{""score"":2,""criteriaId"":""subject_knowledge"",""selectedOption"":""Basic subject knowledge with occasional inaccuracies""},{""score"":3,""criteriaId"":""teaching_methods"",""selectedOption"":""Uses multiple teaching strategies with some student engagement""},{""score"":3,""criteriaId"":""classroom_management"",""selectedOption"":""Good classroom management with clear rules and procedures""},{""score"":3,""criteriaId"":""student_interaction"",""selectedOption"":""Good communication with regular student interaction""},{""score"":2,""criteriaId"":""assessment_feedback"",""selectedOption"":""Basic assessment with limited feedback""},{""score"":3,""criteriaId"":""technology_integration"",""selectedOption"":""Good integration of technology to enhance learning""},{""score"":3,""criteriaId"":""professional_development"",""selectedOption"":""Regular participation in professional development activities""},{""score"":3,""criteriaId"":""collaboration"",""selectedOption"":""Good collaboration and teamwork with staff""},{""score"":3,""criteriaId"":""punctuality_attendance"",""selectedOption"":""Good attendance and punctuality with rare absences""}],""timestamp"":""2025-09-18T05:36:27.495Z"",""totalScore"":27},{""id"":""289d1d0f-a57e-4f96-80fb-babbf0b6555c"",""maxScore"":40,""responses"":[{""score"":3,""comment"":""The teacher had materials prepared and attempted to follow the vocabulary-building steps. However, the absence of actions during introduction and unclear instructions suggest the need for stronger pre-class planning."",""criteriaId"":""lesson_planning"",""selectedOption"":""Well-structured lesson plan with clear objectives and activities""},{""score"":3,""comment"":""Demonstrated a basic understanding of vocabulary-building concepts. Sentences were relevant but leaned toward EVS-based content, which should be avoided for this activity."",""criteriaId"":""subject_knowledge"",""selectedOption"":""Good subject knowledge with clear explanations""},{""score"":3,""comment"":""The procedure was partially followed.key steps (like introducing words with actions) were missed. Activity flow and student engagement were affected."",""criteriaId"":""teaching_methods"",""selectedOption"":""Uses multiple teaching strategies with some student engagement""},{""score"":3,""comment"":""Students remained mostly attentive but some confusion was noticed due to unclear directions. Improved stepwise guidance would enhance classroom control."",""criteriaId"":""classroom_management"",""selectedOption"":""Good classroom management with clear rules and procedures""},{""score"":3,""comment"":""Students participated in parts of the activity and the recap. Providing clearer, consistent instructions could ensure smoother interaction."",""criteriaId"":""student_interaction"",""selectedOption"":""Good communication with regular student interaction""},{""score"":2,""comment"":""A recap was conducted to reinforce learning. However, there was no check for student understanding. Including a short oral response or picture-identification check would improve assessment."",""criteriaId"":""assessment_feedback"",""selectedOption"":""Basic assessment with limited feedback""},{""score"":3,""criteriaId"":""technology_integration"",""selectedOption"":""Good integration of technology to enhance learning""},{""score"":3,""comment"":""Shows effort in applying the vocabulary-building structure. With more training and practice, implementation consistency will improve."",""criteriaId"":""professional_development"",""selectedOption"":""Regular participation in professional development activities""},{""score"":3,""comment"":""Displays cooperative behavior, sharing ideas with peers could help improve activity delivery."",""criteriaId"":""collaboration"",""selectedOption"":""Good collaboration and teamwork with staff""},{""score"":3,""criteriaId"":""punctuality_attendance"",""selectedOption"":""Good attendance and punctuality with rare absences""}],""timestamp"":""2025-10-27T05:57:07.871Z"",""totalScore"":29}]",1,2025-09-18 05:36:27.495+00
7cac39e9-ffb1-4f02-a993-1b216344178b,mentor,cda512b4-1d6a-4b1c-9205-d4f27841dc27,1f8bffea-cb84-43bf-94e8-c7e9c8691579,4298,"[{""id"":""babc9426-e60d-457b-826b-2e28f9fa280f"",""maxScore"":40,""responses"":[{""score"":3,""criteriaId"":""mentoring_skills"",""selectedOption"":""Good mentoring skills with positive influence on mentees""},{""score"":3,""comment"":""mentor does weekly check-ins in the class and observes the children"",""criteriaId"":""student_support"",""selectedOption"":""Good support system with regular check-ins""},{""score"":3,""comment"":""good coordination with the management."",""criteriaId"":""program_coordination"",""selectedOption"":""Good coordination with well-managed programs""},{""score"":2,""criteriaId"":""communication_skills"",""selectedOption"":""Basic communication with limited effectiveness""},{""score"":2,""criteriaId"":""problem_solving"",""selectedOption"":""Basic problem-solving with limited success""},{""score"":2,""criteriaId"":""professional_knowledge"",""selectedOption"":""Basic knowledge with some gaps""},{""score"":3,""comment"":""mentor takes full responsibility of the school"",""criteriaId"":""initiative_leadership"",""selectedOption"":""Good initiative with emerging leadership qualities""},{""score"":3,""comment"":""all the records are kept neatly and well maintained"",""criteriaId"":""record_keeping"",""selectedOption"":""Good record keeping with organized documentation""},{""score"":3,""comment"":""She has a good communication with the parents."",""criteriaId"":""parent_community_engagement"",""selectedOption"":""Good engagement with positive community relationships""},{""score"":3,""criteriaId"":""reliability_commitment"",""selectedOption"":""Good reliability with consistent performance""}],""timestamp"":""2025-09-09T07:07:52.120Z"",""totalScore"":27}]",0,2025-09-09 07:07:52.12+00
7d8b7139-98af-4ef6-95b8-2b0f533e513f,teacher,7edd78d0-144d-411d-87e2-cca8eed1e6f8,a7a1d790-0a62-409f-87d3-d3537e2788a1,7664,"[{""id"":""73861fbf-75ac-4073-9809-c37dd7c2a8b4"",""maxScore"":40,""responses"":[{""score"":2,""criteriaId"":""lesson_planning"",""selectedOption"":""Basic lesson plan exists but lacks detail and structure""},{""score"":2,""criteriaId"":""subject_knowledge"",""selectedOption"":""Basic subject knowledge with occasional inaccuracies""},{""score"":3,""criteriaId"":""teaching_methods"",""selectedOption"":""Uses multiple teaching strategies with some student engagement""},{""score"":3,""criteriaId"":""classroom_management"",""selectedOption"":""Good classroom management with clear rules and procedures""},{""score"":3,""criteriaId"":""student_interaction"",""selectedOption"":""Good communication with regular student interaction""},{""score"":3,""criteriaId"":""assessment_feedback"",""selectedOption"":""Regular assessment with constructive feedback""},{""score"":3,""criteriaId"":""technology_integration"",""selectedOption"":""Good integration of technology to enhance learning""},{""score"":3,""criteriaId"":""professional_development"",""selectedOption"":""Regular participation in professional development activities""},{""score"":3,""criteriaId"":""collaboration"",""selectedOption"":""Good collaboration and teamwork with staff""},{""score"":3,""criteriaId"":""punctuality_attendance"",""selectedOption"":""Good attendance and punctuality with rare absences""}],""timestamp"":""2025-09-30T16:30:55.175Z"",""totalScore"":28}]",0,2025-09-30 16:30:55.175+00
7ea7e4b4-7bf8-4746-b2b7-46bfda963004,teacher,29df9e6b-2b1c-4b83-a7a9-2d5191f6a68d,a0a55727-62c1-4ec1-9b64-41f8af4f37ec,6533,"[{""id"":""31d3ed9d-c777-4e79-b529-178626c004d1"",""maxScore"":40,""responses"":[{""score"":2,""criteriaId"":""lesson_planning"",""selectedOption"":""Basic lesson plan exists but lacks detail and structure""},{""score"":3,""criteriaId"":""subject_knowledge"",""selectedOption"":""Good subject knowledge with clear explanations""},{""score"":3,""criteriaId"":""teaching_methods"",""selectedOption"":""Uses multiple teaching strategies with some student engagement""},{""score"":3,""criteriaId"":""classroom_management"",""selectedOption"":""Good classroom management with clear rules and procedures""},{""score"":3,""criteriaId"":""student_interaction"",""selectedOption"":""Good communication with regular student interaction""},{""score"":2,""criteriaId"":""assessment_feedback"",""selectedOption"":""Basic assessment with limited feedback""},{""score"":3,""criteriaId"":""technology_integration"",""selectedOption"":""Good integration of technology to enhance learning""},{""score"":3,""criteriaId"":""professional_development"",""selectedOption"":""Regular participation in professional development activities""},{""score"":3,""criteriaId"":""collaboration"",""selectedOption"":""Good collaboration and teamwork with staff""},{""score"":3,""criteriaId"":""punctuality_attendance"",""selectedOption"":""Good attendance and punctuality with rare absences""}],""timestamp"":""2025-09-18T05:50:14.070Z"",""totalScore"":28},{""id"":""4e3710d0-2cda-4248-a922-45a60101fa0f"",""maxScore"":40,""responses"":[{""score"":3,""comment"":""The teacher was reasonably prepared with materials and followed most activity steps. However, EVS-based sentences indicate partial deviation from the vocabulary objective."",""criteriaId"":""lesson_planning"",""selectedOption"":""Well-structured lesson plan with clear objectives and activities""},{""score"":2,""comment"":""Teacher demonstrated basic understanding of vocabulary-building but showed inconsistency in pronunciation and content relevance. Focus on clear articulation and word accuracy is needed."",""criteriaId"":""subject_knowledge"",""selectedOption"":""Basic subject knowledge with occasional inaccuracies""},{""score"":3,""comment"":""The vocabulary-building procedure was mostly followed, and actions were included during the introduction. Card distribution was done on intervals, showing partial adherence to process."",""criteriaId"":""teaching_methods"",""selectedOption"":""Uses multiple teaching strategies with some student engagement""},{""score"":3,""comment"":""The class was generally managed well with active participation. A few lapses during activities slightly affected the flow of the session."",""criteriaId"":""classroom_management"",""selectedOption"":""Good classroom management with clear rules and procedures""},{""score"":3,""comment"":""Students were engaged through participation in activities. Clearer instructions and emphasis on pronunciation could strengthen communication effectiveness."",""criteriaId"":""student_interaction"",""selectedOption"":""Good communication with regular student interaction""},{""score"":2,""comment"":""The teacher recapped and conducted the activity steps well. Adding brief oral checks for pronunciation accuracy would enhance assessment quality."",""criteriaId"":""assessment_feedback"",""selectedOption"":""Basic assessment with limited feedback""},{""score"":3,""criteriaId"":""technology_integration"",""selectedOption"":""Good integration of technology to enhance learning""},{""score"":3,""comment"":""Shows effort to follow the structured methodology. Continued practice on pronunciation and vocabulary clarity will lead to improvement."",""criteriaId"":""professional_development"",""selectedOption"":""Regular participation in professional development activities""},{""score"":3,""comment"":""Demonstrates cooperative attitude and willingness to implement shared teaching methods. Could collaborate more for standardization of approach."",""criteriaId"":""collaboration"",""selectedOption"":""Good collaboration and teamwork with staff""},{""score"":3,""criteriaId"":""punctuality_attendance"",""selectedOption"":""Good attendance and punctuality with rare absences""}],""timestamp"":""2025-10-27T06:56:25.910Z"",""totalScore"":28}]",1,2025-09-18 05:50:14.07+00
7fef3273-5a54-493c-825b-24d2f741e768,teacher,87d9aced-bcaf-4fbf-afb0-96162563b98b,8c1fa765-a67c-42f6-b6d9-cd13e8066c57,1605,"[{""id"":""e0c750d5-326c-4e86-adef-a45a506747ec"",""maxScore"":40,""responses"":[{""score"":4,""criteriaId"":""lesson_planning"",""selectedOption"":""Comprehensive lesson plan with differentiated activities and assessment strategies""},{""score"":4,""criteriaId"":""subject_knowledge"",""selectedOption"":""Excellent subject mastery with engaging and accurate content delivery""},{""score"":3,""criteriaId"":""teaching_methods"",""selectedOption"":""Uses multiple teaching strategies with some student engagement""},{""score"":3,""criteriaId"":""classroom_management"",""selectedOption"":""Good classroom management with clear rules and procedures""},{""score"":3,""criteriaId"":""student_interaction"",""selectedOption"":""Good communication with regular student interaction""},{""score"":3,""criteriaId"":""assessment_feedback"",""selectedOption"":""Regular assessment with constructive feedback""},{""score"":3,""criteriaId"":""technology_integration"",""selectedOption"":""Good integration of technology to enhance learning""},{""score"":4,""criteriaId"":""professional_development"",""selectedOption"":""Active pursuit of professional growth with evidence of implementation""},{""score"":4,""criteriaId"":""collaboration"",""selectedOption"":""Excellent collaborative skills, actively contributes to school community""},{""score"":4,""criteriaId"":""punctuality_attendance"",""selectedOption"":""Excellent attendance and punctuality, highly reliable""}],""timestamp"":""2025-09-19T08:32:22.297Z"",""totalScore"":35},{""id"":""c30e40df-6415-466f-b188-10cd6f240879"",""maxScore"":40,""responses"":[{""score"":4,""criteriaId"":""lesson_planning"",""selectedOption"":""Comprehensive lesson plan with differentiated activities and assessment strategies""},{""score"":4,""criteriaId"":""subject_knowledge"",""selectedOption"":""Excellent subject mastery with engaging and accurate content delivery""},{""score"":3,""criteriaId"":""teaching_methods"",""selectedOption"":""Uses multiple teaching strategies with some student engagement""},{""score"":3,""criteriaId"":""classroom_management"",""selectedOption"":""Good classroom management with clear rules and procedures""},{""score"":3,""criteriaId"":""student_interaction"",""selectedOption"":""Good communication with regular student interaction""},{""score"":3,""criteriaId"":""assessment_feedback"",""selectedOption"":""Regular assessment with constructive feedback""},{""score"":3,""criteriaId"":""technology_integration"",""selectedOption"":""Good integration of technology to enhance learning""},{""score"":4,""criteriaId"":""professional_development"",""selectedOption"":""Active pursuit of professional growth with evidence of implementation""},{""score"":4,""criteriaId"":""collaboration"",""selectedOption"":""Excellent collaborative skills, actively contributes to school community""},{""score"":3,""criteriaId"":""punctuality_attendance"",""selectedOption"":""Good attendance and punctuality with rare absences""}],""timestamp"":""2025-09-19T08:32:32.153Z"",""totalScore"":34},{""id"":""2df7dee5-628f-4ed7-94b4-2535314d89ba"",""maxScore"":36,""responses"":[{""score"":4,""comment"":""Lesson was well-prepared with clear steps, materials, and flow from introduction to recap."",""criteriaId"":""lesson_planning"",""selectedOption"":""Comprehensive lesson plan with differentiated activities and assessment strategies""},{""score"":4,""comment"":""Excellent delivery — simple and meaningful sentences with expressive voice modulation and matching actions."",""criteriaId"":""subject_knowledge"",""selectedOption"":""Excellent subject mastery with engaging and accurate content delivery""},{""score"":3,""comment"":""Very effective use of actions and interactive strategies; students stayed engaged throughout."",""criteriaId"":""teaching_methods"",""selectedOption"":""Uses multiple teaching strategies with some student engagement""},{""score"":3,""comment"":""Maintained strong control and positive atmosphere; students attentive and disciplined."",""criteriaId"":""classroom_management"",""selectedOption"":""Good classroom management with clear rules and procedures""},{""score"":4,""comment"":""Excellent interaction; clear instructions, confident communication, and active student involvement."",""criteriaId"":""student_interaction"",""selectedOption"":""Excellent rapport with students, encouraging and supportive communication""},{""score"":4,""comment"":""Recap was completed effectively, reinforcing vocabulary learning and checking understanding."",""criteriaId"":""assessment_feedback"",""selectedOption"":""Comprehensive assessment strategies with detailed, actionable feedback""},{""score"":0,""criteriaId"":""technology_integration"",""selectedOption"":""Not Applicable""},{""score"":4,""comment"":""Shows clear improvement and confidence in delivery and method; reflects on feedback effectively."",""criteriaId"":""professional_development"",""selectedOption"":""Active pursuit of professional growth with evidence of implementation""},{""score"":4,""comment"":""Works collaboratively and follows school teaching procedures accurately."",""criteriaId"":""collaboration"",""selectedOption"":""Excellent collaborative skills, actively contributes to school community""},{""score"":3,""comment"":""Present and well-prepared on time."",""criteriaId"":""punctuality_attendance"",""selectedOption"":""Good attendance and punctuality with rare absences""}],""timestamp"":""2025-10-29T16:38:01.039Z"",""totalScore"":33}]",2,2025-09-19 08:32:22.298+00
7ff73ffb-9fe8-4651-8902-486ccf84d8eb,teacher,70343be8-e3ed-4e5b-b1f6-4780e163469c,d04f19a5-66d5-4ae9-805b-3799ed03b5b2,4432,"[{""id"":""7058f77d-e2f2-4c6f-a327-245a798a9ba6"",""maxScore"":36,""responses"":[{""score"":1,""criteriaId"":""lesson_planning"",""selectedOption"":""No evidence of lesson planning or preparation""},{""score"":3,""criteriaId"":""subject_knowledge"",""selectedOption"":""Good subject knowledge with clear explanations""},{""score"":2,""criteriaId"":""teaching_methods"",""selectedOption"":""Limited variety in teaching methods, mostly teacher-centered""},{""score"":3,""criteriaId"":""classroom_management"",""selectedOption"":""Good classroom management with clear rules and procedures""},{""score"":2,""criteriaId"":""student_interaction"",""selectedOption"":""Basic interaction with limited student engagement""},{""score"":1,""criteriaId"":""assessment_feedback"",""selectedOption"":""No formal assessment or feedback provided""},{""score"":0,""criteriaId"":""technology_integration"",""selectedOption"":""Not Applicable""},{""score"":1,""criteriaId"":""professional_development"",""selectedOption"":""No evidence of professional development activities""},{""score"":3,""criteriaId"":""collaboration"",""selectedOption"":""Good collaboration and teamwork with staff""},{""score"":3,""criteriaId"":""punctuality_attendance"",""selectedOption"":""Good attendance and punctuality with rare absences""}],""timestamp"":""2025-09-08T05:45:56.125Z"",""totalScore"":19}]",0,2025-09-08 05:45:56.126+00
84019fca-d4c8-42b5-a5e4-db7cb5e43f09,teacher,d2ef1913-b80e-434f-96cd-4bf4806eac4b,c8dbec63-2428-4987-af45-9f5658c9ff5b,2678,"[{""id"":""1dc15f73-9db6-49e6-a8cd-97d44b167822"",""maxScore"":36,""responses"":[{""score"":2,""criteriaId"":""lesson_planning"",""selectedOption"":""Basic lesson plan exists but lacks detail and structure""},{""score"":2,""criteriaId"":""subject_knowledge"",""selectedOption"":""Basic subject knowledge with occasional inaccuracies""},{""score"":3,""criteriaId"":""teaching_methods"",""selectedOption"":""Uses multiple teaching strategies with some student engagement""},{""score"":3,""criteriaId"":""classroom_management"",""selectedOption"":""Good classroom management with clear rules and procedures""},{""score"":3,""criteriaId"":""student_interaction"",""selectedOption"":""Good communication with regular student interaction""},{""score"":3,""criteriaId"":""assessment_feedback"",""selectedOption"":""Regular assessment with constructive feedback""},{""score"":0,""criteriaId"":""technology_integration"",""selectedOption"":""Not Applicable""},{""score"":3,""criteriaId"":""professional_development"",""selectedOption"":""Regular participation in professional development activities""},{""score"":3,""criteriaId"":""collaboration"",""selectedOption"":""Good collaboration and teamwork with staff""},{""score"":3,""criteriaId"":""punctuality_attendance"",""selectedOption"":""Good attendance and punctuality with rare absences""}],""timestamp"":""2025-09-23T07:18:21.024Z"",""totalScore"":25},{""id"":""0518ca22-6091-4378-a9cf-6e350726c594"",""maxScore"":36,""responses"":[{""score"":2,""criteriaId"":""lesson_planning"",""selectedOption"":""Basic lesson plan exists but lacks detail and structure""},{""score"":2,""criteriaId"":""subject_knowledge"",""selectedOption"":""Basic subject knowledge with occasional inaccuracies""},{""score"":2,""criteriaId"":""teaching_methods"",""selectedOption"":""Limited variety in teaching methods, mostly teacher-centered""},{""score"":3,""criteriaId"":""classroom_management"",""selectedOption"":""Good classroom management with clear rules and procedures""},{""score"":3,""criteriaId"":""student_interaction"",""selectedOption"":""Good communication with regular student interaction""},{""score"":3,""criteriaId"":""assessment_feedback"",""selectedOption"":""Regular assessment with constructive feedback""},{""score"":0,""criteriaId"":""technology_integration"",""selectedOption"":""Not Applicable""},{""score"":3,""criteriaId"":""professional_development"",""selectedOption"":""Regular participation in professional development activities""},{""score"":3,""criteriaId"":""collaboration"",""selectedOption"":""Good collaboration and teamwork with staff""},{""score"":3,""criteriaId"":""punctuality_attendance"",""selectedOption"":""Good attendance and punctuality with rare absences""}],""timestamp"":""2025-09-23T07:18:48.093Z"",""totalScore"":24}]",1,2025-09-23 07:18:21.024+00
85968934-c984-4937-93e1-8adfbc121d95,mentor,1811c09f-e3f3-4b6a-afc2-3ea2d2e1e5b3,c4186fe0-c9f0-484d-8a2d-51054571d3db,5465,"[{""id"":""2e873def-adae-443d-855e-d1912b665400"",""maxScore"":40,""responses"":[{""score"":3,""criteriaId"":""mentoring_skills"",""selectedOption"":""Good mentoring skills with positive influence on mentees""},{""score"":2,""criteriaId"":""student_support"",""selectedOption"":""Basic support with limited follow-up""},{""score"":4,""criteriaId"":""program_coordination"",""selectedOption"":""Excellent coordination with innovative and efficient program management""},{""score"":3,""criteriaId"":""communication_skills"",""selectedOption"":""Good communication skills with positive relationships""},{""score"":3,""criteriaId"":""problem_solving"",""selectedOption"":""Good problem-solving skills with effective resolutions""},{""score"":2,""criteriaId"":""professional_knowledge"",""selectedOption"":""Basic knowledge with some gaps""},{""score"":2,""criteriaId"":""initiative_leadership"",""selectedOption"":""Limited initiative with basic leadership skills""},{""score"":4,""comment"":""all the documents are well maintained"",""criteriaId"":""record_keeping"",""selectedOption"":""Excellent record keeping with comprehensive and systematic documentation""},{""score"":3,""criteriaId"":""parent_community_engagement"",""selectedOption"":""Good engagement with positive community relationships""},{""score"":2,""criteriaId"":""reliability_commitment"",""selectedOption"":""Basic reliability with occasional lapses""}],""timestamp"":""2025-11-10T10:15:30.097Z"",""totalScore"":28},{""id"":""932ee7c1-1cf8-46c6-8b0d-59f03a9fe08c"",""maxScore"":40,""responses"":[{""score"":3,""criteriaId"":""mentoring_skills"",""selectedOption"":""Good mentoring skills with positive influence on mentees""},{""score"":2,""criteriaId"":""student_support"",""selectedOption"":""Basic support with limited follow-up""},{""score"":4,""criteriaId"":""program_coordination"",""selectedOption"":""Excellent coordination with innovative and efficient program management""},{""score"":3,""criteriaId"":""communication_skills"",""selectedOption"":""Good communication skills with positive relationships""},{""score"":3,""criteriaId"":""problem_solving"",""selectedOption"":""Good problem-solving skills with effective resolutions""},{""score"":2,""criteriaId"":""professional_knowledge"",""selectedOption"":""Basic knowledge with some gaps""},{""score"":2,""criteriaId"":""initiative_leadership"",""selectedOption"":""Limited initiative with basic leadership skills""},{""score"":4,""comment"":""all the documents are well maintained"",""criteriaId"":""record_keeping"",""selectedOption"":""Excellent record keeping with comprehensive and systematic documentation""},{""score"":3,""criteriaId"":""parent_community_engagement"",""selectedOption"":""Good engagement with positive community relationships""},{""score"":2,""criteriaId"":""reliability_commitment"",""selectedOption"":""Basic reliability with occasional lapses""}],""timestamp"":""2025-11-13T10:09:00.514Z"",""totalScore"":28}]",1,2025-11-10 10:15:30.098+00
861b519c-0bd4-4b60-badb-600d3a4aaf06,teacher,54a0a53d-e92b-4b56-8541-6419b3602ae2,e8e5a6cc-44a9-4573-a3bd-0123b4f770c7,4527,"[{""id"":""81060a0a-45e1-438d-ba73-99a5783ad252"",""maxScore"":40,""responses"":[{""score"":2,""criteriaId"":""lesson_planning"",""selectedOption"":""Basic lesson plan exists but lacks detail and structure""},{""score"":2,""criteriaId"":""subject_knowledge"",""selectedOption"":""Basic subject knowledge with occasional inaccuracies""},{""score"":3,""criteriaId"":""teaching_methods"",""selectedOption"":""Uses multiple teaching strategies with some student engagement""},{""score"":3,""criteriaId"":""classroom_management"",""selectedOption"":""Good classroom management with clear rules and procedures""},{""score"":3,""criteriaId"":""student_interaction"",""selectedOption"":""Good communication with regular student interaction""},{""score"":2,""criteriaId"":""assessment_feedback"",""selectedOption"":""Basic assessment with limited feedback""},{""score"":2,""criteriaId"":""technology_integration"",""selectedOption"":""Basic use of technology with limited effectiveness""},{""score"":3,""criteriaId"":""professional_development"",""selectedOption"":""Regular participation in professional development activities""},{""score"":3,""criteriaId"":""collaboration"",""selectedOption"":""Good collaboration and teamwork with staff""},{""score"":3,""criteriaId"":""punctuality_attendance"",""selectedOption"":""Good attendance and punctuality with rare absences""}],""timestamp"":""2025-09-30T13:38:08.337Z"",""totalScore"":26}]",0,2025-09-30 13:38:08.337+00
890f0710-6f48-4a02-a424-987ce9ae01b8,teacher,3700eaf5-f493-4f76-a138-bae61116e202,ce954391-669f-43cd-9e21-185626e6ebcc,1494,"[{""id"":""349ccac5-334b-4e63-b531-0dc230bd522f"",""maxScore"":36,""responses"":[{""score"":4,""comment"":""A well-structured lesson plan with differentiated learning activities and varied assessment methods."",""criteriaId"":""lesson_planning"",""selectedOption"":""Comprehensive lesson plan with differentiated activities and assessment strategies""},{""score"":3,""comment"":""Strong subject understanding; delivery accurate but can be more expressive and engaging."",""criteriaId"":""subject_knowledge"",""selectedOption"":""Good subject knowledge with clear explanations""},{""score"":3,""comment"":""Effective activity method, but student engagement can be improved to avoid distractions."",""criteriaId"":""teaching_methods"",""selectedOption"":""Uses multiple teaching strategies with some student engagement""},{""score"":3,""comment"":""Students were distracted; needs stronger classroom control and attention strategies."",""criteriaId"":""classroom_management"",""selectedOption"":""Good classroom management with clear rules and procedures""},{""score"":3,""comment"":""Interaction fair; improve voice modulation and communication tone to sustain attention."",""criteriaId"":""student_interaction"",""selectedOption"":""Good communication with regular student interaction""},{""score"":3,""comment"":""Recap activity used effectively; could include more student-led feedback."",""criteriaId"":""assessment_feedback"",""selectedOption"":""Regular assessment with constructive feedback""},{""score"":0,""criteriaId"":""technology_integration"",""selectedOption"":""Not Applicable""},{""score"":4,""comment"":""Shows understanding of process; can enhance delivery through training on engagement skills."",""criteriaId"":""professional_development"",""selectedOption"":""Active pursuit of professional growth with evidence of implementation""},{""score"":4,""comment"":""Demonstrates excellent collaborative skills and actively contributes to the school community."",""criteriaId"":""collaboration"",""selectedOption"":""Excellent collaborative skills, actively contributes to school community""},{""score"":4,""criteriaId"":""punctuality_attendance"",""selectedOption"":""Excellent attendance and punctuality, highly reliable""}],""timestamp"":""2025-11-04T08:56:52.522Z"",""totalScore"":31}]",0,2025-11-04 08:56:52.522+00
8a8fd81b-c43a-4f3b-9739-5cb93f0f2a38,teacher,148fe89f-35f9-449b-8764-0a27ae97ced1,d04f19a5-66d5-4ae9-805b-3799ed03b5b2,5502,"[{""id"":""63965ee0-ee2b-4e76-919f-a7380b0efe09"",""maxScore"":36,""responses"":[{""score"":1,""criteriaId"":""lesson_planning"",""selectedOption"":""No evidence of lesson planning or preparation""},{""score"":3,""criteriaId"":""subject_knowledge"",""selectedOption"":""Good subject knowledge with clear explanations""},{""score"":3,""criteriaId"":""teaching_methods"",""selectedOption"":""Uses multiple teaching strategies with some student engagement""},{""score"":3,""criteriaId"":""classroom_management"",""selectedOption"":""Good classroom management with clear rules and procedures""},{""score"":2,""criteriaId"":""student_interaction"",""selectedOption"":""Basic interaction with limited student engagement""},{""score"":2,""criteriaId"":""assessment_feedback"",""selectedOption"":""Basic assessment with limited feedback""},{""score"":0,""comment"":""Not observed during the Audit"",""criteriaId"":""technology_integration"",""selectedOption"":""Not Applicable""},{""score"":3,""criteriaId"":""professional_development"",""selectedOption"":""Regular participation in professional development activities""},{""score"":3,""criteriaId"":""collaboration"",""selectedOption"":""Good collaboration and teamwork with staff""},{""score"":3,""criteriaId"":""punctuality_attendance"",""selectedOption"":""Good attendance and punctuality with rare absences""}],""timestamp"":""2025-09-08T06:01:37.052Z"",""totalScore"":23}]",0,2025-09-08 06:01:37.052+00
8bd8c770-4476-463e-96be-8fd0a76cb6d4,teacher,de561897-fa17-4448-a077-d9df2cc05c10,e8e5a6cc-44a9-4573-a3bd-0123b4f770c7,4240,"[{""id"":""a0e64cdb-9051-4769-8e88-5d43f75c1336"",""maxScore"":40,""responses"":[{""score"":2,""criteriaId"":""lesson_planning"",""selectedOption"":""Basic lesson plan exists but lacks detail and structure""},{""score"":2,""criteriaId"":""subject_knowledge"",""selectedOption"":""Basic subject knowledge with occasional inaccuracies""},{""score"":3,""criteriaId"":""teaching_methods"",""selectedOption"":""Uses multiple teaching strategies with some student engagement""},{""score"":3,""criteriaId"":""classroom_management"",""selectedOption"":""Good classroom management with clear rules and procedures""},{""score"":3,""criteriaId"":""student_interaction"",""selectedOption"":""Good communication with regular student interaction""},{""score"":3,""criteriaId"":""assessment_feedback"",""selectedOption"":""Regular assessment with constructive feedback""},{""score"":2,""criteriaId"":""technology_integration"",""selectedOption"":""Basic use of technology with limited effectiveness""},{""score"":3,""criteriaId"":""professional_development"",""selectedOption"":""Regular participation in professional development activities""},{""score"":3,""criteriaId"":""collaboration"",""selectedOption"":""Good collaboration and teamwork with staff""},{""score"":3,""criteriaId"":""punctuality_attendance"",""selectedOption"":""Good attendance and punctuality with rare absences""}],""timestamp"":""2025-09-30T13:34:59.392Z"",""totalScore"":27}]",0,2025-09-30 13:34:59.393+00
8beb0748-f991-4eaf-b320-c66ddd60c0d5,teacher,b45cb089-6b58-43d5-bfdf-56dc7a1082e1,b54ce43a-6ce8-44d2-8e3b-619a6e4b1c1a,6313,"[{""id"":""6093230a-302f-44a2-99e1-470c735a48a6"",""maxScore"":40,""responses"":[{""score"":3,""criteriaId"":""lesson_planning"",""selectedOption"":""Well-structured lesson plan with clear objectives and activities""},{""score"":3,""criteriaId"":""subject_knowledge"",""selectedOption"":""Good subject knowledge with clear explanations""},{""score"":3,""criteriaId"":""teaching_methods"",""selectedOption"":""Uses multiple teaching strategies with some student engagement""},{""score"":3,""criteriaId"":""classroom_management"",""selectedOption"":""Good classroom management with clear rules and procedures""},{""score"":3,""criteriaId"":""student_interaction"",""selectedOption"":""Good communication with regular student interaction""},{""score"":3,""criteriaId"":""assessment_feedback"",""selectedOption"":""Regular assessment with constructive feedback""},{""score"":3,""criteriaId"":""technology_integration"",""selectedOption"":""Good integration of technology to enhance learning""},{""score"":2,""criteriaId"":""professional_development"",""selectedOption"":""Minimal participation in professional development""},{""score"":3,""criteriaId"":""collaboration"",""selectedOption"":""Good collaboration and teamwork with staff""},{""score"":1,""criteriaId"":""punctuality_attendance"",""selectedOption"":""Frequent absences and tardiness affecting teaching quality""}],""timestamp"":""2025-11-13T06:52:36.860Z"",""totalScore"":27}]",0,2025-11-13 06:52:36.86+00
8f78c66d-64e5-40a0-b10e-9c4607234ea5,teacher,4da1cc21-cddd-4398-9b02-29d1d2a4e4f4,d04f19a5-66d5-4ae9-805b-3799ed03b5b2,8400,"[{""id"":""80b468d4-e7fe-4278-8bf6-da1a67b06b45"",""maxScore"":36,""responses"":[{""score"":2,""criteriaId"":""lesson_planning"",""selectedOption"":""Basic lesson plan exists but lacks detail and structure""},{""score"":1,""criteriaId"":""subject_knowledge"",""selectedOption"":""Limited subject knowledge with frequent errors""},{""score"":2,""criteriaId"":""teaching_methods"",""selectedOption"":""Limited variety in teaching methods, mostly teacher-centered""},{""score"":3,""criteriaId"":""classroom_management"",""selectedOption"":""Good classroom management with clear rules and procedures""},{""score"":1,""criteriaId"":""student_interaction"",""selectedOption"":""Minimal interaction with students, poor communication""},{""score"":2,""criteriaId"":""assessment_feedback"",""selectedOption"":""Basic assessment with limited feedback""},{""score"":0,""comment"":""Not observed during the Audit "",""criteriaId"":""technology_integration"",""selectedOption"":""Not Applicable""},{""score"":3,""criteriaId"":""professional_development"",""selectedOption"":""Regular participation in professional development activities""},{""score"":3,""criteriaId"":""collaboration"",""selectedOption"":""Good collaboration and teamwork with staff""},{""score"":3,""criteriaId"":""punctuality_attendance"",""selectedOption"":""Good attendance and punctuality with rare absences""}],""timestamp"":""2025-09-08T05:57:58.184Z"",""totalScore"":20}]",0,2025-09-08 05:57:58.184+00
91751237-3ae0-4d9f-8c4c-6479038f3955,mentor,9d3f9752-8c83-4a61-945e-b758717dde12,e8e5a6cc-44a9-4573-a3bd-0123b4f770c7,1092,"[{""id"":""67c1093f-9155-47da-a1b5-90f73b84c087"",""maxScore"":40,""responses"":[{""score"":3,""criteriaId"":""mentoring_skills"",""selectedOption"":""Good mentoring skills with positive influence on mentees""},{""score"":3,""criteriaId"":""student_support"",""selectedOption"":""Good support system with regular check-ins""},{""score"":3,""criteriaId"":""program_coordination"",""selectedOption"":""Good coordination with well-managed programs""},{""score"":3,""criteriaId"":""communication_skills"",""selectedOption"":""Good communication skills with positive relationships""},{""score"":3,""criteriaId"":""problem_solving"",""selectedOption"":""Good problem-solving skills with effective resolutions""},{""score"":3,""criteriaId"":""professional_knowledge"",""selectedOption"":""Good knowledge with competent application""},{""score"":3,""criteriaId"":""initiative_leadership"",""selectedOption"":""Good initiative with emerging leadership qualities""},{""score"":2,""criteriaId"":""record_keeping"",""selectedOption"":""Basic record keeping with some gaps""},{""score"":3,""criteriaId"":""parent_community_engagement"",""selectedOption"":""Good engagement with positive community relationships""},{""score"":3,""criteriaId"":""reliability_commitment"",""selectedOption"":""Good reliability with consistent performance""}],""timestamp"":""2025-09-30T14:36:32.510Z"",""totalScore"":29}]",0,2025-09-30 14:36:32.51+00
92f43d55-f80f-4d40-879d-22c9d916481f,teacher,2b5ba489-297f-453f-b211-0b70fc9b5e82,8e4b3b36-fa8f-4fee-8493-7469c2d72e5a,3086,"[{""id"":""5783f337-d8c1-4546-bdb0-1668aaba68d0"",""maxScore"":40,""responses"":[{""score"":3,""criteriaId"":""lesson_planning"",""selectedOption"":""Well-structured lesson plan with clear objectives and activities""},{""score"":3,""criteriaId"":""subject_knowledge"",""selectedOption"":""Good subject knowledge with clear explanations""},{""score"":3,""criteriaId"":""teaching_methods"",""selectedOption"":""Uses multiple teaching strategies with some student engagement""},{""score"":3,""criteriaId"":""classroom_management"",""selectedOption"":""Good classroom management with clear rules and procedures""},{""score"":3,""criteriaId"":""student_interaction"",""selectedOption"":""Good communication with regular student interaction""},{""score"":3,""criteriaId"":""assessment_feedback"",""selectedOption"":""Regular assessment with constructive feedback""},{""score"":3,""criteriaId"":""technology_integration"",""selectedOption"":""Good integration of technology to enhance learning""},{""score"":3,""criteriaId"":""professional_development"",""selectedOption"":""Regular participation in professional development activities""},{""score"":3,""criteriaId"":""collaboration"",""selectedOption"":""Good collaboration and teamwork with staff""},{""score"":3,""comment"":""Though the topic taken was different, the concept which was taken was informativee in detail"",""criteriaId"":""punctuality_attendance"",""selectedOption"":""Good attendance and punctuality with rare absences""}],""timestamp"":""2025-11-10T12:49:32.724Z"",""totalScore"":30}]",0,2025-11-10 12:49:32.725+00
97047697-4917-4d7e-a1e4-f3ac1147d48e,mentor,a9858ff1-d4fa-4c00-82af-2b54d6034c5a,cd67ef1b-e617-48a0-a9eb-8bfd64b4040b,4083,"[{""id"":""910bfe40-db9e-4c0a-9165-5f1b409f1477"",""maxScore"":40,""responses"":[{""score"":3,""criteriaId"":""mentoring_skills"",""selectedOption"":""Good mentoring skills with positive influence on mentees""},{""score"":3,""criteriaId"":""student_support"",""selectedOption"":""Good support system with regular check-ins""},{""score"":2,""comment"":""Mentor is not attending the weekly sessions in Hauna "",""criteriaId"":""program_coordination"",""selectedOption"":""Basic coordination with some organizational challenges""},{""score"":3,""criteriaId"":""communication_skills"",""selectedOption"":""Good communication skills with positive relationships""},{""score"":3,""criteriaId"":""problem_solving"",""selectedOption"":""Good problem-solving skills with effective resolutions""},{""score"":3,""criteriaId"":""professional_knowledge"",""selectedOption"":""Good knowledge with competent application""},{""score"":3,""criteriaId"":""initiative_leadership"",""selectedOption"":""Good initiative with emerging leadership qualities""},{""score"":4,""comment"":""Records  are well maintained."",""criteriaId"":""record_keeping"",""selectedOption"":""Excellent record keeping with comprehensive and systematic documentation""},{""score"":3,""criteriaId"":""parent_community_engagement"",""selectedOption"":""Good engagement with positive community relationships""},{""score"":2,""criteriaId"":""reliability_commitment"",""selectedOption"":""Basic reliability with occasional lapses""}],""timestamp"":""2025-08-14T08:36:09.723Z"",""totalScore"":29}]",0,2025-08-14 08:36:09.723+00
97fb9960-b8df-4fa2-8fe7-52d3786acffe,mentor,79084bcc-40ed-4284-ae58-ac136380eadf,c4031971-8da7-432b-aefb-4d15a7c29ff6,2217,"[{""id"":""1d5aa0c6-bbbc-413f-a735-54319573f934"",""maxScore"":40,""responses"":[{""score"":3,""criteriaId"":""mentoring_skills"",""selectedOption"":""Good mentoring skills with positive influence on mentees""},{""score"":3,""criteriaId"":""student_support"",""selectedOption"":""Good support system with regular check-ins""},{""score"":3,""criteriaId"":""program_coordination"",""selectedOption"":""Good coordination with well-managed programs""},{""score"":3,""criteriaId"":""communication_skills"",""selectedOption"":""Good communication skills with positive relationships""},{""score"":3,""criteriaId"":""problem_solving"",""selectedOption"":""Good problem-solving skills with effective resolutions""},{""score"":3,""criteriaId"":""professional_knowledge"",""selectedOption"":""Good knowledge with competent application""},{""score"":3,""criteriaId"":""initiative_leadership"",""selectedOption"":""Good initiative with emerging leadership qualities""},{""score"":4,""criteriaId"":""record_keeping"",""selectedOption"":""Excellent record keeping with comprehensive and systematic documentation""},{""score"":3,""criteriaId"":""parent_community_engagement"",""selectedOption"":""Good engagement with positive community relationships""},{""score"":3,""criteriaId"":""reliability_commitment"",""selectedOption"":""Good reliability with consistent performance""}],""timestamp"":""2025-09-13T07:57:59.581Z"",""totalScore"":31}]",0,2025-09-13 07:57:59.582+00
989ca7c7-36c9-469d-89e6-5db9f9cfd4db,teacher,ea9fbc11-687f-4cc9-ad21-1a4b3ea87846,1d81faf3-1166-42f2-8dd3-8d51102b1a92,2573,"[{""id"":""4f0a2c8e-e02a-4e70-b4a6-8d1dfed3b9d8"",""maxScore"":40,""responses"":[{""score"":3,""criteriaId"":""lesson_planning"",""selectedOption"":""Well-structured lesson plan with clear objectives and activities""},{""score"":2,""criteriaId"":""subject_knowledge"",""selectedOption"":""Basic subject knowledge with occasional inaccuracies""},{""score"":3,""criteriaId"":""teaching_methods"",""selectedOption"":""Uses multiple teaching strategies with some student engagement""},{""score"":3,""criteriaId"":""classroom_management"",""selectedOption"":""Good classroom management with clear rules and procedures""},{""score"":3,""criteriaId"":""student_interaction"",""selectedOption"":""Good communication with regular student interaction""},{""score"":2,""criteriaId"":""assessment_feedback"",""selectedOption"":""Basic assessment with limited feedback""},{""score"":2,""criteriaId"":""technology_integration"",""selectedOption"":""Basic use of technology with limited effectiveness""},{""score"":3,""criteriaId"":""professional_development"",""selectedOption"":""Regular participation in professional development activities""},{""score"":3,""criteriaId"":""collaboration"",""selectedOption"":""Good collaboration and teamwork with staff""},{""score"":3,""criteriaId"":""punctuality_attendance"",""selectedOption"":""Good attendance and punctuality with rare absences""}],""timestamp"":""2025-09-30T06:55:15.468Z"",""totalScore"":27}]",0,2025-09-30 06:55:15.468+00
9cfdbbae-239a-4a64-819c-02a1b9909b8e,mentor,6c497518-fff9-4420-beb5-3cac6a9e8bb7,c8dbec63-2428-4987-af45-9f5658c9ff5b,6408,"[{""id"":""0d3059bd-03da-413c-9f7d-6fbc6041dd57"",""maxScore"":40,""responses"":[{""score"":3,""criteriaId"":""mentoring_skills"",""selectedOption"":""Good mentoring skills with positive influence on mentees""},{""score"":3,""criteriaId"":""student_support"",""selectedOption"":""Good support system with regular check-ins""},{""score"":3,""criteriaId"":""program_coordination"",""selectedOption"":""Good coordination with well-managed programs""},{""score"":3,""criteriaId"":""communication_skills"",""selectedOption"":""Good communication skills with positive relationships""},{""score"":3,""criteriaId"":""problem_solving"",""selectedOption"":""Good problem-solving skills with effective resolutions""},{""score"":3,""criteriaId"":""professional_knowledge"",""selectedOption"":""Good knowledge with competent application""},{""score"":3,""criteriaId"":""initiative_leadership"",""selectedOption"":""Good initiative with emerging leadership qualities""},{""score"":2,""criteriaId"":""record_keeping"",""selectedOption"":""Basic record keeping with some gaps""},{""score"":3,""criteriaId"":""parent_community_engagement"",""selectedOption"":""Good engagement with positive community relationships""},{""score"":3,""criteriaId"":""reliability_commitment"",""selectedOption"":""Good reliability with consistent performance""}],""timestamp"":""2025-09-24T06:32:50.096Z"",""totalScore"":29}]",0,2025-09-24 06:32:50.097+00
9d0ff77d-228a-49e2-8f07-737dcbffef1c,teacher,be57f0c4-ceb1-4aac-bd57-aec485ce01f7,e77e009d-1155-4c17-807a-95a97c999270,3350,"[{""id"":""5177ecfe-03f8-4398-9a05-c015b535b129"",""maxScore"":40,""responses"":[{""score"":3,""comment"":""The teacher had materials ready and  follow most steps but sequence and direction could be improved. Flashcards should face the student movement rulea need to be planned beforehand."",""criteriaId"":""lesson_planning"",""selectedOption"":""Well-structured lesson plan with clear objectives and activities""},{""score"":3,""comment"":""Teacher demonstrated good understanding of the vocabulary topic and interacted well, but lacked clarity in connecting actions to words and maintaining flow."",""criteriaId"":""subject_knowledge"",""selectedOption"":""Good subject knowledge with clear explanations""},{""score"":2,""comment"":""The activity was interactive but not fully aligned with the procedure. Missing action introduction and incorrect order (calling student before word) reduced learning effectiveness."",""criteriaId"":""teaching_methods"",""selectedOption"":""Limited variety in teaching methods, mostly teacher-centered""},{""score"":2,""comment"":""Students were not fully attentive; movement from the middle caused distraction. Teacher’s effort to refocus students was noted, but class control and positioning need improvement."",""criteriaId"":""classroom_management"",""selectedOption"":""Basic classroom management with some behavioral issues""},{""score"":3,""comment"":""Interaction was present and positive; however, engagement dropped during certain steps. More clarity in instructions and reinforcement could enhance communication."",""criteriaId"":""student_interaction"",""selectedOption"":""Good communication with regular student interaction""},{""score"":3,""comment"":""The recap at the end shows effort to reinforce learning, but no student feedback or checking of understanding was observed. Including student responses would strengthen assessment. "",""criteriaId"":""assessment_feedback"",""selectedOption"":""Regular assessment with constructive feedback""},{""score"":1,""comment"":""No use of technological tools or innovative aids observed during the activity. "",""criteriaId"":""technology_integration"",""selectedOption"":""No use of technology in teaching""},{""score"":3,""comment"":""Teacher showed willingness to follow structured methodology. With training on vocabulary-building procedures, improvement can be expected."",""criteriaId"":""professional_development"",""selectedOption"":""Regular participation in professional development activities""},{""score"":3,""comment"":""Cooperative attitude noted; teacher followed general school methods. Could collaborate with peers for consistent implementation."",""criteriaId"":""collaboration"",""selectedOption"":""Good collaboration and teamwork with staff""},{""score"":3,""criteriaId"":""punctuality_attendance"",""selectedOption"":""Good attendance and punctuality with rare absences""}],""timestamp"":""2025-10-24T08:02:53.031Z"",""totalScore"":26}]",0,2025-10-24 08:02:53.031+00
9d2ea5da-d716-4863-a13d-c952e5e68913,teacher,a4629273-6855-43d0-9de4-086030e8cf04,463a626e-cd2e-45d0-98d3-0f5db9755375,8823,"[{""id"":""f9e64b15-27ad-4e73-b018-3030c45bae0c"",""maxScore"":40,""responses"":[{""score"":3,""criteriaId"":""lesson_planning"",""selectedOption"":""Well-structured lesson plan with clear objectives and activities""},{""score"":2,""criteriaId"":""subject_knowledge"",""selectedOption"":""Basic subject knowledge with occasional inaccuracies""},{""score"":3,""criteriaId"":""teaching_methods"",""selectedOption"":""Uses multiple teaching strategies with some student engagement""},{""score"":3,""criteriaId"":""classroom_management"",""selectedOption"":""Good classroom management with clear rules and procedures""},{""score"":3,""criteriaId"":""student_interaction"",""selectedOption"":""Good communication with regular student interaction""},{""score"":3,""criteriaId"":""assessment_feedback"",""selectedOption"":""Regular assessment with constructive feedback""},{""score"":3,""criteriaId"":""technology_integration"",""selectedOption"":""Good integration of technology to enhance learning""},{""score"":3,""criteriaId"":""professional_development"",""selectedOption"":""Regular participation in professional development activities""},{""score"":3,""criteriaId"":""collaboration"",""selectedOption"":""Good collaboration and teamwork with staff""},{""score"":3,""criteriaId"":""punctuality_attendance"",""selectedOption"":""Good attendance and punctuality with rare absences""}],""timestamp"":""2025-09-18T06:04:58.132Z"",""totalScore"":29},{""id"":""651a9a04-b4aa-43e4-bd10-4f4dbe39df4f"",""maxScore"":40,""responses"":[{""score"":4,""comment"":""Well-prepared and structured lesson."",""criteriaId"":""lesson_planning"",""selectedOption"":""Comprehensive lesson plan with differentiated activities and assessment strategies""},{""score"":3,""comment"":""Good understanding, needs slight improvement in pronunciation accuracy."",""criteriaId"":""subject_knowledge"",""selectedOption"":""Good subject knowledge with clear explanations""},{""score"":3,""criteriaId"":""teaching_methods"",""selectedOption"":""Uses multiple teaching strategies with some student engagement""},{""score"":2,""comment"":""Classroom was generally managed well, though minor behavioral issues were noted."",""criteriaId"":""classroom_management"",""selectedOption"":""Basic classroom management with some behavioral issues""},{""score"":2,""comment"":""Should increase questioning and student involvement"",""criteriaId"":""student_interaction"",""selectedOption"":""Basic interaction with limited student engagement""},{""score"":2,""comment"":""Basic assessment conducted; feedback can be made more comprehensive."",""criteriaId"":""assessment_feedback"",""selectedOption"":""Basic assessment with limited feedback""},{""score"":2,""criteriaId"":""technology_integration"",""selectedOption"":""Basic use of technology with limited effectiveness""},{""score"":3,""comment"":""Reflects awareness of standard teaching practice."",""criteriaId"":""professional_development"",""selectedOption"":""Regular participation in professional development activities""},{""score"":3,""comment"":""Good coordination and adherence to planning."",""criteriaId"":""collaboration"",""selectedOption"":""Good collaboration and teamwork with staff""},{""score"":3,""criteriaId"":""punctuality_attendance"",""selectedOption"":""Good attendance and punctuality with rare absences""}],""timestamp"":""2025-10-28T06:22:20.918Z"",""totalScore"":27}]",1,2025-09-18 06:04:58.132+00
9d98e5ef-7ef2-456c-9353-48a85dba51c9,teacher,6c8d6874-c30a-4f0a-a4f3-d477fd9c069b,f4da3593-2e2c-47ef-b0d6-50d2d76c4229,3414,"[{""id"":""96c4800c-7c32-4687-a4e2-39f3961f9152"",""maxScore"":40,""responses"":[{""score"":2,""comment"":""Needs induction training "",""criteriaId"":""lesson_planning"",""selectedOption"":""Basic lesson plan exists but lacks detail and structure""},{""score"":2,""criteriaId"":""subject_knowledge"",""selectedOption"":""Basic subject knowledge with occasional inaccuracies""},{""score"":1,""criteriaId"":""teaching_methods"",""selectedOption"":""Uses only traditional lecture methods with no variety""},{""score"":3,""criteriaId"":""classroom_management"",""selectedOption"":""Good classroom management with clear rules and procedures""},{""score"":2,""criteriaId"":""student_interaction"",""selectedOption"":""Basic interaction with limited student engagement""},{""score"":2,""criteriaId"":""assessment_feedback"",""selectedOption"":""Basic assessment with limited feedback""},{""score"":2,""criteriaId"":""technology_integration"",""selectedOption"":""Basic use of technology with limited effectiveness""},{""score"":3,""criteriaId"":""professional_development"",""selectedOption"":""Regular participation in professional development activities""},{""score"":3,""criteriaId"":""collaboration"",""selectedOption"":""Good collaboration and teamwork with staff""},{""score"":3,""criteriaId"":""punctuality_attendance"",""selectedOption"":""Good attendance and punctuality with rare absences""}],""timestamp"":""2025-11-08T08:26:59.730Z"",""totalScore"":23}]",0,2025-11-08 08:26:59.73+00
9fddab67-88c5-4b20-8385-0a99d5159f5a,teacher,53bd1ef2-143d-4038-856b-5bf75b9df6c5,a62638b1-d73d-4331-b89d-1b478bbd6d1b,5065,"[{""id"":""414a1e0e-659a-4ae3-ae9a-9dd4b6bb74ed"",""maxScore"":36,""responses"":[{""score"":3,""criteriaId"":""lesson_planning"",""selectedOption"":""Well-structured lesson plan with clear objectives and activities""},{""score"":3,""criteriaId"":""subject_knowledge"",""selectedOption"":""Good subject knowledge with clear explanations""},{""score"":3,""criteriaId"":""teaching_methods"",""selectedOption"":""Uses multiple teaching strategies with some student engagement""},{""score"":3,""criteriaId"":""classroom_management"",""selectedOption"":""Good classroom management with clear rules and procedures""},{""score"":3,""criteriaId"":""student_interaction"",""selectedOption"":""Good communication with regular student interaction""},{""score"":3,""criteriaId"":""assessment_feedback"",""selectedOption"":""Regular assessment with constructive feedback""},{""score"":0,""comment"":""Didn't Observed during the Audit"",""criteriaId"":""technology_integration"",""selectedOption"":""Not Applicable""},{""score"":3,""criteriaId"":""professional_development"",""selectedOption"":""Regular participation in professional development activities""},{""score"":3,""criteriaId"":""collaboration"",""selectedOption"":""Good collaboration and teamwork with staff""},{""score"":3,""criteriaId"":""punctuality_attendance"",""selectedOption"":""Good attendance and punctuality with rare absences""}],""timestamp"":""2025-09-09T10:02:21.317Z"",""totalScore"":27}]",0,2025-09-09 10:02:21.317+00
a150de32-8554-4a57-810d-5d4171085b8a,mentor,ac9b3fc6-eadf-48fb-91f0-22600e2af830,8731e550-71eb-41b4-993f-35b1acbcccba,8021,"[{""id"":""daec2768-5b93-4299-ad49-684b7460da6a"",""maxScore"":40,""responses"":[{""score"":3,""criteriaId"":""mentoring_skills"",""selectedOption"":""Good mentoring skills with positive influence on mentees""},{""score"":3,""criteriaId"":""student_support"",""selectedOption"":""Good support system with regular check-ins""},{""score"":3,""criteriaId"":""program_coordination"",""selectedOption"":""Good coordination with well-managed programs""},{""score"":3,""criteriaId"":""communication_skills"",""selectedOption"":""Good communication skills with positive relationships""},{""score"":3,""criteriaId"":""problem_solving"",""selectedOption"":""Good problem-solving skills with effective resolutions""},{""score"":3,""criteriaId"":""professional_knowledge"",""selectedOption"":""Good knowledge with competent application""},{""score"":3,""criteriaId"":""initiative_leadership"",""selectedOption"":""Good initiative with emerging leadership qualities""},{""score"":3,""criteriaId"":""record_keeping"",""selectedOption"":""Good record keeping with organized documentation""},{""score"":3,""criteriaId"":""parent_community_engagement"",""selectedOption"":""Good engagement with positive community relationships""},{""score"":3,""criteriaId"":""reliability_commitment"",""selectedOption"":""Good reliability with consistent performance""}],""timestamp"":""2025-09-30T11:39:05.681Z"",""totalScore"":30},{""id"":""40c87655-8e7e-447f-a392-17a07f89aa8f"",""maxScore"":40,""responses"":[{""score"":3,""criteriaId"":""mentoring_skills"",""selectedOption"":""Good mentoring skills with positive influence on mentees""},{""score"":3,""criteriaId"":""student_support"",""selectedOption"":""Good support system with regular check-ins""},{""score"":3,""criteriaId"":""program_coordination"",""selectedOption"":""Good coordination with well-managed programs""},{""score"":3,""criteriaId"":""communication_skills"",""selectedOption"":""Good communication skills with positive relationships""},{""score"":3,""criteriaId"":""problem_solving"",""selectedOption"":""Good problem-solving skills with effective resolutions""},{""score"":3,""criteriaId"":""professional_knowledge"",""selectedOption"":""Good knowledge with competent application""},{""score"":3,""criteriaId"":""initiative_leadership"",""selectedOption"":""Good initiative with emerging leadership qualities""},{""score"":3,""criteriaId"":""record_keeping"",""selectedOption"":""Good record keeping with organized documentation""},{""score"":3,""criteriaId"":""parent_community_engagement"",""selectedOption"":""Good engagement with positive community relationships""},{""score"":3,""criteriaId"":""reliability_commitment"",""selectedOption"":""Good reliability with consistent performance""}],""timestamp"":""2025-11-04T16:18:09.567Z"",""totalScore"":30}]",1,2025-09-30 11:39:05.681+00
a165e47f-4138-48a5-95e1-425dfde0e4fc,teacher,a8b8f06f-8e27-4bf6-92f8-f9ce72b91d58,b54ce43a-6ce8-44d2-8e3b-619a6e4b1c1a,3124,"[{""id"":""56cb9504-d5b1-42c3-8593-a56d13bc9a04"",""maxScore"":36,""responses"":[{""score"":2,""criteriaId"":""lesson_planning"",""selectedOption"":""Basic lesson plan exists but lacks detail and structure""},{""score"":2,""criteriaId"":""subject_knowledge"",""selectedOption"":""Basic subject knowledge with occasional inaccuracies""},{""score"":2,""criteriaId"":""teaching_methods"",""selectedOption"":""Limited variety in teaching methods, mostly teacher-centered""},{""score"":3,""criteriaId"":""classroom_management"",""selectedOption"":""Good classroom management with clear rules and procedures""},{""score"":3,""criteriaId"":""student_interaction"",""selectedOption"":""Good communication with regular student interaction""},{""score"":0,""criteriaId"":""assessment_feedback"",""selectedOption"":""Not Applicable""},{""score"":3,""criteriaId"":""technology_integration"",""selectedOption"":""Good integration of technology to enhance learning""},{""score"":2,""criteriaId"":""professional_development"",""selectedOption"":""Minimal participation in professional development""},{""score"":3,""criteriaId"":""collaboration"",""selectedOption"":""Good collaboration and teamwork with staff""},{""score"":1,""comment"":""Not Attending the training from hauna"",""criteriaId"":""punctuality_attendance"",""selectedOption"":""Frequent absences and tardiness affecting teaching quality""}],""timestamp"":""2025-11-13T06:41:13.285Z"",""totalScore"":21}]",0,2025-11-13 06:41:13.285+00
a35aca94-d565-4c77-874e-a03b7f0c5a60,teacher,05b0f99b-bcd9-4d36-a00c-7d8b49d6d53a,1de9aa42-d490-4c95-8b6e-ba759a2eab33,1709,"[{""id"":""9377c0c1-47c5-4ea1-8672-146617e59d16"",""maxScore"":40,""responses"":[{""score"":2,""criteriaId"":""lesson_planning"",""selectedOption"":""Basic lesson plan exists but lacks detail and structure""},{""score"":2,""criteriaId"":""subject_knowledge"",""selectedOption"":""Basic subject knowledge with occasional inaccuracies""},{""score"":3,""criteriaId"":""teaching_methods"",""selectedOption"":""Uses multiple teaching strategies with some student engagement""},{""score"":3,""criteriaId"":""classroom_management"",""selectedOption"":""Good classroom management with clear rules and procedures""},{""score"":3,""criteriaId"":""student_interaction"",""selectedOption"":""Good communication with regular student interaction""},{""score"":2,""criteriaId"":""assessment_feedback"",""selectedOption"":""Basic assessment with limited feedback""},{""score"":2,""criteriaId"":""technology_integration"",""selectedOption"":""Basic use of technology with limited effectiveness""},{""score"":3,""criteriaId"":""professional_development"",""selectedOption"":""Regular participation in professional development activities""},{""score"":3,""criteriaId"":""collaboration"",""selectedOption"":""Good collaboration and teamwork with staff""},{""score"":3,""criteriaId"":""punctuality_attendance"",""selectedOption"":""Good attendance and punctuality with rare absences""}],""timestamp"":""2025-09-08T11:24:16.980Z"",""totalScore"":26}]",0,2025-09-08 11:24:16.98+00
a43a3b49-8ff3-4103-afbc-850c597a0380,teacher,1cf24083-f429-4f04-ac5a-4b4912a67417,a574c405-8d97-445d-9fba-d544e10867a3,3299,"[{""id"":""1b3960a4-26a7-4376-aa3c-5a585e938ba7"",""maxScore"":40,""responses"":[{""score"":3,""criteriaId"":""lesson_planning"",""selectedOption"":""Well-structured lesson plan with clear objectives and activities""},{""score"":3,""criteriaId"":""subject_knowledge"",""selectedOption"":""Good subject knowledge with clear explanations""},{""score"":4,""criteriaId"":""teaching_methods"",""selectedOption"":""Employs diverse, innovative teaching methods with high student engagement""},{""score"":4,""criteriaId"":""classroom_management"",""selectedOption"":""Excellent classroom environment that promotes learning and respect""},{""score"":3,""criteriaId"":""student_interaction"",""selectedOption"":""Good communication with regular student interaction""},{""score"":3,""criteriaId"":""assessment_feedback"",""selectedOption"":""Regular assessment with constructive feedback""},{""score"":1,""comment"":""Didn't observe during the Audit "",""criteriaId"":""technology_integration"",""selectedOption"":""No use of technology in teaching""},{""score"":3,""criteriaId"":""professional_development"",""selectedOption"":""Regular participation in professional development activities""},{""score"":3,""criteriaId"":""collaboration"",""selectedOption"":""Good collaboration and teamwork with staff""},{""score"":3,""criteriaId"":""punctuality_attendance"",""selectedOption"":""Good attendance and punctuality with rare absences""}],""timestamp"":""2025-09-17T08:03:27.822Z"",""totalScore"":30},{""id"":""2a87e800-0741-480e-a9bd-c87593e08bf9"",""maxScore"":36,""responses"":[{""score"":3,""criteriaId"":""lesson_planning"",""selectedOption"":""Well-structured lesson plan with clear objectives and activities""},{""score"":3,""criteriaId"":""subject_knowledge"",""selectedOption"":""Good subject knowledge with clear explanations""},{""score"":3,""criteriaId"":""teaching_methods"",""selectedOption"":""Uses multiple teaching strategies with some student engagement""},{""score"":4,""criteriaId"":""classroom_management"",""selectedOption"":""Excellent classroom environment that promotes learning and respect""},{""score"":3,""criteriaId"":""student_interaction"",""selectedOption"":""Good communication with regular student interaction""},{""score"":3,""criteriaId"":""assessment_feedback"",""selectedOption"":""Regular assessment with constructive feedback""},{""score"":0,""comment"":""Didn't observe during the Audit "",""criteriaId"":""technology_integration"",""selectedOption"":""Not Applicable""},{""score"":3,""criteriaId"":""professional_development"",""selectedOption"":""Regular participation in professional development activities""},{""score"":3,""criteriaId"":""collaboration"",""selectedOption"":""Good collaboration and teamwork with staff""},{""score"":3,""criteriaId"":""punctuality_attendance"",""selectedOption"":""Good attendance and punctuality with rare absences""}],""timestamp"":""2025-09-17T08:05:52.029Z"",""totalScore"":28},{""id"":""862b4204-a5c4-4fa4-b0fd-bb0428024dcc"",""maxScore"":36,""responses"":[{""score"":3,""criteriaId"":""lesson_planning"",""selectedOption"":""Well-structured lesson plan with clear objectives and activities""},{""score"":3,""criteriaId"":""subject_knowledge"",""selectedOption"":""Good subject knowledge with clear explanations""},{""score"":3,""criteriaId"":""teaching_methods"",""selectedOption"":""Uses multiple teaching strategies with some student engagement""},{""score"":4,""criteriaId"":""classroom_management"",""selectedOption"":""Excellent classroom environment that promotes learning and respect""},{""score"":3,""criteriaId"":""student_interaction"",""selectedOption"":""Good communication with regular student interaction""},{""score"":3,""criteriaId"":""assessment_feedback"",""selectedOption"":""Regular assessment with constructive feedback""},{""score"":0,""comment"":""Didn't observe during the Audit "",""criteriaId"":""technology_integration"",""selectedOption"":""Not Applicable""},{""score"":3,""criteriaId"":""professional_development"",""selectedOption"":""Regular participation in professional development activities""},{""score"":3,""criteriaId"":""collaboration"",""selectedOption"":""Good collaboration and teamwork with staff""},{""score"":3,""criteriaId"":""punctuality_attendance"",""selectedOption"":""Good attendance and punctuality with rare absences""}],""timestamp"":""2025-09-17T08:07:31.241Z"",""totalScore"":28},{""id"":""6cb78ec0-423d-4341-8dba-d5d02d34144e"",""maxScore"":32,""responses"":[{""score"":2,""comment"":""1. Vocabulary development steps were followed properly as instructed, only step 4 & 5 were interchanged.\n2. Repeatation of words and sentences was observed.\n"",""criteriaId"":""lesson_planning"",""selectedOption"":""Basic lesson plan exists but lacks detail and structure""},{""score"":3,""comment"":""1.  Explanation was clear\n2. Sentences were based on shapes, colors."",""criteriaId"":""subject_knowledge"",""selectedOption"":""Good subject knowledge with clear explanations""},{""score"":0,""comment"":""No multiple strategies were observed, teacher was focused only on teaching."",""criteriaId"":""teaching_methods"",""selectedOption"":""Not Applicable""},{""score"":2,""comment"":""Classroom are well maintained with adequate space for children sitting and writing, but has to work on displays."",""criteriaId"":""classroom_management"",""selectedOption"":""Basic classroom management with some behavioral issues""},{""score"":3,""criteriaId"":""student_interaction"",""selectedOption"":""Good communication with regular student interaction""},{""score"":3,""criteriaId"":""assessment_feedback"",""selectedOption"":""Regular assessment with constructive feedback""},{""score"":0,""comment"":""Didn't observe during the Audit "",""criteriaId"":""technology_integration"",""selectedOption"":""Not Applicable""},{""score"":3,""criteriaId"":""professional_development"",""selectedOption"":""Regular participation in professional development activities""},{""score"":3,""criteriaId"":""collaboration"",""selectedOption"":""Good collaboration and teamwork with staff""},{""score"":3,""criteriaId"":""punctuality_attendance"",""selectedOption"":""Good attendance and punctuality with rare absences""}],""timestamp"":""2025-09-24T07:53:15.721Z"",""totalScore"":22},{""id"":""ccc3414c-b3ec-4383-90a3-73e4ab5d46b1"",""maxScore"":32,""responses"":[{""score"":2,""comment"":""1. Vocabulary development steps were followed properly as instructed, only step 4 & 5 were interchanged.\n2. Repeatation of words and sentences was observed.\n"",""criteriaId"":""lesson_planning"",""selectedOption"":""Basic lesson plan exists but lacks detail and structure""},{""score"":3,""comment"":""1.  Explanation was clear\n2. Sentences were based on shapes, colors."",""criteriaId"":""subject_knowledge"",""selectedOption"":""Good subject knowledge with clear explanations""},{""score"":0,""comment"":""No multiple strategies were observed, teacher was focused only on teaching."",""criteriaId"":""teaching_methods"",""selectedOption"":""Not Applicable""},{""score"":2,""comment"":""Classroom are well maintained with adequate space for children sitting and writing, but has to work on displays."",""criteriaId"":""classroom_management"",""selectedOption"":""Basic classroom management with some behavioral issues""},{""score"":3,""criteriaId"":""student_interaction"",""selectedOption"":""Good communication with regular student interaction""},{""score"":3,""criteriaId"":""assessment_feedback"",""selectedOption"":""Regular assessment with constructive feedback""},{""score"":0,""comment"":""Didn't observe during the Audit "",""criteriaId"":""technology_integration"",""selectedOption"":""Not Applicable""},{""score"":3,""criteriaId"":""professional_development"",""selectedOption"":""Regular participation in professional development activities""},{""score"":3,""criteriaId"":""collaboration"",""selectedOption"":""Good collaboration and teamwork with staff""},{""score"":3,""criteriaId"":""punctuality_attendance"",""selectedOption"":""Good attendance and punctuality with rare absences""}],""timestamp"":""2025-09-24T08:03:08.858Z"",""totalScore"":22},{""id"":""0199cf5e-fd05-4d27-b00e-e4e195cfd563"",""maxScore"":32,""responses"":[{""score"":2,""comment"":""1. Vocabulary development steps were followed properly as instructed, only step 4 & 5 were interchanged.\n2. Repeatation of words and sentences was observed.\n"",""criteriaId"":""lesson_planning"",""selectedOption"":""Basic lesson plan exists but lacks detail and structure""},{""score"":3,""comment"":""1.  Explanation was clear\n2. Sentences were based on shapes, colors."",""criteriaId"":""subject_knowledge"",""selectedOption"":""Good subject knowledge with clear explanations""},{""score"":0,""comment"":""No multiple strategies were observed, teacher was focused only on teaching."",""criteriaId"":""teaching_methods"",""selectedOption"":""Not Applicable""},{""score"":2,""comment"":""Classroom are well maintained with adequate space for children sitting and writing, but has to work on displays."",""criteriaId"":""classroom_management"",""selectedOption"":""Basic classroom management with some behavioral issues""},{""score"":3,""criteriaId"":""student_interaction"",""selectedOption"":""Good communication with regular student interaction""},{""score"":3,""criteriaId"":""assessment_feedback"",""selectedOption"":""Regular assessment with constructive feedback""},{""score"":0,""comment"":""Didn't observe during the Audit "",""criteriaId"":""technology_integration"",""selectedOption"":""Not Applicable""},{""score"":3,""criteriaId"":""professional_development"",""selectedOption"":""Regular participation in professional development activities""},{""score"":3,""criteriaId"":""collaboration"",""selectedOption"":""Good collaboration and teamwork with staff""},{""score"":3,""criteriaId"":""punctuality_attendance"",""selectedOption"":""Good attendance and punctuality with rare absences""}],""timestamp"":""2025-09-25T05:18:41.027Z"",""totalScore"":22}]",5,2025-09-17 08:03:27.823+00
abbf3409-b401-4d9f-af46-95efa7ace15e,teacher,d7ff9f24-3b86-45e9-a817-5f4231154bd3,cd67ef1b-e617-48a0-a9eb-8bfd64b4040b,9558,"[{""id"":""303a78d0-ba9c-4520-9e85-68bd560dbe4e"",""maxScore"":36,""responses"":[{""score"":3,""criteriaId"":""lesson_planning"",""selectedOption"":""Well-structured lesson plan with clear objectives and activities""},{""score"":2,""criteriaId"":""subject_knowledge"",""selectedOption"":""Basic subject knowledge with occasional inaccuracies""},{""score"":3,""criteriaId"":""teaching_methods"",""selectedOption"":""Uses multiple teaching strategies with some student engagement""},{""score"":3,""criteriaId"":""classroom_management"",""selectedOption"":""Good classroom management with clear rules and procedures""},{""score"":3,""criteriaId"":""student_interaction"",""selectedOption"":""Good communication with regular student interaction""},{""score"":2,""criteriaId"":""assessment_feedback"",""selectedOption"":""Basic assessment with limited feedback""},{""score"":2,""criteriaId"":""technology_integration"",""selectedOption"":""Basic use of technology with limited effectiveness""},{""score"":0,""comment"":""The teacher is not into any other curricular activity"",""criteriaId"":""professional_development"",""selectedOption"":""Not Applicable""},{""score"":3,""criteriaId"":""collaboration"",""selectedOption"":""Good collaboration and teamwork with staff""},{""score"":3,""criteriaId"":""punctuality_attendance"",""selectedOption"":""Good attendance and punctuality with rare absences""}],""timestamp"":""2025-08-14T08:14:13.846Z"",""totalScore"":24}]",0,2025-08-14 08:14:13.846+00
ac595edd-2fad-4aa4-a135-979a4bc5d96c,teacher,90acae30-4038-40fc-b600-aafd6380fda5,a02256d5-928d-4604-bbad-82dc91cd683e,1302,"[{""id"":""287fa81f-a281-4c16-ad26-1d992aa32832"",""maxScore"":40,""responses"":[{""score"":2,""comment"":""on phonetic approach demo was given. When wanted to see demos on Vocabulary development."",""criteriaId"":""lesson_planning"",""selectedOption"":""Basic lesson plan exists but lacks detail and structure""},{""score"":2,""criteriaId"":""subject_knowledge"",""selectedOption"":""Basic subject knowledge with occasional inaccuracies""},{""score"":2,""criteriaId"":""teaching_methods"",""selectedOption"":""Limited variety in teaching methods, mostly teacher-centered""},{""score"":2,""criteriaId"":""classroom_management"",""selectedOption"":""Basic classroom management with some behavioral issues""},{""score"":3,""criteriaId"":""student_interaction"",""selectedOption"":""Good communication with regular student interaction""},{""score"":2,""criteriaId"":""assessment_feedback"",""selectedOption"":""Basic assessment with limited feedback""},{""score"":2,""criteriaId"":""technology_integration"",""selectedOption"":""Basic use of technology with limited effectiveness""},{""score"":3,""criteriaId"":""professional_development"",""selectedOption"":""Regular participation in professional development activities""},{""score"":3,""criteriaId"":""collaboration"",""selectedOption"":""Good collaboration and teamwork with staff""},{""score"":3,""criteriaId"":""punctuality_attendance"",""selectedOption"":""Good attendance and punctuality with rare absences""}],""timestamp"":""2025-09-26T11:25:45.682Z"",""totalScore"":24},{""id"":""48f8cdc9-e7f7-4329-90c6-60df674edce9"",""maxScore"":40,""responses"":[{""score"":2,""comment"":""chinese whisper demo was given , then when asked to do on vocabulary phonetic was done . When wanted to see demos on Vocabulary development."",""criteriaId"":""lesson_planning"",""selectedOption"":""Basic lesson plan exists but lacks detail and structure""},{""score"":2,""criteriaId"":""subject_knowledge"",""selectedOption"":""Basic subject knowledge with occasional inaccuracies""},{""score"":2,""criteriaId"":""teaching_methods"",""selectedOption"":""Limited variety in teaching methods, mostly teacher-centered""},{""score"":2,""criteriaId"":""classroom_management"",""selectedOption"":""Basic classroom management with some behavioral issues""},{""score"":3,""criteriaId"":""student_interaction"",""selectedOption"":""Good communication with regular student interaction""},{""score"":2,""criteriaId"":""assessment_feedback"",""selectedOption"":""Basic assessment with limited feedback""},{""score"":2,""criteriaId"":""technology_integration"",""selectedOption"":""Basic use of technology with limited effectiveness""},{""score"":3,""criteriaId"":""professional_development"",""selectedOption"":""Regular participation in professional development activities""},{""score"":3,""criteriaId"":""collaboration"",""selectedOption"":""Good collaboration and teamwork with staff""},{""score"":3,""criteriaId"":""punctuality_attendance"",""selectedOption"":""Good attendance and punctuality with rare absences""}],""timestamp"":""2025-09-26T11:31:08.606Z"",""totalScore"":24}]",1,2025-09-26 11:25:45.706+00
acb29a02-bec9-45d2-8781-62be49948641,teacher,62d72471-a637-4dac-93e9-b368ee4d27c5,b54ce43a-6ce8-44d2-8e3b-619a6e4b1c1a,1940,"[{""id"":""e275e566-3e95-46ca-8fcb-5e9e8ecb66ef"",""maxScore"":40,""responses"":[{""score"":3,""criteriaId"":""lesson_planning"",""selectedOption"":""Well-structured lesson plan with clear objectives and activities""},{""score"":3,""criteriaId"":""subject_knowledge"",""selectedOption"":""Good subject knowledge with clear explanations""},{""score"":3,""criteriaId"":""teaching_methods"",""selectedOption"":""Uses multiple teaching strategies with some student engagement""},{""score"":3,""criteriaId"":""classroom_management"",""selectedOption"":""Good classroom management with clear rules and procedures""},{""score"":3,""criteriaId"":""student_interaction"",""selectedOption"":""Good communication with regular student interaction""},{""score"":2,""criteriaId"":""assessment_feedback"",""selectedOption"":""Basic assessment with limited feedback""},{""score"":3,""criteriaId"":""technology_integration"",""selectedOption"":""Good integration of technology to enhance learning""},{""score"":2,""criteriaId"":""professional_development"",""selectedOption"":""Minimal participation in professional development""},{""score"":3,""criteriaId"":""collaboration"",""selectedOption"":""Good collaboration and teamwork with staff""},{""score"":2,""criteriaId"":""punctuality_attendance"",""selectedOption"":""Occasional absences or tardiness with some impact""}],""timestamp"":""2025-11-11T10:34:31.136Z"",""totalScore"":27}]",0,2025-11-11 10:34:31.137+00
ad3c2148-9320-40a6-a5fe-4e7087d18b65,mentor,77a60ca0-04a8-4250-8591-200fa2985d54,6e63ae71-f20c-4d60-89f9-42adcfc5069e,6470,"[{""id"":""b31e6fd1-7305-4aaf-a1ed-3e33dccc2fae"",""maxScore"":36,""responses"":[{""score"":4,""criteriaId"":""mentoring_skills"",""selectedOption"":""Excellent mentoring abilities with transformative impact on student development""},{""score"":3,""criteriaId"":""student_support"",""selectedOption"":""Good support system with regular check-ins""},{""score"":3,""criteriaId"":""program_coordination"",""selectedOption"":""Good coordination with well-managed programs""},{""score"":3,""criteriaId"":""communication_skills"",""selectedOption"":""Good communication skills with positive relationships""},{""score"":4,""criteriaId"":""problem_solving"",""selectedOption"":""Excellent problem-solving abilities with innovative and lasting solutions""},{""score"":3,""criteriaId"":""professional_knowledge"",""selectedOption"":""Good knowledge with competent application""},{""score"":3,""criteriaId"":""initiative_leadership"",""selectedOption"":""Good initiative with emerging leadership qualities""},{""score"":3,""criteriaId"":""record_keeping"",""selectedOption"":""Good record keeping with organized documentation""},{""score"":3,""criteriaId"":""parent_community_engagement"",""selectedOption"":""Good engagement with positive community relationships""},{""score"":0,""criteriaId"":""reliability_commitment"",""selectedOption"":""Not Applicable""}],""timestamp"":""2025-07-17T07:07:59.499Z"",""totalScore"":29}]",0,2025-07-17 07:07:59.499+00
b2d05fe7-ab0c-4f81-a57c-81519d0873c3,mentor,3d4cc171-fd68-4067-811f-1b9f23d88a7b,d715ae06-3ee6-4f07-a68d-b66c7d5c507c,4629,"[{""id"":""dd67245d-f1e1-4039-bd14-3f3dbfe03ad7"",""maxScore"":40,""responses"":[{""score"":3,""criteriaId"":""mentoring_skills"",""selectedOption"":""Good mentoring skills with positive influence on mentees""},{""score"":2,""criteriaId"":""student_support"",""selectedOption"":""Basic support with limited follow-up""},{""score"":3,""criteriaId"":""program_coordination"",""selectedOption"":""Good coordination with well-managed programs""},{""score"":3,""criteriaId"":""communication_skills"",""selectedOption"":""Good communication skills with positive relationships""},{""score"":3,""criteriaId"":""problem_solving"",""selectedOption"":""Good problem-solving skills with effective resolutions""},{""score"":3,""criteriaId"":""professional_knowledge"",""selectedOption"":""Good knowledge with competent application""},{""score"":3,""criteriaId"":""initiative_leadership"",""selectedOption"":""Good initiative with emerging leadership qualities""},{""score"":3,""criteriaId"":""record_keeping"",""selectedOption"":""Good record keeping with organized documentation""},{""score"":3,""criteriaId"":""parent_community_engagement"",""selectedOption"":""Good engagement with positive community relationships""},{""score"":3,""criteriaId"":""reliability_commitment"",""selectedOption"":""Good reliability with consistent performance""}],""timestamp"":""2025-07-15T06:08:40.169Z"",""totalScore"":29},{""id"":""46f4cea7-7805-4593-beca-aaa4155137d5"",""maxScore"":40,""responses"":[{""score"":3,""criteriaId"":""mentoring_skills"",""selectedOption"":""Good mentoring skills with positive influence on mentees""},{""score"":2,""criteriaId"":""student_support"",""selectedOption"":""Basic support with limited follow-up""},{""score"":3,""criteriaId"":""program_coordination"",""selectedOption"":""Good coordination with well-managed programs""},{""score"":3,""criteriaId"":""communication_skills"",""selectedOption"":""Good communication skills with positive relationships""},{""score"":3,""criteriaId"":""problem_solving"",""selectedOption"":""Good problem-solving skills with effective resolutions""},{""score"":3,""criteriaId"":""professional_knowledge"",""selectedOption"":""Good knowledge with competent application""},{""score"":3,""criteriaId"":""initiative_leadership"",""selectedOption"":""Good initiative with emerging leadership qualities""},{""score"":3,""criteriaId"":""record_keeping"",""selectedOption"":""Good record keeping with organized documentation""},{""score"":3,""criteriaId"":""parent_community_engagement"",""selectedOption"":""Good engagement with positive community relationships""},{""score"":3,""criteriaId"":""reliability_commitment"",""selectedOption"":""Good reliability with consistent performance""}],""timestamp"":""2025-07-15T06:08:47.297Z"",""totalScore"":29},{""id"":""d90bca90-b8cf-4704-b2b9-427792296bf1"",""maxScore"":40,""responses"":[{""score"":3,""criteriaId"":""mentoring_skills"",""selectedOption"":""Good mentoring skills with positive influence on mentees""},{""score"":2,""criteriaId"":""student_support"",""selectedOption"":""Basic support with limited follow-up""},{""score"":3,""criteriaId"":""program_coordination"",""selectedOption"":""Good coordination with well-managed programs""},{""score"":3,""criteriaId"":""communication_skills"",""selectedOption"":""Good communication skills with positive relationships""},{""score"":3,""criteriaId"":""problem_solving"",""selectedOption"":""Good problem-solving skills with effective resolutions""},{""score"":3,""criteriaId"":""professional_knowledge"",""selectedOption"":""Good knowledge with competent application""},{""score"":3,""criteriaId"":""initiative_leadership"",""selectedOption"":""Good initiative with emerging leadership qualities""},{""score"":3,""criteriaId"":""record_keeping"",""selectedOption"":""Good record keeping with organized documentation""},{""score"":3,""criteriaId"":""parent_community_engagement"",""selectedOption"":""Good engagement with positive community relationships""},{""score"":3,""criteriaId"":""reliability_commitment"",""selectedOption"":""Good reliability with consistent performance""}],""timestamp"":""2025-07-15T06:12:29.201Z"",""totalScore"":29},{""id"":""f5ba7fa7-d27f-4d49-bb40-29a206ebd41a"",""maxScore"":40,""responses"":[{""score"":3,""criteriaId"":""mentoring_skills"",""selectedOption"":""Good mentoring skills with positive influence on mentees""},{""score"":2,""criteriaId"":""student_support"",""selectedOption"":""Basic support with limited follow-up""},{""score"":3,""criteriaId"":""program_coordination"",""selectedOption"":""Good coordination with well-managed programs""},{""score"":3,""criteriaId"":""communication_skills"",""selectedOption"":""Good communication skills with positive relationships""},{""score"":3,""criteriaId"":""problem_solving"",""selectedOption"":""Good problem-solving skills with effective resolutions""},{""score"":3,""criteriaId"":""professional_knowledge"",""selectedOption"":""Good knowledge with competent application""},{""score"":3,""criteriaId"":""initiative_leadership"",""selectedOption"":""Good initiative with emerging leadership qualities""},{""score"":3,""criteriaId"":""record_keeping"",""selectedOption"":""Good record keeping with organized documentation""},{""score"":3,""criteriaId"":""parent_community_engagement"",""selectedOption"":""Good engagement with positive community relationships""},{""score"":3,""criteriaId"":""reliability_commitment"",""selectedOption"":""Good reliability with consistent performance""}],""timestamp"":""2025-07-15T06:13:13.751Z"",""totalScore"":29}]",3,2025-07-15 06:08:40.169+00
b3af5b95-bbe4-4edb-bd1f-43150772176b,teacher,550143ad-11c8-4209-a7fd-c476a7ba39ee,462131bc-db2f-4b8f-95c0-8db9ddf0754b,7183,"[{""id"":""20a53e31-fc64-451a-bc8c-e2299ba68443"",""maxScore"":40,""responses"":[{""score"":2,""comment"":""has potential , explains wellbut what was to expecting the demo of vocabulary deveploment"",""criteriaId"":""lesson_planning"",""selectedOption"":""Basic lesson plan exists but lacks detail and structure""},{""score"":2,""comment"":""has knowledge , but not clear picture & difference of vocabulary development."",""criteriaId"":""subject_knowledge"",""selectedOption"":""Basic subject knowledge with occasional inaccuracies""},{""score"":3,""comment"":""need to grasp attention then begin the class."",""criteriaId"":""teaching_methods"",""selectedOption"":""Uses multiple teaching strategies with some student engagement""},{""score"":2,""comment"":""few are distracted."",""criteriaId"":""classroom_management"",""selectedOption"":""Basic classroom management with some behavioral issues""},{""score"":3,""comment"":""can do better"",""criteriaId"":""student_interaction"",""selectedOption"":""Good communication with regular student interaction""},{""score"":3,""criteriaId"":""assessment_feedback"",""selectedOption"":""Regular assessment with constructive feedback""},{""score"":2,""criteriaId"":""technology_integration"",""selectedOption"":""Basic use of technology with limited effectiveness""},{""score"":3,""criteriaId"":""professional_development"",""selectedOption"":""Regular participation in professional development activities""},{""score"":3,""criteriaId"":""collaboration"",""selectedOption"":""Good collaboration and teamwork with staff""},{""score"":3,""comment"":""need to know difference between vocabulary develoment to diagraph. Display to be put up according to Hauna."",""criteriaId"":""punctuality_attendance"",""selectedOption"":""Good attendance and punctuality with rare absences""}],""timestamp"":""2025-09-26T04:42:24.110Z"",""totalScore"":26}]",0,2025-09-26 04:42:24.11+00
b6b6fd38-d594-4fd5-b3b5-4dffafc3ea65,mentor,2c5d11d5-ff89-48f9-99d5-a34adcdb2c7d,e8e5a6cc-44a9-4573-a3bd-0123b4f770c7,5707,"[{""id"":""3e8a1c19-175e-4b24-bcb2-0952ace5d93a"",""maxScore"":40,""responses"":[{""score"":3,""criteriaId"":""mentoring_skills"",""selectedOption"":""Good mentoring skills with positive influence on mentees""},{""score"":3,""criteriaId"":""student_support"",""selectedOption"":""Good support system with regular check-ins""},{""score"":3,""criteriaId"":""program_coordination"",""selectedOption"":""Good coordination with well-managed programs""},{""score"":3,""criteriaId"":""communication_skills"",""selectedOption"":""Good communication skills with positive relationships""},{""score"":3,""criteriaId"":""problem_solving"",""selectedOption"":""Good problem-solving skills with effective resolutions""},{""score"":3,""criteriaId"":""professional_knowledge"",""selectedOption"":""Good knowledge with competent application""},{""score"":3,""criteriaId"":""initiative_leadership"",""selectedOption"":""Good initiative with emerging leadership qualities""},{""score"":2,""criteriaId"":""record_keeping"",""selectedOption"":""Basic record keeping with some gaps""},{""score"":3,""criteriaId"":""parent_community_engagement"",""selectedOption"":""Good engagement with positive community relationships""},{""score"":3,""criteriaId"":""reliability_commitment"",""selectedOption"":""Good reliability with consistent performance""}],""timestamp"":""2025-09-30T13:42:19.289Z"",""totalScore"":29}]",0,2025-09-30 13:42:19.289+00
b8c0e2fe-ae8b-4b51-9697-166d2dad2fca,teacher,c33cd666-22e1-4a63-98bb-cb62773498b4,c4031971-8da7-432b-aefb-4d15a7c29ff6,5024,"[{""id"":""5db8ab11-4452-4dc8-b293-b23aba709694"",""maxScore"":36,""responses"":[{""score"":2,""criteriaId"":""lesson_planning"",""selectedOption"":""Basic lesson plan exists but lacks detail and structure""},{""score"":2,""criteriaId"":""subject_knowledge"",""selectedOption"":""Basic subject knowledge with occasional inaccuracies""},{""score"":2,""criteriaId"":""teaching_methods"",""selectedOption"":""Limited variety in teaching methods, mostly teacher-centered""},{""score"":3,""criteriaId"":""classroom_management"",""selectedOption"":""Good classroom management with clear rules and procedures""},{""score"":3,""criteriaId"":""student_interaction"",""selectedOption"":""Good communication with regular student interaction""},{""score"":3,""criteriaId"":""assessment_feedback"",""selectedOption"":""Regular assessment with constructive feedback""},{""score"":0,""comment"":""Didn't observe during the Audit"",""criteriaId"":""technology_integration"",""selectedOption"":""Not Applicable""},{""score"":3,""criteriaId"":""professional_development"",""selectedOption"":""Regular participation in professional development activities""},{""score"":3,""criteriaId"":""collaboration"",""selectedOption"":""Good collaboration and teamwork with staff""},{""score"":3,""criteriaId"":""punctuality_attendance"",""selectedOption"":""Good attendance and punctuality with rare absences""}],""timestamp"":""2025-09-10T10:13:49.148Z"",""totalScore"":24}]",0,2025-09-10 10:13:49.148+00
c02dd0f6-f2ec-4e62-a6e8-7c4e0368228b,mentor,5de9fbe5-184c-43ef-9fbb-389df4b3a3b8,8c1fa765-a67c-42f6-b6d9-cd13e8066c57,4433,"[{""id"":""6fffbd2b-3ca3-4175-980e-b048e8f70d0d"",""maxScore"":40,""responses"":[{""score"":4,""criteriaId"":""mentoring_skills"",""selectedOption"":""Excellent mentoring abilities with transformative impact on student development""},{""score"":3,""criteriaId"":""student_support"",""selectedOption"":""Good support system with regular check-ins""},{""score"":4,""criteriaId"":""program_coordination"",""selectedOption"":""Excellent coordination with innovative and efficient program management""},{""score"":4,""criteriaId"":""communication_skills"",""selectedOption"":""Excellent communication fostering strong, supportive relationships""},{""score"":3,""criteriaId"":""problem_solving"",""selectedOption"":""Good problem-solving skills with effective resolutions""},{""score"":3,""criteriaId"":""professional_knowledge"",""selectedOption"":""Good knowledge with competent application""},{""score"":3,""criteriaId"":""initiative_leadership"",""selectedOption"":""Good initiative with emerging leadership qualities""},{""score"":3,""criteriaId"":""record_keeping"",""selectedOption"":""Good record keeping with organized documentation""},{""score"":4,""criteriaId"":""parent_community_engagement"",""selectedOption"":""Excellent engagement fostering strong community partnerships""},{""score"":3,""criteriaId"":""reliability_commitment"",""selectedOption"":""Good reliability with consistent performance""}],""timestamp"":""2025-09-19T08:40:36.852Z"",""totalScore"":34},{""id"":""eb47b33d-ee50-4e49-8b8e-b34f096c74f4"",""maxScore"":40,""responses"":[{""score"":4,""comment"":""Exhibits exceptional mentoring capabilities, creating a meaningful and transformative effect on students’ growth."",""criteriaId"":""mentoring_skills"",""selectedOption"":""Excellent mentoring abilities with transformative impact on student development""},{""score"":3,""comment"":""Maintains an effective support system with regular monitoring and engagement."",""criteriaId"":""student_support"",""selectedOption"":""Good support system with regular check-ins""},{""score"":4,""comment"":""Shows exemplary coordination skills, ensuring programs are managed both innovatively and efficiently."",""criteriaId"":""program_coordination"",""selectedOption"":""Excellent coordination with innovative and efficient program management""},{""score"":4,""comment"":""Exhibits outstanding communication skills that build trust and supportive relationships."",""criteriaId"":""communication_skills"",""selectedOption"":""Excellent communication fostering strong, supportive relationships""},{""score"":3,""comment"":""Exhibits excellent problem-solving abilities with timely and effective solutions."",""criteriaId"":""problem_solving"",""selectedOption"":""Good problem-solving skills with effective resolutions""},{""score"":3,""comment"":""Demonstrates strong understanding with effective practical application."",""criteriaId"":""professional_knowledge"",""selectedOption"":""Good knowledge with competent application""},{""score"":3,""comment"":""Shows strong initiative with developing leadership skills."",""criteriaId"":""initiative_leadership"",""selectedOption"":""Good initiative with emerging leadership qualities""},{""score"":3,""comment"":""Keeps thorough records with systematic and organized documentation."",""criteriaId"":""record_keeping"",""selectedOption"":""Good record keeping with organized documentation""},{""score"":4,""comment"":""Shows exemplary engagement, cultivating strong and supportive community connections."",""criteriaId"":""parent_community_engagement"",""selectedOption"":""Excellent engagement fostering strong community partnerships""},{""score"":3,""comment"":""Maintains consistent performance, reflecting strong reliability."",""criteriaId"":""reliability_commitment"",""selectedOption"":""Good reliability with consistent performance""}],""timestamp"":""2025-10-29T16:58:13.610Z"",""totalScore"":34}]",1,2025-09-19 08:40:36.852+00
c392ce80-6d49-46d5-a7f1-01ba3706defb,mentor,d4f09939-6c46-40ce-8f44-2f5d8b36ab26,1d81faf3-1166-42f2-8dd3-8d51102b1a92,1258,"[{""id"":""4a135d03-c967-42a5-a93b-c6737ab9cfd6"",""maxScore"":40,""responses"":[{""score"":4,""criteriaId"":""mentoring_skills"",""selectedOption"":""Excellent mentoring abilities with transformative impact on student development""},{""score"":4,""criteriaId"":""student_support"",""selectedOption"":""Comprehensive support with proactive intervention and follow-up""},{""score"":3,""criteriaId"":""program_coordination"",""selectedOption"":""Good coordination with well-managed programs""},{""score"":4,""criteriaId"":""communication_skills"",""selectedOption"":""Excellent communication fostering strong, supportive relationships""},{""score"":3,""criteriaId"":""problem_solving"",""selectedOption"":""Good problem-solving skills with effective resolutions""},{""score"":3,""criteriaId"":""professional_knowledge"",""selectedOption"":""Good knowledge with competent application""},{""score"":4,""criteriaId"":""initiative_leadership"",""selectedOption"":""Excellent initiative and strong leadership inspiring others""},{""score"":3,""criteriaId"":""record_keeping"",""selectedOption"":""Good record keeping with organized documentation""},{""score"":4,""criteriaId"":""parent_community_engagement"",""selectedOption"":""Excellent engagement fostering strong community partnerships""},{""score"":4,""criteriaId"":""reliability_commitment"",""selectedOption"":""Excellent reliability and unwavering commitment to excellence""}],""timestamp"":""2025-11-04T16:35:26.443Z"",""totalScore"":36}]",0,2025-07-07 06:38:57.739+00
c5d0898e-9c45-450d-bfd3-cd69566a059e,teacher,24e609a5-592e-4ec4-82e8-5c1264353698,c4031971-8da7-432b-aefb-4d15a7c29ff6,1837,"[{""id"":""5690e8b9-f482-4496-a0ec-d69e23302e2b"",""maxScore"":36,""responses"":[{""score"":2,""criteriaId"":""lesson_planning"",""selectedOption"":""Basic lesson plan exists but lacks detail and structure""},{""score"":2,""criteriaId"":""subject_knowledge"",""selectedOption"":""Basic subject knowledge with occasional inaccuracies""},{""score"":2,""criteriaId"":""teaching_methods"",""selectedOption"":""Limited variety in teaching methods, mostly teacher-centered""},{""score"":3,""criteriaId"":""classroom_management"",""selectedOption"":""Good classroom management with clear rules and procedures""},{""score"":3,""criteriaId"":""student_interaction"",""selectedOption"":""Good communication with regular student interaction""},{""score"":3,""criteriaId"":""assessment_feedback"",""selectedOption"":""Regular assessment with constructive feedback""},{""score"":0,""comment"":""Didn't observe during the Audit"",""criteriaId"":""technology_integration"",""selectedOption"":""Not Applicable""},{""score"":3,""criteriaId"":""professional_development"",""selectedOption"":""Regular participation in professional development activities""},{""score"":3,""criteriaId"":""collaboration"",""selectedOption"":""Good collaboration and teamwork with staff""},{""score"":3,""criteriaId"":""punctuality_attendance"",""selectedOption"":""Good attendance and punctuality with rare absences""}],""timestamp"":""2025-09-10T10:15:00.295Z"",""totalScore"":24}]",0,2025-09-10 10:15:00.295+00
c6e5db9a-767e-4c70-85a7-86e427c16f16,teacher,88ee326f-83a1-4d8d-9826-29adbf5d17b7,a0a55727-62c1-4ec1-9b64-41f8af4f37ec,3327,"[{""id"":""d3e26307-c53c-4cd5-82ab-2144f02a7807"",""maxScore"":40,""responses"":[{""score"":3,""criteriaId"":""lesson_planning"",""selectedOption"":""Well-structured lesson plan with clear objectives and activities""},{""score"":2,""criteriaId"":""subject_knowledge"",""selectedOption"":""Basic subject knowledge with occasional inaccuracies""},{""score"":3,""criteriaId"":""teaching_methods"",""selectedOption"":""Uses multiple teaching strategies with some student engagement""},{""score"":2,""criteriaId"":""classroom_management"",""selectedOption"":""Basic classroom management with some behavioral issues""},{""score"":3,""criteriaId"":""student_interaction"",""selectedOption"":""Good communication with regular student interaction""},{""score"":3,""criteriaId"":""assessment_feedback"",""selectedOption"":""Regular assessment with constructive feedback""},{""score"":3,""criteriaId"":""technology_integration"",""selectedOption"":""Good integration of technology to enhance learning""},{""score"":3,""criteriaId"":""professional_development"",""selectedOption"":""Regular participation in professional development activities""},{""score"":2,""criteriaId"":""collaboration"",""selectedOption"":""Limited collaboration with colleagues""},{""score"":3,""criteriaId"":""punctuality_attendance"",""selectedOption"":""Good attendance and punctuality with rare absences""}],""timestamp"":""2025-09-18T05:42:27.291Z"",""totalScore"":27},{""id"":""e61e5dac-711f-4533-9485-328f8b217165"",""maxScore"":40,""responses"":[{""score"":3,""comment"":""The teacher was prepared with materials and followed parts of the procedure. However, the absence of planned actions during introduction and unclear instructions indicate partial preparation."",""criteriaId"":""lesson_planning"",""selectedOption"":""Well-structured lesson plan with clear objectives and activities""},{""score"":2,""comment"":""The teacher showed limited understanding of the vocabulary-building objective. Inclusion of EVS-based questions diverted focus from the intended vocabulary learning, showing a need for better conceptual clarity."",""criteriaId"":""subject_knowledge"",""selectedOption"":""Basic subject knowledge with occasional inaccuracies""},{""score"":2,""comment"":""The procedure was only partially followed. Flashcards were passed at intervals, but the lack of actions and unclear instructions affected the sequence and overall effectiveness of the activity."",""criteriaId"":""teaching_methods"",""selectedOption"":""Limited variety in teaching methods, mostly teacher-centered""},{""score"":2,""comment"":""Classroom control was moderate. Some students appeared disengaged, and movement management was not fully effective. "",""criteriaId"":""classroom_management"",""selectedOption"":""Basic classroom management with some behavioral issues""},{""score"":3,""comment"":""Demonstrates effective communication and maintains consistent interaction with students."",""criteriaId"":""student_interaction"",""selectedOption"":""Good communication with regular student interaction""},{""score"":3,""comment"":""A recap was conducted to reinforce learning. Adding quick verbal checks or responses could help evaluate student understanding more effectively."",""criteriaId"":""assessment_feedback"",""selectedOption"":""Regular assessment with constructive feedback""},{""score"":3,""criteriaId"":""technology_integration"",""selectedOption"":""Good integration of technology to enhance learning""},{""score"":3,""comment"":""The teacher shows willingness to apply structured teaching methods. With continued training and practice, consistency and clarity will improve."",""criteriaId"":""professional_development"",""selectedOption"":""Regular participation in professional development activities""},{""score"":2,""comment"":""Displays cooperative behavior and alignment with school teaching approaches. Sharing best practices with peers can help strengthen instructional quality."",""criteriaId"":""collaboration"",""selectedOption"":""Limited collaboration with colleagues""},{""score"":3,""criteriaId"":""punctuality_attendance"",""selectedOption"":""Good attendance and punctuality with rare absences""}],""timestamp"":""2025-10-27T06:17:45.265Z"",""totalScore"":26}]",1,2025-09-18 05:42:27.291+00
c7e15ad0-cc01-41e6-96ea-8c2118611d91,teacher,4b3de818-c4e5-497e-a3e5-c115b1878b4c,b54ce43a-6ce8-44d2-8e3b-619a6e4b1c1a,9748,"[{""id"":""44967f34-6712-4e70-a6de-87d130dda52f"",""maxScore"":36,""responses"":[{""score"":2,""criteriaId"":""lesson_planning"",""selectedOption"":""Basic lesson plan exists but lacks detail and structure""},{""score"":2,""criteriaId"":""subject_knowledge"",""selectedOption"":""Basic subject knowledge with occasional inaccuracies""},{""score"":2,""criteriaId"":""teaching_methods"",""selectedOption"":""Limited variety in teaching methods, mostly teacher-centered""},{""score"":3,""criteriaId"":""classroom_management"",""selectedOption"":""Good classroom management with clear rules and procedures""},{""score"":3,""criteriaId"":""student_interaction"",""selectedOption"":""Good communication with regular student interaction""},{""score"":2,""criteriaId"":""assessment_feedback"",""selectedOption"":""Basic assessment with limited feedback""},{""score"":2,""criteriaId"":""technology_integration"",""selectedOption"":""Basic use of technology with limited effectiveness""},{""score"":1,""criteriaId"":""professional_development"",""selectedOption"":""No evidence of professional development activities""},{""score"":3,""criteriaId"":""collaboration"",""selectedOption"":""Good collaboration and teamwork with staff""},{""score"":0,""comment"":""Not Attending any of the Meeting "",""criteriaId"":""punctuality_attendance"",""selectedOption"":""Not Applicable""}],""timestamp"":""2025-11-11T10:21:22.809Z"",""totalScore"":20},{""id"":""46a78008-e470-4bed-9743-6b6756fd6f1b"",""maxScore"":36,""responses"":[{""score"":2,""comment"":""No proper Steps were followed during Vocabulary development"",""criteriaId"":""lesson_planning"",""selectedOption"":""Basic lesson plan exists but lacks detail and structure""},{""score"":2,""criteriaId"":""subject_knowledge"",""selectedOption"":""Basic subject knowledge with occasional inaccuracies""},{""score"":2,""criteriaId"":""teaching_methods"",""selectedOption"":""Limited variety in teaching methods, mostly teacher-centered""},{""score"":3,""criteriaId"":""classroom_management"",""selectedOption"":""Good classroom management with clear rules and procedures""},{""score"":3,""criteriaId"":""student_interaction"",""selectedOption"":""Good communication with regular student interaction""},{""score"":2,""criteriaId"":""assessment_feedback"",""selectedOption"":""Basic assessment with limited feedback""},{""score"":2,""criteriaId"":""technology_integration"",""selectedOption"":""Basic use of technology with limited effectiveness""},{""score"":1,""criteriaId"":""professional_development"",""selectedOption"":""No evidence of professional development activities""},{""score"":3,""criteriaId"":""collaboration"",""selectedOption"":""Good collaboration and teamwork with staff""},{""score"":0,""comment"":""Not Attending any of the Meeting "",""criteriaId"":""punctuality_attendance"",""selectedOption"":""Not Applicable""}],""timestamp"":""2025-11-11T10:28:46.066Z"",""totalScore"":20},{""id"":""b6fbc4c3-4069-4690-b1f0-9a2963467549"",""maxScore"":36,""responses"":[{""score"":2,""comment"":""No proper Steps were followed during Vocabulary development"",""criteriaId"":""lesson_planning"",""selectedOption"":""Basic lesson plan exists but lacks detail and structure""},{""score"":2,""criteriaId"":""subject_knowledge"",""selectedOption"":""Basic subject knowledge with occasional inaccuracies""},{""score"":2,""criteriaId"":""teaching_methods"",""selectedOption"":""Limited variety in teaching methods, mostly teacher-centered""},{""score"":3,""criteriaId"":""classroom_management"",""selectedOption"":""Good classroom management with clear rules and procedures""},{""score"":3,""criteriaId"":""student_interaction"",""selectedOption"":""Good communication with regular student interaction""},{""score"":2,""criteriaId"":""assessment_feedback"",""selectedOption"":""Basic assessment with limited feedback""},{""score"":2,""criteriaId"":""technology_integration"",""selectedOption"":""Basic use of technology with limited effectiveness""},{""score"":1,""criteriaId"":""professional_development"",""selectedOption"":""No evidence of professional development activities""},{""score"":3,""criteriaId"":""collaboration"",""selectedOption"":""Good collaboration and teamwork with staff""},{""score"":0,""comment"":""Not Attending any of the Meeting "",""criteriaId"":""punctuality_attendance"",""selectedOption"":""Not Applicable""}],""timestamp"":""2025-11-11T10:34:53.668Z"",""totalScore"":20}]",2,2025-11-11 10:21:22.809+00
cc71381f-9de5-4dfd-8c3a-d741597c39fc,teacher,78f4a3c7-3a11-462b-a828-87bf563bb1c7,ef25a4fb-1184-4a09-83a6-d4c5f838ff00,7663,"[{""id"":""ff6e6cc6-c6f3-4af5-981e-aca6ad296aeb"",""maxScore"":36,""responses"":[{""score"":2,""criteriaId"":""lesson_planning"",""selectedOption"":""Basic lesson plan exists but lacks detail and structure""},{""score"":1,""criteriaId"":""subject_knowledge"",""selectedOption"":""Limited subject knowledge with frequent errors""},{""score"":1,""comment"":""Teacher needs to follow the plans properly. Teacher was not following the vocabulary steps."",""criteriaId"":""teaching_methods"",""selectedOption"":""Uses only traditional lecture methods with no variety""},{""score"":2,""criteriaId"":""classroom_management"",""selectedOption"":""Basic classroom management with some behavioral issues""},{""score"":1,""comment"":""Teacher was not appreciating the student"",""criteriaId"":""student_interaction"",""selectedOption"":""Minimal interaction with students, poor communication""},{""score"":1,""criteriaId"":""assessment_feedback"",""selectedOption"":""No formal assessment or feedback provided""},{""score"":0,""comment"":""There was no technology or any innovation"",""criteriaId"":""technology_integration"",""selectedOption"":""Not Applicable""},{""score"":1,""criteriaId"":""professional_development"",""selectedOption"":""No evidence of professional development activities""},{""score"":2,""criteriaId"":""collaboration"",""selectedOption"":""Limited collaboration with colleagues""},{""score"":3,""criteriaId"":""punctuality_attendance"",""selectedOption"":""Good attendance and punctuality with rare absences""}],""timestamp"":""2025-09-02T07:41:11.331Z"",""totalScore"":14}]",0,2025-09-02 07:41:11.331+00
cf05786c-848d-4972-a7cd-81e0e783d6c2,teacher,0a00e052-d70a-473e-bec8-d4acf7a782e7,8e4b3b36-fa8f-4fee-8493-7469c2d72e5a,4804,"[{""id"":""ded40ede-1520-45ba-a266-f19d7248946a"",""maxScore"":40,""responses"":[{""score"":3,""criteriaId"":""lesson_planning"",""selectedOption"":""Well-structured lesson plan with clear objectives and activities""},{""score"":3,""criteriaId"":""subject_knowledge"",""selectedOption"":""Good subject knowledge with clear explanations""},{""score"":3,""criteriaId"":""teaching_methods"",""selectedOption"":""Uses multiple teaching strategies with some student engagement""},{""score"":3,""criteriaId"":""classroom_management"",""selectedOption"":""Good classroom management with clear rules and procedures""},{""score"":3,""criteriaId"":""student_interaction"",""selectedOption"":""Good communication with regular student interaction""},{""score"":3,""criteriaId"":""assessment_feedback"",""selectedOption"":""Regular assessment with constructive feedback""},{""score"":3,""criteriaId"":""technology_integration"",""selectedOption"":""Good integration of technology to enhance learning""},{""score"":3,""criteriaId"":""professional_development"",""selectedOption"":""Regular participation in professional development activities""},{""score"":3,""criteriaId"":""collaboration"",""selectedOption"":""Good collaboration and teamwork with staff""},{""score"":3,""criteriaId"":""punctuality_attendance"",""selectedOption"":""Good attendance and punctuality with rare absences""}],""timestamp"":""2025-11-10T12:45:49.433Z"",""totalScore"":30},{""id"":""9ecb2fa0-36e9-4d8c-bd57-feda092a9cef"",""maxScore"":40,""responses"":[{""score"":3,""criteriaId"":""lesson_planning"",""selectedOption"":""Well-structured lesson plan with clear objectives and activities""},{""score"":3,""criteriaId"":""subject_knowledge"",""selectedOption"":""Good subject knowledge with clear explanations""},{""score"":3,""comment"":""Concept of mask was good"",""criteriaId"":""teaching_methods"",""selectedOption"":""Uses multiple teaching strategies with some student engagement""},{""score"":3,""criteriaId"":""classroom_management"",""selectedOption"":""Good classroom management with clear rules and procedures""},{""score"":3,""criteriaId"":""student_interaction"",""selectedOption"":""Good communication with regular student interaction""},{""score"":3,""criteriaId"":""assessment_feedback"",""selectedOption"":""Regular assessment with constructive feedback""},{""score"":3,""criteriaId"":""technology_integration"",""selectedOption"":""Good integration of technology to enhance learning""},{""score"":3,""criteriaId"":""professional_development"",""selectedOption"":""Regular participation in professional development activities""},{""score"":3,""criteriaId"":""collaboration"",""selectedOption"":""Good collaboration and teamwork with staff""},{""score"":3,""criteriaId"":""punctuality_attendance"",""selectedOption"":""Good attendance and punctuality with rare absences""}],""timestamp"":""2025-11-10T12:46:50.467Z"",""totalScore"":30}]",1,2025-11-10 12:45:49.434+00
d2990f11-2d2a-4a10-b3bd-e52f44b832f0,teacher,fb7ab6e4-22d1-481a-8d26-d53e89647f94,1de9aa42-d490-4c95-8b6e-ba759a2eab33,6356,"[{""id"":""3b351442-82d3-43d8-ad1e-d6c4e020e090"",""maxScore"":40,""responses"":[{""score"":2,""criteriaId"":""lesson_planning"",""selectedOption"":""Basic lesson plan exists but lacks detail and structure""},{""score"":2,""criteriaId"":""subject_knowledge"",""selectedOption"":""Basic subject knowledge with occasional inaccuracies""},{""score"":3,""criteriaId"":""teaching_methods"",""selectedOption"":""Uses multiple teaching strategies with some student engagement""},{""score"":3,""criteriaId"":""classroom_management"",""selectedOption"":""Good classroom management with clear rules and procedures""},{""score"":3,""criteriaId"":""student_interaction"",""selectedOption"":""Good communication with regular student interaction""},{""score"":2,""criteriaId"":""assessment_feedback"",""selectedOption"":""Basic assessment with limited feedback""},{""score"":2,""criteriaId"":""technology_integration"",""selectedOption"":""Basic use of technology with limited effectiveness""},{""score"":3,""criteriaId"":""professional_development"",""selectedOption"":""Regular participation in professional development activities""},{""score"":3,""criteriaId"":""collaboration"",""selectedOption"":""Good collaboration and teamwork with staff""},{""score"":3,""criteriaId"":""punctuality_attendance"",""selectedOption"":""Good attendance and punctuality with rare absences""}],""timestamp"":""2025-09-08T11:25:53.167Z"",""totalScore"":26},{""id"":""3a0ae44b-7267-44ee-bc74-400fdcad49dd"",""maxScore"":36,""responses"":[{""score"":0,""criteriaId"":""lesson_planning"",""selectedOption"":""Not Applicable""},{""score"":3,""criteriaId"":""subject_knowledge"",""selectedOption"":""Good subject knowledge with clear explanations""},{""score"":1,""criteriaId"":""teaching_methods"",""selectedOption"":""Uses only traditional lecture methods with no variety""},{""score"":1,""criteriaId"":""classroom_management"",""selectedOption"":""Poor classroom control with frequent disruptions""},{""score"":1,""criteriaId"":""student_interaction"",""selectedOption"":""Minimal interaction with students, poor communication""},{""score"":1,""criteriaId"":""assessment_feedback"",""selectedOption"":""No formal assessment or feedback provided""},{""score"":1,""criteriaId"":""technology_integration"",""selectedOption"":""No use of technology in teaching""},{""score"":2,""criteriaId"":""professional_development"",""selectedOption"":""Minimal participation in professional development""},{""score"":1,""criteriaId"":""collaboration"",""selectedOption"":""Works in isolation with no collaboration""},{""score"":1,""criteriaId"":""punctuality_attendance"",""selectedOption"":""Frequent absences and tardiness affecting teaching quality""}],""timestamp"":""2025-09-23T13:36:48.221Z"",""totalScore"":12},{""id"":""b20ae59b-76bd-4801-aa87-a997fbebaa68"",""isDraft"":true,""maxScore"":36,""responses"":[{""score"":0,""criteriaId"":""lesson_planning"",""selectedOption"":""Not Applicable""},{""score"":3,""criteriaId"":""subject_knowledge"",""selectedOption"":""Good subject knowledge with clear explanations""},{""score"":1,""criteriaId"":""teaching_methods"",""selectedOption"":""Uses only traditional lecture methods with no variety""},{""score"":1,""criteriaId"":""classroom_management"",""selectedOption"":""Poor classroom control with frequent disruptions""},{""score"":1,""criteriaId"":""student_interaction"",""selectedOption"":""Minimal interaction with students, poor communication""},{""score"":1,""criteriaId"":""assessment_feedback"",""selectedOption"":""No formal assessment or feedback provided""},{""score"":1,""criteriaId"":""technology_integration"",""selectedOption"":""No use of technology in teaching""},{""score"":2,""criteriaId"":""professional_development"",""selectedOption"":""Minimal participation in professional development""},{""score"":1,""criteriaId"":""collaboration"",""selectedOption"":""Works in isolation with no collaboration""},{""score"":1,""criteriaId"":""punctuality_attendance"",""selectedOption"":""Frequent absences and tardiness affecting teaching quality""}],""timestamp"":""2025-09-23T13:37:11.485Z"",""totalScore"":12},{""id"":""320ed9e0-7ad0-4503-bed7-b21ebb73c586"",""maxScore"":36,""responses"":[{""score"":0,""criteriaId"":""lesson_planning"",""selectedOption"":""Not Applicable""},{""score"":3,""criteriaId"":""subject_knowledge"",""selectedOption"":""Good subject knowledge with clear explanations""},{""score"":1,""criteriaId"":""teaching_methods"",""selectedOption"":""Uses only traditional lecture methods with no variety""},{""score"":1,""criteriaId"":""classroom_management"",""selectedOption"":""Poor classroom control with frequent disruptions""},{""score"":1,""criteriaId"":""student_interaction"",""selectedOption"":""Minimal interaction with students, poor communication""},{""score"":1,""criteriaId"":""assessment_feedback"",""selectedOption"":""No formal assessment or feedback provided""},{""score"":1,""criteriaId"":""technology_integration"",""selectedOption"":""No use of technology in teaching""},{""score"":2,""criteriaId"":""professional_development"",""selectedOption"":""Minimal participation in professional development""},{""score"":1,""criteriaId"":""collaboration"",""selectedOption"":""Works in isolation with no collaboration""},{""score"":1,""criteriaId"":""punctuality_attendance"",""selectedOption"":""Frequent absences and tardiness affecting teaching quality""}],""timestamp"":""2025-09-23T13:37:19.213Z"",""totalScore"":12}]",3,2025-09-08 11:25:53.167+00
d3b2b00d-af92-49b7-b490-f7df15f7906e,teacher,238994b2-dde0-42da-8752-9dc268d0b1c9,a0a55727-62c1-4ec1-9b64-41f8af4f37ec,9675,"[{""id"":""45389ca3-84cf-47e2-bfa7-36456fb6de2e"",""maxScore"":40,""responses"":[{""score"":2,""criteriaId"":""lesson_planning"",""selectedOption"":""Basic lesson plan exists but lacks detail and structure""},{""score"":3,""criteriaId"":""subject_knowledge"",""selectedOption"":""Good subject knowledge with clear explanations""},{""score"":2,""criteriaId"":""teaching_methods"",""selectedOption"":""Limited variety in teaching methods, mostly teacher-centered""},{""score"":2,""criteriaId"":""classroom_management"",""selectedOption"":""Basic classroom management with some behavioral issues""},{""score"":3,""criteriaId"":""student_interaction"",""selectedOption"":""Good communication with regular student interaction""},{""score"":3,""criteriaId"":""assessment_feedback"",""selectedOption"":""Regular assessment with constructive feedback""},{""score"":3,""criteriaId"":""technology_integration"",""selectedOption"":""Good integration of technology to enhance learning""},{""score"":3,""criteriaId"":""professional_development"",""selectedOption"":""Regular participation in professional development activities""},{""score"":3,""criteriaId"":""collaboration"",""selectedOption"":""Good collaboration and teamwork with staff""},{""score"":3,""criteriaId"":""punctuality_attendance"",""selectedOption"":""Good attendance and punctuality with rare absences""}],""timestamp"":""2025-09-18T05:33:09.914Z"",""totalScore"":27},{""id"":""ab288731-41ba-425e-9d4c-7860745b60ad"",""maxScore"":40,""responses"":[{""score"":3,""criteriaId"":""lesson_planning"",""selectedOption"":""Well-structured lesson plan with clear objectives and activities""},{""score"":3,""criteriaId"":""subject_knowledge"",""selectedOption"":""Good subject knowledge with clear explanations""},{""score"":2,""criteriaId"":""teaching_methods"",""selectedOption"":""Limited variety in teaching methods, mostly teacher-centered""},{""score"":2,""criteriaId"":""classroom_management"",""selectedOption"":""Basic classroom management with some behavioral issues""},{""score"":3,""criteriaId"":""student_interaction"",""selectedOption"":""Good communication with regular student interaction""},{""score"":3,""criteriaId"":""assessment_feedback"",""selectedOption"":""Regular assessment with constructive feedback""},{""score"":3,""criteriaId"":""technology_integration"",""selectedOption"":""Good integration of technology to enhance learning""},{""score"":3,""criteriaId"":""professional_development"",""selectedOption"":""Regular participation in professional development activities""},{""score"":3,""criteriaId"":""collaboration"",""selectedOption"":""Good collaboration and teamwork with staff""},{""score"":3,""criteriaId"":""punctuality_attendance"",""selectedOption"":""Good attendance and punctuality with rare absences""}],""timestamp"":""2025-09-18T05:37:07.679Z"",""totalScore"":28},{""id"":""b8c8694d-9514-4f61-a74d-f7773314d95b"",""maxScore"":40,""responses"":[{""score"":3,""comment"":""The teacher had teaching materials (flashcards) ready and followed most procedural steps. However, some instructions lacked clarity, which affected smooth flow."",""criteriaId"":""lesson_planning"",""selectedOption"":""Well-structured lesson plan with clear objectives and activities""},{""score"":3,""comment"":""Demonstrated understanding of vocabulary-building concepts and explained words appropriately. "",""criteriaId"":""subject_knowledge"",""selectedOption"":""Good subject knowledge with clear explanations""},{""score"":2,""comment"":""The teacher attempted to follow the vocabulary-building steps, but the approach lacked consistency. Some instructions were unclear, and the activity sequence was not smoothly executed, reducing student engagement."",""criteriaId"":""teaching_methods"",""selectedOption"":""Limited variety in teaching methods, mostly teacher-centered""},{""score"":2,""comment"":""Students were mostly attentive, though unclear instructions created brief confusion. Closer monitoring would sustain focus."",""criteriaId"":""classroom_management"",""selectedOption"":""Basic classroom management with some behavioral issues""},{""score"":3,""comment"":""Students participated in the flashcard task and recap. Clearer directions would help all learners follow confidently."",""criteriaId"":""student_interaction"",""selectedOption"":""Good communication with regular student interaction""},{""score"":3,""comment"":""Recap reinforced learning, but quick oral checks or repetition could better confirm understanding."",""criteriaId"":""assessment_feedback"",""selectedOption"":""Regular assessment with constructive feedback""},{""score"":3,""criteriaId"":""technology_integration"",""selectedOption"":""Good integration of technology to enhance learning""},{""score"":3,""comment"":""Shows understanding of structured vocabulary-building practices; refining technique through reflection and training is encouraged."",""criteriaId"":""professional_development"",""selectedOption"":""Regular participation in professional development activities""},{""score"":3,""comment"":""Cooperative attitude noted; aligning practices with colleagues could support consistency."",""criteriaId"":""collaboration"",""selectedOption"":""Good collaboration and teamwork with staff""},{""score"":3,""criteriaId"":""punctuality_attendance"",""selectedOption"":""Good attendance and punctuality with rare absences""}],""timestamp"":""2025-10-27T05:44:37.199Z"",""totalScore"":28}]",2,2025-09-18 05:33:09.914+00
d40c6c9d-d12f-4c7c-8c1e-2fd26f409ed9,teacher,088bdcc7-cd91-49aa-ab71-97bd3e51ed17,e8e5a6cc-44a9-4573-a3bd-0123b4f770c7,5177,"[{""id"":""c703551e-88cb-45c4-8150-dd39fa267b7e"",""maxScore"":40,""responses"":[{""score"":2,""criteriaId"":""lesson_planning"",""selectedOption"":""Basic lesson plan exists but lacks detail and structure""},{""score"":2,""criteriaId"":""subject_knowledge"",""selectedOption"":""Basic subject knowledge with occasional inaccuracies""},{""score"":3,""criteriaId"":""teaching_methods"",""selectedOption"":""Uses multiple teaching strategies with some student engagement""},{""score"":3,""criteriaId"":""classroom_management"",""selectedOption"":""Good classroom management with clear rules and procedures""},{""score"":3,""criteriaId"":""student_interaction"",""selectedOption"":""Good communication with regular student interaction""},{""score"":3,""criteriaId"":""assessment_feedback"",""selectedOption"":""Regular assessment with constructive feedback""},{""score"":3,""criteriaId"":""technology_integration"",""selectedOption"":""Good integration of technology to enhance learning""},{""score"":3,""criteriaId"":""professional_development"",""selectedOption"":""Regular participation in professional development activities""},{""score"":3,""criteriaId"":""collaboration"",""selectedOption"":""Good collaboration and teamwork with staff""},{""score"":3,""criteriaId"":""punctuality_attendance"",""selectedOption"":""Good attendance and punctuality with rare absences""}],""timestamp"":""2025-09-30T14:34:37.693Z"",""totalScore"":28}]",0,2025-09-30 14:34:37.693+00
d5b4fabe-b050-4f23-b633-dd5325466a1e,teacher,7c84bbf4-c229-4317-8787-22a9de0cdd3e,1d81faf3-1166-42f2-8dd3-8d51102b1a92,9742,"[{""id"":""9edf9436-a9d4-4779-9237-80a7a0b7a5fe"",""isDraft"":true,""maxScore"":40,""responses"":[{""score"":3,""criteriaId"":""curriculum-awareness"",""selectedOption"":""The teacher's responses show that she is confident with the curriculum adopted by the school. Her reflections show her enthusiasm to implement the curriculum at school. (80 to 89%)""},{""score"":4,""criteriaId"":""lesson-planning-participation"",""selectedOption"":""The teacher participates in lesson planning by attending the planning meetings with the mentor/s. She enthusiastically contributes to the planning by sharing her reflections and coming up with strategies to enhance teaching and learning practices at school. She takes initiatives to support her colleagues in implementation of the plan by allowing them to observe her class/observe their classes. She enjoys experimenting on new strategies to ensure her students enjoy all her classes.""},{""score"":3,""criteriaId"":""lesson-preparation"",""selectedOption"":""The teacher is well-planned for her lessons. She enters the class with her lesson plans and is confident in delivering the lessons as planned.""},{""score"":2,""criteriaId"":""classroom-accessibility"",""selectedOption"":""The teacher puts in the effort to organize the classroom using the available resources. All students do not have access to the teaching-learning materials. The teacher uses the materials/resources only to demonstrate. This seating arrangement does not have scope for group activities.""},{""score"":4,""criteriaId"":""seating-arrangements"",""selectedOption"":""The teacher organizes seating arrangements as per Hauna's plans. The seating arrangement is flexible to suit the needs of the student/plan. (Semi circle/rows) In writing activities, she moves around to meet the needs of different learners/Call out names to ensure all students are catered to while teaching. She is able to reach out to all learners.""},{""score"":3,""criteriaId"":""teacher-positioning"",""selectedOption"":""The teacher's seating area/ teaching position is planned to ensure she has eye contact with all students. The teachers seating is on the same level as her students and she enjoys being one with them.""},{""score"":1,""criteriaId"":""classroom-displays"",""selectedOption"":""The classroom does not have any displays on the bulletin boards/walls. A few charts found do not aid the visual learning experience. The classroom is not appealing.""},{""score"":2,""criteriaId"":""lesson-recap"",""selectedOption"":""The teacher attempts to recap learning by asking a few random questions.""},{""score"":2,""criteriaId"":""instruction-clarity"",""selectedOption"":""The teacher's explanation is clear. She explains in simple child-friendly language. She is able to grasp the attention of most of the students in her class. However a few students are struggling to understand the concept. Though she intends to support them she is unable to reach out to them.""},{""score"":3,""criteriaId"":""language-fluency"",""selectedOption"":""The teacher's language is fluent. She is able to express ideas in clear age-appropriate child-friendly language. She does not make any grammatical errors while speaking.""},{""score"":3,""criteriaId"":""classroom-interaction"",""selectedOption"":""The teacher has developed a relationship with the students in such a way that they all understand the norms of the class. Students are consistently motivated to interact freely without fear.""},{""score"":3,""criteriaId"":""student-questions"",""selectedOption"":""Students respond to the teacher's questions. Students asking questions were not observed.""},{""score"":3,""criteriaId"":""resource-usage"",""selectedOption"":""The teacher carries the resources as planned in the lesson plans. She is confident in using the resources for the activities planned for the class. She ensures all students get access to the teaching and learning materials.""},{""score"":4,""criteriaId"":""time-management"",""selectedOption"":""The teacher uses her class time effectively. The observer can very clearly make note of the different parts of her lesson (Intro, recap, plenary etc). She is very well organized and the transition from one domain to another is well coordinated.""},{""score"":3,""criteriaId"":""student-engagement"",""selectedOption"":""Except for a few, all students are engaged in learning.""},{""score"":4,""criteriaId"":""classroom-norms"",""selectedOption"":""All students are highly motivated and aware of the teacher's expectations/classroom norms. The teacher just needs to signal and the students follow her commands spontaneously.""},{""score"":4,""criteriaId"":""positive-reinforcement"",""selectedOption"":""All students are well-behaved. Positive reinforcements (praise, stars) observed in class.""},{""score"":3,""criteriaId"":""questioning-techniques"",""selectedOption"":""The teacher asks a lot of questions to check understanding in class. However she does not attempt to rephrase her questions to arrive at the expected answer.""},{""score"":3,""criteriaId"":""formative-assessment"",""selectedOption"":""The teacher uses her observation skills as well as student responses to check understanding. However, she does not maintain a record of the progress of her students.""},{""score"":3,""criteriaId"":""student-progress-awareness"",""selectedOption"":""The teacher is aware of her students' progress. She has no data recorded to provide clear evidence of progress.""},{""score"":4,""criteriaId"":""assessment-checklists"",""selectedOption"":""The teacher has maintained checklists to record assessment data. She has completed the assessments of all the students in her class.""},{""score"":0,""criteriaId"":""presentation-policy"",""selectedOption"":""""},{""score"":4,""criteriaId"":""marking-policy"",""selectedOption"":""The teacher follows the policy for marking of books. She makes an effort to update marking of books on time. Students are motivated as she takes pains to give positive comments. She sets targets to children by giving them extra work to improve.""},{""score"":0,""criteriaId"":""reflection-practice"",""selectedOption"":""""},{""score"":3,""criteriaId"":""professional-development"",""selectedOption"":""75-99%""},{""score"":3,""criteriaId"":""record-keeping"",""selectedOption"":""The teacher has maintained all the records with diligence.""},{""score"":3,""criteriaId"":""punctuality_attendance"",""selectedOption"":""Good attendance and punctuality with rare absences""},{""score"":3,""criteriaId"":""collaboration"",""selectedOption"":""Good collaboration and teamwork with staff""},{""score"":3,""criteriaId"":""professional_development"",""selectedOption"":""Regular participation in professional development activities""},{""score"":3,""criteriaId"":""technology_integration"",""selectedOption"":""Good integration of technology to enhance learning""},{""score"":3,""criteriaId"":""assessment_feedback"",""selectedOption"":""Regular assessment with constructive feedback""},{""score"":3,""criteriaId"":""student_interaction"",""selectedOption"":""Good communication with regular student interaction""},{""score"":3,""criteriaId"":""classroom_management"",""selectedOption"":""Good classroom management with clear rules and procedures""},{""score"":3,""criteriaId"":""teaching_methods"",""selectedOption"":""Uses multiple teaching strategies with some student engagement""},{""score"":3,""criteriaId"":""subject_knowledge"",""selectedOption"":""Good subject knowledge with clear explanations""},{""score"":3,""criteriaId"":""lesson_planning"",""selectedOption"":""Well-structured lesson plan with clear objectives and activities""}],""timestamp"":""2025-09-30T06:39:39.216Z"",""totalScore"":104}]",0,2025-07-07 05:08:29.48+00
d5fc35a8-d395-4fa0-a142-2ed7ad488913,teacher,14853975-c732-4849-b7da-ae24f447d553,425be924-f5e6-47ba-892e-d1961605bca5,5520,"[{""id"":""459e9560-5d48-4fb2-a9b3-a1109d7eb29b"",""maxScore"":40,""responses"":[{""score"":2,""comment"":""Materials were used prepared, but lesson planning needs more structure and alignment with vocabulary- building Steps."",""criteriaId"":""lesson_planning"",""selectedOption"":""Basic lesson plan exists but lacks detail and structure""},{""score"":2,""criteriaId"":""subject_knowledge"",""selectedOption"":""Basic subject knowledge with occasional inaccuracies""},{""score"":2,""criteriaId"":""teaching_methods"",""selectedOption"":""Limited variety in teaching methods, mostly teacher-centered""},{""score"":2,""comment"":""some students were not attentive or concentrating.\nteacher needs to ensure better engagement and focus among learners."",""criteriaId"":""classroom_management"",""selectedOption"":""Basic classroom management with some behavioral issues""},{""score"":2,""comment"":""Interaction was, some students were distracted and not fully involved in the activity."",""criteriaId"":""student_interaction"",""selectedOption"":""Basic interaction with limited student engagement""},{""score"":2,""comment"":""Limited assessment or feedback was observed. Reinforcement  was missing."",""criteriaId"":""assessment_feedback"",""selectedOption"":""Basic assessment with limited feedback""},{""score"":1,""comment"":""No technology or innovative teaching tools were used."",""criteriaId"":""technology_integration"",""selectedOption"":""No use of technology in teaching""},{""score"":3,""comment"":""Teacher shows dedication but needs to follow the given instruction framework and improve engagement skills."",""criteriaId"":""professional_development"",""selectedOption"":""Regular participation in professional development activities""},{""score"":3,""comment"":""Cooperative during observation and receptive to feedback."",""criteriaId"":""collaboration"",""selectedOption"":""Good collaboration and teamwork with staff""},{""score"":3,""criteriaId"":""punctuality_attendance"",""selectedOption"":""Good attendance and punctuality with rare absences""}],""timestamp"":""2025-10-17T07:47:32.004Z"",""totalScore"":22}]",0,2025-10-17 07:47:32.004+00
d8a3f72b-725d-4dca-8a6f-3084b0427595,mentor,b149646a-dcbb-4c39-9b91-065709d460fb,ef25a4fb-1184-4a09-83a6-d4c5f838ff00,7244,"[{""id"":""0b1c5fec-4973-4bee-995f-1162279bc29b"",""maxScore"":40,""responses"":[{""score"":3,""criteriaId"":""mentoring_skills"",""selectedOption"":""Good mentoring skills with positive influence on mentees""},{""score"":2,""criteriaId"":""student_support"",""selectedOption"":""Basic support with limited follow-up""},{""score"":3,""criteriaId"":""program_coordination"",""selectedOption"":""Good coordination with well-managed programs""},{""score"":3,""comment"":""Mentor attends regular meetings."",""criteriaId"":""communication_skills"",""selectedOption"":""Good communication skills with positive relationships""},{""score"":2,""criteriaId"":""problem_solving"",""selectedOption"":""Basic problem-solving with limited success""},{""score"":1,""criteriaId"":""professional_knowledge"",""selectedOption"":""Limited knowledge in area of expertise""},{""score"":3,""criteriaId"":""initiative_leadership"",""selectedOption"":""Good initiative with emerging leadership qualities""},{""score"":3,""comment"":""mentor has maintained the records."",""criteriaId"":""record_keeping"",""selectedOption"":""Good record keeping with organized documentation""},{""score"":3,""criteriaId"":""parent_community_engagement"",""selectedOption"":""Good engagement with positive community relationships""},{""score"":2,""criteriaId"":""reliability_commitment"",""selectedOption"":""Basic reliability with occasional lapses""}],""timestamp"":""2025-09-02T08:13:11.195Z"",""totalScore"":25}]",0,2025-09-02 08:13:11.195+00
d8de38c6-b68c-418f-88fa-cdf599fb1681,teacher,dd731ef8-3c57-4ecd-b4f5-bd3e7f1111e2,cd67ef1b-e617-48a0-a9eb-8bfd64b4040b,8316,"[{""id"":""ed7907fe-c5b2-4d04-a974-c360122e3800"",""maxScore"":36,""responses"":[{""score"":2,""comment"":""needs improvement"",""criteriaId"":""lesson_planning"",""selectedOption"":""Basic lesson plan exists but lacks detail and structure""},{""score"":2,""criteriaId"":""subject_knowledge"",""selectedOption"":""Basic subject knowledge with occasional inaccuracies""},{""score"":3,""criteriaId"":""teaching_methods"",""selectedOption"":""Uses multiple teaching strategies with some student engagement""},{""score"":2,""criteriaId"":""classroom_management"",""selectedOption"":""Basic classroom management with some behavioral issues""},{""score"":3,""criteriaId"":""student_interaction"",""selectedOption"":""Good communication with regular student interaction""},{""score"":2,""criteriaId"":""assessment_feedback"",""selectedOption"":""Basic assessment with limited feedback""},{""score"":2,""criteriaId"":""technology_integration"",""selectedOption"":""Basic use of technology with limited effectiveness""},{""score"":0,""criteriaId"":""professional_development"",""selectedOption"":""Not Applicable""},{""score"":3,""criteriaId"":""collaboration"",""selectedOption"":""Good collaboration and teamwork with staff""},{""score"":2,""criteriaId"":""punctuality_attendance"",""selectedOption"":""Occasional absences or tardiness with some impact""}],""timestamp"":""2025-08-14T08:24:22.318Z"",""totalScore"":21}]",0,2025-08-14 08:24:22.318+00
d90ec0f7-e2fc-476e-93a7-8cff6e651605,teacher,6b687950-7660-47f5-9d34-38dfe0cb6a65,1f8bffea-cb84-43bf-94e8-c7e9c8691579,7463,"[{""id"":""6c63460d-36f3-4a2f-933a-05ef5ffeb3e9"",""maxScore"":40,""responses"":[{""score"":2,""criteriaId"":""lesson_planning"",""selectedOption"":""Basic lesson plan exists but lacks detail and structure""},{""score"":2,""criteriaId"":""subject_knowledge"",""selectedOption"":""Basic subject knowledge with occasional inaccuracies""},{""score"":1,""criteriaId"":""teaching_methods"",""selectedOption"":""Uses only traditional lecture methods with no variety""},{""score"":2,""criteriaId"":""classroom_management"",""selectedOption"":""Basic classroom management with some behavioral issues""},{""score"":2,""comment"":""children were distracted."",""criteriaId"":""student_interaction"",""selectedOption"":""Basic interaction with limited student engagement""},{""score"":1,""criteriaId"":""assessment_feedback"",""selectedOption"":""No formal assessment or feedback provided""},{""score"":1,""criteriaId"":""technology_integration"",""selectedOption"":""No use of technology in teaching""},{""score"":1,""criteriaId"":""professional_development"",""selectedOption"":""No evidence of professional development activities""},{""score"":2,""criteriaId"":""collaboration"",""selectedOption"":""Limited collaboration with colleagues""},{""score"":2,""criteriaId"":""punctuality_attendance"",""selectedOption"":""Occasional absences or tardiness with some impact""}],""timestamp"":""2025-09-09T06:52:44.587Z"",""totalScore"":16}]",0,2025-09-09 06:52:44.587+00
d9c13f6a-8b6b-4e63-87d8-b8d373183162,teacher,447b64ae-fa4c-49fd-b6e0-303baf4931ee,463a626e-cd2e-45d0-98d3-0f5db9755375,1207,"[{""id"":""bc6d793a-1276-414c-9702-eebe13c61af9"",""maxScore"":40,""responses"":[{""score"":2,""criteriaId"":""lesson_planning"",""selectedOption"":""Basic lesson plan exists but lacks detail and structure""},{""score"":2,""criteriaId"":""subject_knowledge"",""selectedOption"":""Basic subject knowledge with occasional inaccuracies""},{""score"":2,""criteriaId"":""teaching_methods"",""selectedOption"":""Limited variety in teaching methods, mostly teacher-centered""},{""score"":2,""criteriaId"":""classroom_management"",""selectedOption"":""Basic classroom management with some behavioral issues""},{""score"":2,""criteriaId"":""student_interaction"",""selectedOption"":""Basic interaction with limited student engagement""},{""score"":2,""criteriaId"":""assessment_feedback"",""selectedOption"":""Basic assessment with limited feedback""},{""score"":3,""criteriaId"":""technology_integration"",""selectedOption"":""Good integration of technology to enhance learning""},{""score"":2,""criteriaId"":""professional_development"",""selectedOption"":""Minimal participation in professional development""},{""score"":3,""criteriaId"":""collaboration"",""selectedOption"":""Good collaboration and teamwork with staff""},{""score"":3,""criteriaId"":""punctuality_attendance"",""selectedOption"":""Good attendance and punctuality with rare absences""}],""timestamp"":""2025-09-18T06:12:31.127Z"",""totalScore"":23},{""id"":""bd1b7bb6-f6b7-4978-92c6-89530a4cbb1a"",""maxScore"":40,""responses"":[{""score"":3,""criteriaId"":""lesson_planning"",""selectedOption"":""Well-structured lesson plan with clear objectives and activities""},{""score"":2,""criteriaId"":""subject_knowledge"",""selectedOption"":""Basic subject knowledge with occasional inaccuracies""},{""score"":2,""criteriaId"":""teaching_methods"",""selectedOption"":""Limited variety in teaching methods, mostly teacher-centered""},{""score"":2,""criteriaId"":""classroom_management"",""selectedOption"":""Basic classroom management with some behavioral issues""},{""score"":2,""criteriaId"":""student_interaction"",""selectedOption"":""Basic interaction with limited student engagement""},{""score"":2,""criteriaId"":""assessment_feedback"",""selectedOption"":""Basic assessment with limited feedback""},{""score"":3,""criteriaId"":""technology_integration"",""selectedOption"":""Good integration of technology to enhance learning""},{""score"":2,""criteriaId"":""professional_development"",""selectedOption"":""Minimal participation in professional development""},{""score"":3,""criteriaId"":""collaboration"",""selectedOption"":""Good collaboration and teamwork with staff""},{""score"":3,""criteriaId"":""punctuality_attendance"",""selectedOption"":""Good attendance and punctuality with rare absences""}],""timestamp"":""2025-09-18T06:17:07.252Z"",""totalScore"":24},{""id"":""9d7af1b4-fc3c-47d6-b792-2def2abac5d5"",""maxScore"":40,""responses"":[{""score"":3,""comment"":""Well-prepared and followed lesson structure."",""criteriaId"":""lesson_planning"",""selectedOption"":""Well-structured lesson plan with clear objectives and activities""},{""score"":2,""comment"":""Should improve language accuracy and clarity in expression."",""criteriaId"":""subject_knowledge"",""selectedOption"":""Basic subject knowledge with occasional inaccuracies""},{""score"":3,""comment"":""Used effective, student-centered activity method"",""criteriaId"":""teaching_methods"",""selectedOption"":""Uses multiple teaching strategies with some student engagement""},{""score"":2,""comment"":""Needs stronger strategies to sustain student attention."",""criteriaId"":""classroom_management"",""selectedOption"":""Basic classroom management with some behavioral issues""},{""score"":2,""comment"":""Basic interaction observed with limited student engagement."",""criteriaId"":""student_interaction"",""selectedOption"":""Basic interaction with limited student engagement""},{""score"":2,""comment"":""Appreciated positive correction; can include brief assessment."",""criteriaId"":""assessment_feedback"",""selectedOption"":""Basic assessment with limited feedback""},{""score"":2,""criteriaId"":""technology_integration"",""selectedOption"":""Basic use of technology with limited effectiveness""},{""score"":3,""comment"":""Shows effort; should focus on grammar and communication."",""criteriaId"":""professional_development"",""selectedOption"":""Regular participation in professional development activities""},{""score"":3,""comment"":""Works well with colleagues and follows school framework."",""criteriaId"":""collaboration"",""selectedOption"":""Good collaboration and teamwork with staff""},{""score"":3,""criteriaId"":""punctuality_attendance"",""selectedOption"":""Good attendance and punctuality with rare absences""}],""timestamp"":""2025-10-28T06:50:29.877Z"",""totalScore"":25}]",2,2025-09-18 06:12:31.127+00
d9c51e49-a8a3-4020-9212-3bbc57f48c37,teacher,ae9b6711-68b2-4134-9918-601ce440182e,1f8bffea-cb84-43bf-94e8-c7e9c8691579,8918,"[{""id"":""34946a8f-5998-4587-8af4-cd7c15984867"",""maxScore"":40,""responses"":[{""score"":2,""criteriaId"":""lesson_planning"",""selectedOption"":""Basic lesson plan exists but lacks detail and structure""},{""score"":1,""criteriaId"":""subject_knowledge"",""selectedOption"":""Limited subject knowledge with frequent errors""},{""score"":1,""comment"":""Teacher should use different methods and strategies for using. "",""criteriaId"":""teaching_methods"",""selectedOption"":""Uses only traditional lecture methods with no variety""},{""score"":2,""comment"":""Classrooms are airy and ventilated"",""criteriaId"":""classroom_management"",""selectedOption"":""Basic classroom management with some behavioral issues""},{""score"":2,""comment"":""Not much interaction with children"",""criteriaId"":""student_interaction"",""selectedOption"":""Basic interaction with limited student engagement""},{""score"":1,""comment"":""No assessment and feedback"",""criteriaId"":""assessment_feedback"",""selectedOption"":""No formal assessment or feedback provided""},{""score"":1,""criteriaId"":""technology_integration"",""selectedOption"":""No use of technology in teaching""},{""score"":1,""criteriaId"":""professional_development"",""selectedOption"":""No evidence of professional development activities""},{""score"":2,""criteriaId"":""collaboration"",""selectedOption"":""Limited collaboration with colleagues""},{""score"":2,""criteriaId"":""punctuality_attendance"",""selectedOption"":""Occasional absences or tardiness with some impact""}],""timestamp"":""2025-09-09T06:41:39.814Z"",""totalScore"":15}]",0,2025-09-09 06:41:39.814+00
da79b987-6bf9-4a40-baa9-ce5839462eab,teacher,ee6b4c45-3bff-4c79-92d4-a5c4b10425a1,c4186fe0-c9f0-484d-8a2d-51054571d3db,2622,"[{""id"":""f99679e8-223c-4900-b5fc-b97192f2ec3c"",""maxScore"":40,""responses"":[{""score"":2,""criteriaId"":""lesson_planning"",""selectedOption"":""Basic lesson plan exists but lacks detail and structure""},{""score"":2,""criteriaId"":""subject_knowledge"",""selectedOption"":""Basic subject knowledge with occasional inaccuracies""},{""score"":3,""criteriaId"":""teaching_methods"",""selectedOption"":""Uses multiple teaching strategies with some student engagement""},{""score"":3,""criteriaId"":""classroom_management"",""selectedOption"":""Good classroom management with clear rules and procedures""},{""score"":3,""criteriaId"":""student_interaction"",""selectedOption"":""Good communication with regular student interaction""},{""score"":2,""criteriaId"":""assessment_feedback"",""selectedOption"":""Basic assessment with limited feedback""},{""score"":1,""criteriaId"":""technology_integration"",""selectedOption"":""No use of technology in teaching""},{""score"":1,""criteriaId"":""professional_development"",""selectedOption"":""No evidence of professional development activities""},{""score"":2,""criteriaId"":""collaboration"",""selectedOption"":""Limited collaboration with colleagues""},{""score"":3,""criteriaId"":""punctuality_attendance"",""selectedOption"":""Good attendance and punctuality with rare absences""}],""timestamp"":""2025-11-10T10:20:43.737Z"",""totalScore"":22}]",0,2025-11-10 10:20:43.737+00
dfcb3de2-99b4-408c-8d9c-1214b03f00c3,teacher,647e633b-7578-473c-9be4-ac6ab8b4f3e0,a0a55727-62c1-4ec1-9b64-41f8af4f37ec,6821,"[{""id"":""9e2aaf32-7d9c-46ac-8870-0d246ffc02f3"",""maxScore"":40,""responses"":[{""score"":3,""criteriaId"":""lesson_planning"",""selectedOption"":""Well-structured lesson plan with clear objectives and activities""},{""score"":3,""criteriaId"":""subject_knowledge"",""selectedOption"":""Good subject knowledge with clear explanations""},{""score"":3,""criteriaId"":""teaching_methods"",""selectedOption"":""Uses multiple teaching strategies with some student engagement""},{""score"":3,""criteriaId"":""classroom_management"",""selectedOption"":""Good classroom management with clear rules and procedures""},{""score"":2,""criteriaId"":""student_interaction"",""selectedOption"":""Basic interaction with limited student engagement""},{""score"":2,""criteriaId"":""assessment_feedback"",""selectedOption"":""Basic assessment with limited feedback""},{""score"":3,""criteriaId"":""technology_integration"",""selectedOption"":""Good integration of technology to enhance learning""},{""score"":3,""criteriaId"":""professional_development"",""selectedOption"":""Regular participation in professional development activities""},{""score"":3,""criteriaId"":""collaboration"",""selectedOption"":""Good collaboration and teamwork with staff""},{""score"":3,""criteriaId"":""punctuality_attendance"",""selectedOption"":""Good attendance and punctuality with rare absences""}],""timestamp"":""2025-09-18T05:39:59.621Z"",""totalScore"":28},{""id"":""9d77a64d-0492-435c-871a-12e83aa6e228"",""maxScore"":40,""responses"":[{""score"":3,""comment"":""Lesson plan is well-organized, with clearly defined objectives and planned activities."",""criteriaId"":""lesson_planning"",""selectedOption"":""Well-structured lesson plan with clear objectives and activities""},{""score"":3,""comment"":""Strong subject knowledge demonstrated through clear and understandable explanations.\n"",""criteriaId"":""subject_knowledge"",""selectedOption"":""Good subject knowledge with clear explanations""},{""score"":3,""comment"":""Incorporates diverse teaching strategies to engage students to a certain extent."",""criteriaId"":""teaching_methods"",""selectedOption"":""Uses multiple teaching strategies with some student engagement""},{""score"":3,""comment"":""Effective classroom management supported by well-defined rules and procedures."",""criteriaId"":""classroom_management"",""selectedOption"":""Good classroom management with clear rules and procedures""},{""score"":2,""comment"":""Minimal interaction resulting in limited student engagement."",""criteriaId"":""student_interaction"",""selectedOption"":""Basic interaction with limited student engagement""},{""score"":2,""criteriaId"":""assessment_feedback"",""selectedOption"":""Basic assessment with limited feedback""},{""score"":2,""comment"":""Minimal interaction resulting in limited student engagement."",""criteriaId"":""technology_integration"",""selectedOption"":""Basic use of technology with limited effectiveness""},{""score"":3,""comment"":""Actively participates in professional development activities on a regular basis.\n"",""criteriaId"":""professional_development"",""selectedOption"":""Regular participation in professional development activities""},{""score"":3,""comment"":""Strong collaboration and effective teamwork with colleagues.\n"",""criteriaId"":""collaboration"",""selectedOption"":""Good collaboration and teamwork with staff""},{""score"":3,""comment"":""Good attendance and punctuality with rare absences."",""criteriaId"":""punctuality_attendance"",""selectedOption"":""Good attendance and punctuality with rare absences""}],""timestamp"":""2025-10-16T08:11:50.371Z"",""totalScore"":27}]",1,2025-09-18 05:39:59.621+00
dfcf1841-6c01-435f-babb-40b323caca9d,mentor,56e1c0cc-1e40-49d7-8340-173cc2572c0b,14df98a8-be20-44c9-901e-236a12f3156b,5519,"[{""id"":""63c1c42f-d4f3-4128-a8c8-26fbaad41618"",""maxScore"":40,""responses"":[{""score"":4,""comment"":""alhamdulillah. Good mentoring skills."",""criteriaId"":""mentoring_skills"",""selectedOption"":""Excellent mentoring abilities with transformative impact on student development""},{""score"":4,""criteriaId"":""student_support"",""selectedOption"":""Comprehensive support with proactive intervention and follow-up""},{""score"":3,""criteriaId"":""program_coordination"",""selectedOption"":""Good coordination with well-managed programs""},{""score"":3,""criteriaId"":""communication_skills"",""selectedOption"":""Good communication skills with positive relationships""},{""score"":4,""criteriaId"":""problem_solving"",""selectedOption"":""Excellent problem-solving abilities with innovative and lasting solutions""},{""score"":3,""criteriaId"":""professional_knowledge"",""selectedOption"":""Good knowledge with competent application""},{""score"":3,""comment"":""Mentor has the qualities of a good leadership. "",""criteriaId"":""initiative_leadership"",""selectedOption"":""Good initiative with emerging leadership qualities""},{""score"":4,""comment"":""Alhamdulillah, all the records are kept in a organized way."",""criteriaId"":""record_keeping"",""selectedOption"":""Excellent record keeping with comprehensive and systematic documentation""},{""score"":3,""criteriaId"":""parent_community_engagement"",""selectedOption"":""Good engagement with positive community relationships""},{""score"":3,""criteriaId"":""reliability_commitment"",""selectedOption"":""Good reliability with consistent performance""}],""timestamp"":""2025-09-18T08:21:26.152Z"",""totalScore"":34}]",0,2025-09-18 08:21:26.152+00
e19da7bd-f6ec-4967-a6e4-242972558369,teacher,c06f7cf3-3412-4b34-ab24-5d0f0f0c1c6f,1d81faf3-1166-42f2-8dd3-8d51102b1a92,2265,"[{""id"":""e5432b42-74ed-4892-8739-2ef1fc0e3ccb"",""isDraft"":true,""maxScore"":104,""responses"":[{""score"":3,""criteriaId"":""curriculum-awareness"",""selectedOption"":""The teacher's responses show that she is confident with the curriculum adopted by the school. Her reflections show her enthusiasm to implement the curriculum at school. (80 to 89%)""},{""score"":3,""criteriaId"":""lesson-planning-participation"",""selectedOption"":""The teacher participates in lesson planning by attending the planning meetings with the mentor/s. She contributes to the planning by sharing her reflections and coming up with strategies to enhance teaching and learning practices at school.""},{""score"":3,""criteriaId"":""lesson-preparation"",""selectedOption"":""The teacher is well-planned for her lessons. She enters the class with her lesson plans and is confident in delivering the lessons as planned.""},{""score"":3,""criteriaId"":""classroom-accessibility"",""selectedOption"":""The classroom is well organized. All students get access to the teaching and learning resources. The seating arrangement is flexible and keeps changing based on the teaching activity.""},{""score"":4,""criteriaId"":""seating-arrangements"",""selectedOption"":""The teacher organizes seating arrangements as per Hauna's plans. The seating arrangement is flexible to suit the needs of the student/plan. (Semi circle/rows) In writing activities, she moves around to meet the needs of different learners/Call out names to ensure all students are catered to while teaching. She is able to reach out to all learners.""},{""score"":3,""criteriaId"":""teacher-positioning"",""selectedOption"":""The teacher's seating area/ teaching position is planned to ensure she has eye contact with all students. The teachers seating is on the same level as her students and she enjoys being one with them.""},{""score"":4,""criteriaId"":""classroom-displays"",""selectedOption"":""The classroom displays are child centric and reflect current learnings. All displays are labelled and have distinct borders. They address all subject areas and have a lot of interactive displays that the students enjoy working with. The teacher keeps adding new displays everyday and it fills a sense of awe and wonder in the students. The classroom is neat and has a visual appeal.""},{""score"":2,""criteriaId"":""lesson-recap"",""selectedOption"":""The teacher attempts to recap learning by asking a few random questions.""},{""score"":3,""criteriaId"":""instruction-clarity"",""selectedOption"":""The teacher's explanation is clear. She explains in simple child-friendly language. She is able to grasp the attention of all the students in her class. She modifies her instructions to support struggling learners.""},{""score"":3,""criteriaId"":""language-fluency"",""selectedOption"":""The teacher's language is fluent. She is able to express ideas in clear age-appropriate child-friendly language. She does not make any grammatical errors while speaking.""},{""score"":3,""criteriaId"":""classroom-interaction"",""selectedOption"":""The teacher has developed a relationship with the students in such a way that they all understand the norms of the class. Students are consistently motivated to interact freely without fear.""},{""score"":3,""criteriaId"":""student-questions"",""selectedOption"":""Students respond to the teacher's questions. Students asking questions were not observed.""},{""score"":3,""criteriaId"":""resource-usage"",""selectedOption"":""The teacher carries the resources as planned in the lesson plans. She is confident in using the resources for the activities planned for the class. She ensures all students get access to the teaching and learning materials.""},{""score"":4,""criteriaId"":""time-management"",""selectedOption"":""The teacher uses her class time effectively. The observer can very clearly make note of the different parts of her lesson (Intro, recap, plenary etc). She is very well organized and the transition from one domain to another is well coordinated.""},{""score"":3,""criteriaId"":""student-engagement"",""selectedOption"":""Except for a few, all students are engaged in learning.""},{""score"":4,""criteriaId"":""classroom-norms"",""selectedOption"":""All students are highly motivated and aware of the teacher's expectations/classroom norms. The teacher just needs to signal and the students follow her commands spontaneously.""},{""score"":4,""criteriaId"":""positive-reinforcement"",""selectedOption"":""All students are well-behaved. Positive reinforcements (praise, stars) observed in class.""},{""score"":4,""criteriaId"":""questioning-techniques"",""selectedOption"":""The teacher asks a lot of questions to check understanding in class. She tries her best to rephrase her questions to arrive at the expected answer. This strategy helps her to explain the concept to students who have not understood it. Her questions most of the time are open-ended.""},{""score"":3,""criteriaId"":""formative-assessment"",""selectedOption"":""The teacher uses her observation skills as well as student responses to check understanding. However, she does not maintain a record of the progress of her students.""},{""score"":3,""criteriaId"":""student-progress-awareness"",""selectedOption"":""The teacher is aware of her students' progress. She has no data recorded to provide clear evidence of progress.""},{""score"":4,""criteriaId"":""assessment-checklists"",""selectedOption"":""The teacher has maintained checklists to record assessment data. She has completed the assessments of all the students in her class.""},{""score"":3,""criteriaId"":""presentation-policy"",""selectedOption"":""The books are well maintained as per the policy. The teacher uses the board to teach formation and moves around the class to support all students. The students follow the teacher's instructions to complete their work. The students are trying their best to form letters correctly. A few students are struggling with their work.""},{""score"":4,""criteriaId"":""marking-policy"",""selectedOption"":""The teacher follows the policy for marking of books. She makes an effort to update marking of books on time. Students are motivated as she takes pains to give positive comments. She sets targets to children by giving them extra work to improve.""},{""score"":3,""criteriaId"":""reflection-practice"",""selectedOption"":""The teacher is aware of the reflection form but does not use it as a tool to reflect and does not submit the form consistently.""},{""score"":3,""criteriaId"":""professional-development"",""selectedOption"":""75-99%""},{""score"":3,""criteriaId"":""record-keeping"",""selectedOption"":""The teacher has maintained all the records with diligence.""}],""timestamp"":""2025-07-07T05:47:17.512Z"",""totalScore"":85}]",0,2025-07-07 05:47:17.512+00
e2592f56-bf39-48ae-8ed7-1882af81c6ca,teacher,5cb18d24-3e76-4f0e-8d53-5831701a7f7a,cd67ef1b-e617-48a0-a9eb-8bfd64b4040b,2274,"[{""id"":""8cd448a5-460e-4e54-b46e-317b7640af91"",""maxScore"":36,""responses"":[{""score"":3,""criteriaId"":""lesson_planning"",""selectedOption"":""Well-structured lesson plan with clear objectives and activities""},{""score"":2,""criteriaId"":""subject_knowledge"",""selectedOption"":""Basic subject knowledge with occasional inaccuracies""},{""score"":3,""criteriaId"":""teaching_methods"",""selectedOption"":""Uses multiple teaching strategies with some student engagement""},{""score"":3,""criteriaId"":""classroom_management"",""selectedOption"":""Good classroom management with clear rules and procedures""},{""score"":3,""criteriaId"":""student_interaction"",""selectedOption"":""Good communication with regular student interaction""},{""score"":2,""criteriaId"":""assessment_feedback"",""selectedOption"":""Basic assessment with limited feedback""},{""score"":2,""criteriaId"":""technology_integration"",""selectedOption"":""Basic use of technology with limited effectiveness""},{""score"":0,""comment"":""The teacher is not into any other curricular activity"",""criteriaId"":""professional_development"",""selectedOption"":""Not Applicable""},{""score"":3,""criteriaId"":""collaboration"",""selectedOption"":""Good collaboration and teamwork with staff""},{""score"":3,""criteriaId"":""punctuality_attendance"",""selectedOption"":""Good attendance and punctuality with rare absences""}],""timestamp"":""2025-08-14T08:08:23.000Z"",""totalScore"":24}]",0,2025-08-14 08:08:23+00
e9988ea0-438c-45ac-aedb-a474c7ef25cd,mentor,317a27a4-d653-4273-9f8d-bcc0683f0067,a0a55727-62c1-4ec1-9b64-41f8af4f37ec,8403,"[{""id"":""bf249af7-7f1e-4121-add4-2d9e7d9571f2"",""maxScore"":40,""responses"":[{""score"":4,""criteriaId"":""mentoring_skills"",""selectedOption"":""Excellent mentoring abilities with transformative impact on student development""},{""score"":3,""criteriaId"":""student_support"",""selectedOption"":""Good support system with regular check-ins""},{""score"":3,""criteriaId"":""program_coordination"",""selectedOption"":""Good coordination with well-managed programs""},{""score"":2,""criteriaId"":""communication_skills"",""selectedOption"":""Basic communication with limited effectiveness""},{""score"":3,""criteriaId"":""problem_solving"",""selectedOption"":""Good problem-solving skills with effective resolutions""},{""score"":3,""criteriaId"":""professional_knowledge"",""selectedOption"":""Good knowledge with competent application""},{""score"":3,""criteriaId"":""initiative_leadership"",""selectedOption"":""Good initiative with emerging leadership qualities""},{""score"":4,""criteriaId"":""record_keeping"",""selectedOption"":""Excellent record keeping with comprehensive and systematic documentation""},{""score"":4,""criteriaId"":""parent_community_engagement"",""selectedOption"":""Excellent engagement fostering strong community partnerships""},{""score"":3,""criteriaId"":""reliability_commitment"",""selectedOption"":""Good reliability with consistent performance""}],""timestamp"":""2025-09-18T05:57:26.833Z"",""totalScore"":32},{""id"":""246b9858-d812-46d5-92b9-1f4fbc9a2b87"",""maxScore"":40,""responses"":[{""score"":4,""comment"":""Demonstrates exceptional mentoring skills that positively influence and support student growth."",""criteriaId"":""mentoring_skills"",""selectedOption"":""Excellent mentoring abilities with transformative impact on student development""},{""score"":3,""comment"":""Provides consistent support through regular follow-ups and check-ins."",""criteriaId"":""student_support"",""selectedOption"":""Good support system with regular check-ins""},{""score"":3,""comment"":""Shows strong coordination skills and ensures smooth execution of programs."",""criteriaId"":""program_coordination"",""selectedOption"":""Good coordination with well-managed programs""},{""score"":3,""comment"":""Shows strong communication and interpersonal skills, building positive and respectful relationships."",""criteriaId"":""communication_skills"",""selectedOption"":""Good communication skills with positive relationships""},{""score"":3,""comment"":""Shows good analytical ability and resolves issues efficiently."",""criteriaId"":""problem_solving"",""selectedOption"":""Good problem-solving skills with effective resolutions""},{""score"":3,""comment"":""Demonstrates good subject knowledge with competent classroom application."",""criteriaId"":""professional_knowledge"",""selectedOption"":""Good knowledge with competent application""},{""score"":3,""comment"":""Exhibits enthusiasm and initiative, reflecting growing leadership potential"",""criteriaId"":""initiative_leadership"",""selectedOption"":""Good initiative with emerging leadership qualities""},{""score"":4,""comment"":""Maintains excellent record-keeping with comprehensive and well-organized documentation."",""criteriaId"":""record_keeping"",""selectedOption"":""Excellent record keeping with comprehensive and systematic documentation""},{""score"":4,""comment"":""Shows exceptional commitment to engagement, strengthening community collaboration and partnership."",""criteriaId"":""parent_community_engagement"",""selectedOption"":""Excellent engagement fostering strong community partnerships""},{""score"":3,""comment"":""hows dependable work habits with steady and consistent performance."",""criteriaId"":""reliability_commitment"",""selectedOption"":""Good reliability with consistent performance""}],""timestamp"":""2025-10-27T08:11:00.831Z"",""totalScore"":33}]",1,2025-09-18 05:57:26.833+00
ea0d06a0-63af-4335-9be2-51b8f8030b10,teacher,7175862e-354f-4eab-a58d-5e9a2da6869f,b1e31d99-6c77-4cd8-aabb-96c5223c819a,4573,"[{""id"":""623e1c4b-6ac6-45f3-a12a-76afb273c8bd"",""maxScore"":36,""responses"":[{""score"":3,""criteriaId"":""lesson_planning"",""selectedOption"":""Well-structured lesson plan with clear objectives and activities""},{""score"":2,""criteriaId"":""subject_knowledge"",""selectedOption"":""Basic subject knowledge with occasional inaccuracies""},{""score"":2,""criteriaId"":""teaching_methods"",""selectedOption"":""Limited variety in teaching methods, mostly teacher-centered""},{""score"":2,""criteriaId"":""classroom_management"",""selectedOption"":""Basic classroom management with some behavioral issues""},{""score"":2,""criteriaId"":""student_interaction"",""selectedOption"":""Basic interaction with limited student engagement""},{""score"":3,""criteriaId"":""assessment_feedback"",""selectedOption"":""Regular assessment with constructive feedback""},{""score"":0,""criteriaId"":""technology_integration"",""selectedOption"":""Not Applicable""},{""score"":3,""criteriaId"":""professional_development"",""selectedOption"":""Regular participation in professional development activities""},{""score"":3,""criteriaId"":""collaboration"",""selectedOption"":""Good collaboration and teamwork with staff""},{""score"":3,""criteriaId"":""punctuality_attendance"",""selectedOption"":""Good attendance and punctuality with rare absences""}],""timestamp"":""2025-10-28T08:29:05.698Z"",""totalScore"":23}]",0,2025-10-28 08:29:05.698+00
ea11fe0b-e5ee-4df7-833c-c9b239c003d7,teacher,bfe6a189-996e-40bb-8de3-5d235ad1ec12,1d81faf3-1166-42f2-8dd3-8d51102b1a92,6000,"[{""id"":""376c3507-6cc2-4315-9abb-cdb1423f35d1"",""maxScore"":40,""responses"":[{""score"":3,""criteriaId"":""lesson_planning"",""selectedOption"":""Well-structured lesson plan with clear objectives and activities""},{""score"":3,""criteriaId"":""subject_knowledge"",""selectedOption"":""Good subject knowledge with clear explanations""},{""score"":3,""criteriaId"":""teaching_methods"",""selectedOption"":""Uses multiple teaching strategies with some student engagement""},{""score"":3,""criteriaId"":""classroom_management"",""selectedOption"":""Good classroom management with clear rules and procedures""},{""score"":3,""criteriaId"":""student_interaction"",""selectedOption"":""Good communication with regular student interaction""},{""score"":3,""criteriaId"":""assessment_feedback"",""selectedOption"":""Regular assessment with constructive feedback""},{""score"":3,""criteriaId"":""technology_integration"",""selectedOption"":""Good integration of technology to enhance learning""},{""score"":3,""criteriaId"":""professional_development"",""selectedOption"":""Regular participation in professional development activities""},{""score"":3,""criteriaId"":""collaboration"",""selectedOption"":""Good collaboration and teamwork with staff""},{""score"":3,""criteriaId"":""punctuality_attendance"",""selectedOption"":""Good attendance and punctuality with rare absences""}],""timestamp"":""2025-07-15T05:57:15.093Z"",""totalScore"":30},{""id"":""26f56028-8d99-4055-ba21-ba4a05a6a8db"",""maxScore"":40,""responses"":[{""score"":3,""criteriaId"":""lesson_planning"",""selectedOption"":""Well-structured lesson plan with clear objectives and activities""},{""score"":3,""criteriaId"":""subject_knowledge"",""selectedOption"":""Good subject knowledge with clear explanations""},{""score"":3,""criteriaId"":""teaching_methods"",""selectedOption"":""Uses multiple teaching strategies with some student engagement""},{""score"":3,""criteriaId"":""classroom_management"",""selectedOption"":""Good classroom management with clear rules and procedures""},{""score"":3,""criteriaId"":""student_interaction"",""selectedOption"":""Good communication with regular student interaction""},{""score"":3,""criteriaId"":""assessment_feedback"",""selectedOption"":""Regular assessment with constructive feedback""},{""score"":3,""criteriaId"":""technology_integration"",""selectedOption"":""Good integration of technology to enhance learning""},{""score"":3,""criteriaId"":""professional_development"",""selectedOption"":""Regular participation in professional development activities""},{""score"":3,""criteriaId"":""collaboration"",""selectedOption"":""Good collaboration and teamwork with staff""},{""score"":3,""criteriaId"":""punctuality_attendance"",""selectedOption"":""Good attendance and punctuality with rare absences""}],""timestamp"":""2025-07-15T06:16:40.454Z"",""totalScore"":30}]",1,2025-07-15 05:57:15.094+00
eb476239-4a86-4a9c-a851-48d327e40d2c,teacher,24ba8e01-2fa0-4ecb-b540-40d88d841544,e31eb51b-9097-4a4a-9331-e808af62a3a9,3269,"[{""id"":""00f8c26e-442b-4f3a-b5a4-6efbc53bf3e2"",""maxScore"":36,""responses"":[{""score"":2,""comment"":""Daily lesson plans with the mentor and teacher's."",""criteriaId"":""lesson_planning"",""selectedOption"":""Basic lesson plan exists but lacks detail and structure""},{""score"":1,""criteriaId"":""subject_knowledge"",""selectedOption"":""Limited subject knowledge with frequent errors""},{""score"":2,""comment"":""Teacher to use different types of teaching methods."",""criteriaId"":""teaching_methods"",""selectedOption"":""Limited variety in teaching methods, mostly teacher-centered""},{""score"":3,""comment"":""Classrooms are airy and ventilated."",""criteriaId"":""classroom_management"",""selectedOption"":""Good classroom management with clear rules and procedures""},{""score"":2,""comment"":""There is not much interaction with the students."",""criteriaId"":""student_interaction"",""selectedOption"":""Basic interaction with limited student engagement""},{""score"":1,""criteriaId"":""assessment_feedback"",""selectedOption"":""No formal assessment or feedback provided""},{""score"":0,""comment"":""NA"",""criteriaId"":""technology_integration"",""selectedOption"":""Not Applicable""},{""score"":1,""criteriaId"":""professional_development"",""selectedOption"":""No evidence of professional development activities""},{""score"":2,""criteriaId"":""collaboration"",""selectedOption"":""Limited collaboration with colleagues""},{""score"":3,""comment"":""Good attendance and punctuality."",""criteriaId"":""punctuality_attendance"",""selectedOption"":""Good attendance and punctuality with rare absences""}],""timestamp"":""2025-10-17T08:26:26.966Z"",""totalScore"":17}]",0,2025-10-17 08:26:26.966+00
ebc94414-4870-4e6b-adf9-359bc536aa0b,teacher,003ac83b-a4fe-41ac-8b11-cbc1843d0183,3ef86387-1ec3-47df-ba18-d1e95fa397cf,9894,"[{""id"":""f40927e3-dd1e-4f87-8a7e-c8e859b6faed"",""maxScore"":36,""responses"":[{""score"":2,""criteriaId"":""lesson_planning"",""selectedOption"":""Basic lesson plan exists but lacks detail and structure""},{""score"":1,""criteriaId"":""subject_knowledge"",""selectedOption"":""Limited subject knowledge with frequent errors""},{""score"":2,""criteriaId"":""teaching_methods"",""selectedOption"":""Limited variety in teaching methods, mostly teacher-centered""},{""score"":3,""criteriaId"":""classroom_management"",""selectedOption"":""Good classroom management with clear rules and procedures""},{""score"":2,""criteriaId"":""student_interaction"",""selectedOption"":""Basic interaction with limited student engagement""},{""score"":2,""criteriaId"":""assessment_feedback"",""selectedOption"":""Basic assessment with limited feedback""},{""score"":0,""comment"":""Didn't observe during the meeting "",""criteriaId"":""technology_integration"",""selectedOption"":""Not Applicable""},{""score"":3,""criteriaId"":""professional_development"",""selectedOption"":""Regular participation in professional development activities""},{""score"":3,""criteriaId"":""collaboration"",""selectedOption"":""Good collaboration and teamwork with staff""},{""score"":3,""criteriaId"":""punctuality_attendance"",""selectedOption"":""Good attendance and punctuality with rare absences""}],""timestamp"":""2025-09-10T08:57:22.351Z"",""totalScore"":21}]",0,2025-09-10 08:57:22.351+00
f06ecb8e-67e2-4f27-bef3-a0da71e52ab2,teacher,92d73e17-0a66-459e-a4c1-4cb524c72359,c8dbec63-2428-4987-af45-9f5658c9ff5b,9502,"[{""id"":""fa6af2a5-c053-4f28-996b-78d3b288c4de"",""maxScore"":36,""responses"":[{""score"":3,""criteriaId"":""lesson_planning"",""selectedOption"":""Well-structured lesson plan with clear objectives and activities""},{""score"":2,""criteriaId"":""subject_knowledge"",""selectedOption"":""Basic subject knowledge with occasional inaccuracies""},{""score"":3,""criteriaId"":""teaching_methods"",""selectedOption"":""Uses multiple teaching strategies with some student engagement""},{""score"":3,""criteriaId"":""classroom_management"",""selectedOption"":""Good classroom management with clear rules and procedures""},{""score"":3,""criteriaId"":""student_interaction"",""selectedOption"":""Good communication with regular student interaction""},{""score"":3,""criteriaId"":""assessment_feedback"",""selectedOption"":""Regular assessment with constructive feedback""},{""score"":0,""criteriaId"":""technology_integration"",""selectedOption"":""Not Applicable""},{""score"":3,""criteriaId"":""professional_development"",""selectedOption"":""Regular participation in professional development activities""},{""score"":3,""criteriaId"":""collaboration"",""selectedOption"":""Good collaboration and teamwork with staff""},{""score"":3,""criteriaId"":""punctuality_attendance"",""selectedOption"":""Good attendance and punctuality with rare absences""}],""timestamp"":""2025-09-23T07:17:24.438Z"",""totalScore"":26},{""id"":""a545293b-2ae3-466b-9335-a345f9961b31"",""maxScore"":36,""responses"":[{""score"":3,""criteriaId"":""lesson_planning"",""selectedOption"":""Well-structured lesson plan with clear objectives and activities""},{""score"":2,""comment"":"" No Actions while introducing the flashcards \n"",""criteriaId"":""subject_knowledge"",""selectedOption"":""Basic subject knowledge with occasional inaccuracies""},{""score"":3,""criteriaId"":""teaching_methods"",""selectedOption"":""Uses multiple teaching strategies with some student engagement""},{""score"":3,""criteriaId"":""classroom_management"",""selectedOption"":""Good classroom management with clear rules and procedures""},{""score"":3,""criteriaId"":""student_interaction"",""selectedOption"":""Good communication with regular student interaction""},{""score"":3,""criteriaId"":""assessment_feedback"",""selectedOption"":""Regular assessment with constructive feedback""},{""score"":0,""criteriaId"":""technology_integration"",""selectedOption"":""Not Applicable""},{""score"":3,""criteriaId"":""professional_development"",""selectedOption"":""Regular participation in professional development activities""},{""score"":3,""criteriaId"":""collaboration"",""selectedOption"":""Good collaboration and teamwork with staff""},{""score"":3,""criteriaId"":""punctuality_attendance"",""selectedOption"":""Good attendance and punctuality with rare absences""}],""timestamp"":""2025-09-25T05:27:50.544Z"",""totalScore"":26}]",1,2025-09-23 07:17:24.438+00
f2db3c8c-d085-419c-9c36-29ab166aa6a6,mentor,1be67645-abe4-49b3-8497-6564f9461ab3,f2c8026d-2a73-4f73-9dc0-23706678b6e3,7033,"[{""id"":""1603c89f-84ce-447a-a450-efb9686068ec"",""maxScore"":40,""responses"":[{""score"":2,""criteriaId"":""mentoring_skills"",""selectedOption"":""Basic mentoring abilities with limited impact""},{""score"":2,""criteriaId"":""student_support"",""selectedOption"":""Basic support with limited follow-up""},{""score"":2,""criteriaId"":""program_coordination"",""selectedOption"":""Basic coordination with some organizational challenges""},{""score"":3,""criteriaId"":""communication_skills"",""selectedOption"":""Good communication skills with positive relationships""},{""score"":3,""criteriaId"":""problem_solving"",""selectedOption"":""Good problem-solving skills with effective resolutions""},{""score"":2,""criteriaId"":""professional_knowledge"",""selectedOption"":""Basic knowledge with some gaps""},{""score"":3,""criteriaId"":""initiative_leadership"",""selectedOption"":""Good initiative with emerging leadership qualities""},{""score"":3,""criteriaId"":""record_keeping"",""selectedOption"":""Good record keeping with organized documentation""},{""score"":3,""criteriaId"":""parent_community_engagement"",""selectedOption"":""Good engagement with positive community relationships""},{""score"":2,""criteriaId"":""reliability_commitment"",""selectedOption"":""Basic reliability with occasional lapses""}],""timestamp"":""2025-09-08T10:29:54.332Z"",""totalScore"":25}]",0,2025-09-08 10:29:54.332+00
f3ee1276-ff68-44d8-b87a-99ee2503b29a,mentor,2c2a487e-1ea0-49e0-91f1-38bb013b497f,b54ce43a-6ce8-44d2-8e3b-619a6e4b1c1a,8141,"[{""id"":""fa8e6e70-6c13-4d7a-bde7-6b7fe586aa57"",""maxScore"":36,""responses"":[{""score"":3,""criteriaId"":""mentoring_skills"",""selectedOption"":""Good mentoring skills with positive influence on mentees""},{""score"":3,""criteriaId"":""student_support"",""selectedOption"":""Good support system with regular check-ins""},{""score"":2,""criteriaId"":""program_coordination"",""selectedOption"":""Basic coordination with some organizational challenges""},{""score"":3,""criteriaId"":""communication_skills"",""selectedOption"":""Good communication skills with positive relationships""},{""score"":2,""criteriaId"":""problem_solving"",""selectedOption"":""Basic problem-solving with limited success""},{""score"":2,""criteriaId"":""professional_knowledge"",""selectedOption"":""Basic knowledge with some gaps""},{""score"":2,""criteriaId"":""initiative_leadership"",""selectedOption"":""Limited initiative with basic leadership skills""},{""score"":3,""criteriaId"":""record_keeping"",""selectedOption"":""Good record keeping with organized documentation""},{""score"":3,""criteriaId"":""parent_community_engagement"",""selectedOption"":""Good engagement with positive community relationships""},{""score"":0,""criteriaId"":""reliability_commitment"",""selectedOption"":""Not Applicable""}],""timestamp"":""2025-11-11T11:07:09.258Z"",""totalScore"":23},{""id"":""ab50e8db-f08f-43d8-8add-737aa7020fbf"",""maxScore"":36,""responses"":[{""score"":3,""criteriaId"":""mentoring_skills"",""selectedOption"":""Good mentoring skills with positive influence on mentees""},{""score"":3,""criteriaId"":""student_support"",""selectedOption"":""Good support system with regular check-ins""},{""score"":3,""criteriaId"":""program_coordination"",""selectedOption"":""Good coordination with well-managed programs""},{""score"":3,""criteriaId"":""communication_skills"",""selectedOption"":""Good communication skills with positive relationships""},{""score"":2,""criteriaId"":""problem_solving"",""selectedOption"":""Basic problem-solving with limited success""},{""score"":3,""criteriaId"":""professional_knowledge"",""selectedOption"":""Good knowledge with competent application""},{""score"":3,""criteriaId"":""initiative_leadership"",""selectedOption"":""Good initiative with emerging leadership qualities""},{""score"":3,""criteriaId"":""record_keeping"",""selectedOption"":""Good record keeping with organized documentation""},{""score"":3,""criteriaId"":""parent_community_engagement"",""selectedOption"":""Good engagement with positive community relationships""},{""score"":0,""criteriaId"":""reliability_commitment"",""selectedOption"":""Not Applicable""}],""timestamp"":""2025-11-13T07:10:19.688Z"",""totalScore"":26}]",1,2025-11-11 11:07:09.258+00
f3f395ae-e1f3-4d73-b4ec-2673eddc7ec8,teacher,bd7f5b90-0c2d-4651-a63d-a480cf1ead3c,9c4706be-65d5-4a38-b5c8-f0cce702fc03,5056,"[{""id"":""039b5e29-a7d7-401a-91bf-65cdb91b1384"",""maxScore"":36,""responses"":[{""score"":2,""criteriaId"":""lesson_planning"",""selectedOption"":""Basic lesson plan exists but lacks detail and structure""},{""score"":3,""criteriaId"":""subject_knowledge"",""selectedOption"":""Good subject knowledge with clear explanations""},{""score"":3,""criteriaId"":""teaching_methods"",""selectedOption"":""Uses multiple teaching strategies with some student engagement""},{""score"":3,""criteriaId"":""classroom_management"",""selectedOption"":""Good classroom management with clear rules and procedures""},{""score"":3,""criteriaId"":""student_interaction"",""selectedOption"":""Good communication with regular student interaction""},{""score"":3,""criteriaId"":""assessment_feedback"",""selectedOption"":""Regular assessment with constructive feedback""},{""score"":3,""criteriaId"":""technology_integration"",""selectedOption"":""Good integration of technology to enhance learning""},{""score"":0,""criteriaId"":""professional_development"",""selectedOption"":""Not Applicable""},{""score"":3,""criteriaId"":""collaboration"",""selectedOption"":""Good collaboration and teamwork with staff""},{""score"":1,""criteriaId"":""punctuality_attendance"",""selectedOption"":""Frequent absences and tardiness affecting teaching quality""}],""timestamp"":""2025-07-10T07:51:39.508Z"",""totalScore"":24}]",0,2025-07-10 07:51:39.508+00
f40e75e3-5440-4f6f-b055-fdc699c5aec0,mentor,1c957ea5-9919-40b9-899e-9f6147f8931e,b54ce43a-6ce8-44d2-8e3b-619a6e4b1c1a,8975,"[{""id"":""c2e1d9a9-340b-4d5b-ace0-9b496722780b"",""maxScore"":36,""responses"":[{""score"":2,""criteriaId"":""mentoring_skills"",""selectedOption"":""Basic mentoring abilities with limited impact""},{""score"":0,""criteriaId"":""student_support"",""selectedOption"":""Not Applicable""},{""score"":3,""criteriaId"":""program_coordination"",""selectedOption"":""Good coordination with well-managed programs""},{""score"":3,""criteriaId"":""communication_skills"",""selectedOption"":""Good communication skills with positive relationships""},{""score"":2,""criteriaId"":""problem_solving"",""selectedOption"":""Basic problem-solving with limited success""},{""score"":3,""criteriaId"":""professional_knowledge"",""selectedOption"":""Good knowledge with competent application""},{""score"":3,""criteriaId"":""initiative_leadership"",""selectedOption"":""Good initiative with emerging leadership qualities""},{""score"":3,""criteriaId"":""record_keeping"",""selectedOption"":""Good record keeping with organized documentation""},{""score"":3,""criteriaId"":""parent_community_engagement"",""selectedOption"":""Good engagement with positive community relationships""},{""score"":3,""criteriaId"":""reliability_commitment"",""selectedOption"":""Good reliability with consistent performance""}],""timestamp"":""2025-11-13T07:09:33.497Z"",""totalScore"":25},{""id"":""6d4380ad-4f6b-47e8-bb50-72d85215a458"",""maxScore"":32,""responses"":[{""score"":2,""criteriaId"":""mentoring_skills"",""selectedOption"":""Basic mentoring abilities with limited impact""},{""score"":0,""criteriaId"":""student_support"",""selectedOption"":""Not Applicable""},{""score"":3,""criteriaId"":""program_coordination"",""selectedOption"":""Good coordination with well-managed programs""},{""score"":3,""criteriaId"":""communication_skills"",""selectedOption"":""Good communication skills with positive relationships""},{""score"":2,""criteriaId"":""problem_solving"",""selectedOption"":""Basic problem-solving with limited success""},{""score"":3,""criteriaId"":""professional_knowledge"",""selectedOption"":""Good knowledge with competent application""},{""score"":3,""criteriaId"":""initiative_leadership"",""selectedOption"":""Good initiative with emerging leadership qualities""},{""score"":3,""criteriaId"":""record_keeping"",""selectedOption"":""Good record keeping with organized documentation""},{""score"":3,""criteriaId"":""parent_community_engagement"",""selectedOption"":""Good engagement with positive community relationships""},{""score"":0,""criteriaId"":""reliability_commitment"",""selectedOption"":""Not Applicable""}],""timestamp"":""2025-11-13T07:10:28.937Z"",""totalScore"":22}]",1,2025-11-13 07:09:33.498+00
f6995b15-3a55-4527-ae2b-a0d9df9b79af,teacher,b2f94399-838a-40c8-b350-0080a6549c84,b77d0a43-2271-4933-8f6a-1cc43b238a58,7159,"[{""id"":""1dae30a5-f8e1-4578-bc14-c94fb30e1f94"",""maxScore"":40,""responses"":[{""score"":2,""criteriaId"":""lesson_planning"",""selectedOption"":""Basic lesson plan exists but lacks detail and structure""},{""score"":2,""criteriaId"":""subject_knowledge"",""selectedOption"":""Basic subject knowledge with occasional inaccuracies""},{""score"":2,""criteriaId"":""teaching_methods"",""selectedOption"":""Limited variety in teaching methods, mostly teacher-centered""},{""score"":1,""criteriaId"":""classroom_management"",""selectedOption"":""Poor classroom control with frequent disruptions""},{""score"":1,""criteriaId"":""student_interaction"",""selectedOption"":""Minimal interaction with students, poor communication""},{""score"":2,""criteriaId"":""assessment_feedback"",""selectedOption"":""Basic assessment with limited feedback""},{""score"":3,""criteriaId"":""technology_integration"",""selectedOption"":""Good integration of technology to enhance learning""},{""score"":2,""criteriaId"":""professional_development"",""selectedOption"":""Minimal participation in professional development""},{""score"":1,""criteriaId"":""collaboration"",""selectedOption"":""Works in isolation with no collaboration""},{""score"":2,""criteriaId"":""punctuality_attendance"",""selectedOption"":""Occasional absences or tardiness with some impact""}],""timestamp"":""2025-09-23T16:15:45.843Z"",""totalScore"":18},{""id"":""987f4534-da5b-4a51-b56d-63cf9f995c91"",""maxScore"":40,""responses"":[{""score"":3,""criteriaId"":""lesson_planning"",""selectedOption"":""Well-structured lesson plan with clear objectives and activities""},{""score"":3,""criteriaId"":""subject_knowledge"",""selectedOption"":""Good subject knowledge with clear explanations""},{""score"":3,""criteriaId"":""teaching_methods"",""selectedOption"":""Uses multiple teaching strategies with some student engagement""},{""score"":4,""criteriaId"":""classroom_management"",""selectedOption"":""Excellent classroom environment that promotes learning and respect""},{""score"":4,""criteriaId"":""student_interaction"",""selectedOption"":""Excellent rapport with students, encouraging and supportive communication""},{""score"":3,""criteriaId"":""assessment_feedback"",""selectedOption"":""Regular assessment with constructive feedback""},{""score"":2,""criteriaId"":""technology_integration"",""selectedOption"":""Basic use of technology with limited effectiveness""},{""score"":1,""criteriaId"":""professional_development"",""selectedOption"":""No evidence of professional development activities""},{""score"":4,""criteriaId"":""collaboration"",""selectedOption"":""Excellent collaborative skills, actively contributes to school community""},{""score"":3,""criteriaId"":""punctuality_attendance"",""selectedOption"":""Good attendance and punctuality with rare absences""}],""timestamp"":""2025-09-23T16:17:11.317Z"",""totalScore"":30}]",1,2025-09-23 16:15:45.843+00
f75af081-fdfe-4db2-9313-753ebdfafcbb,teacher,2cb56022-e914-436f-a422-a9768ee94c1c,9c4706be-65d5-4a38-b5c8-f0cce702fc03,3642,"[{""id"":""fd46c21b-05aa-49e7-b684-34ef121517c8"",""maxScore"":36,""responses"":[{""score"":1,""criteriaId"":""lesson_planning"",""selectedOption"":""No evidence of lesson planning or preparation""},{""score"":1,""criteriaId"":""subject_knowledge"",""selectedOption"":""Limited subject knowledge with frequent errors""},{""score"":1,""comment"":""Teacher is not using any resources or methods for teaching"",""criteriaId"":""teaching_methods"",""selectedOption"":""Uses only traditional lecture methods with no variety""},{""score"":3,""comment"":""classrooms are neat, airy and ventilated."",""criteriaId"":""classroom_management"",""selectedOption"":""Good classroom management with clear rules and procedures""},{""score"":2,""comment"":""teacher should involve all the students."",""criteriaId"":""student_interaction"",""selectedOption"":""Basic interaction with limited student engagement""},{""score"":2,""criteriaId"":""assessment_feedback"",""selectedOption"":""Basic assessment with limited feedback""},{""score"":0,""comment"":""Teacher uses their mobile phone to send circulars"",""criteriaId"":""technology_integration"",""selectedOption"":""Not Applicable""},{""score"":1,""criteriaId"":""professional_development"",""selectedOption"":""No evidence of professional development activities""},{""score"":2,""criteriaId"":""collaboration"",""selectedOption"":""Limited collaboration with colleagues""},{""score"":3,""criteriaId"":""punctuality_attendance"",""selectedOption"":""Good attendance and punctuality with rare absences""}],""timestamp"":""2025-07-17T10:04:57.293Z"",""totalScore"":16}]",0,2025-07-17 10:04:57.293+00
fa4bc285-0971-4de1-8a51-cbdd45db2037,mentor,fd7c4e50-218e-4377-862d-7d9017351d11,e1674f11-aa30-426f-846a-543c58379a76,3727,"[{""id"":""9fda9b54-5385-41b9-ab3d-a5abeacbe2cc"",""maxScore"":40,""responses"":[{""score"":2,""criteriaId"":""mentoring_skills"",""selectedOption"":""Basic mentoring abilities with limited impact""},{""score"":1,""criteriaId"":""student_support"",""selectedOption"":""Minimal support provided to students""},{""score"":2,""criteriaId"":""program_coordination"",""selectedOption"":""Basic coordination with some organizational challenges""},{""score"":2,""criteriaId"":""communication_skills"",""selectedOption"":""Basic communication with limited effectiveness""},{""score"":1,""criteriaId"":""problem_solving"",""selectedOption"":""Ineffective at resolving conflicts or problems""},{""score"":1,""criteriaId"":""professional_knowledge"",""selectedOption"":""Limited knowledge in area of expertise""},{""score"":2,""criteriaId"":""initiative_leadership"",""selectedOption"":""Limited initiative with basic leadership skills""},{""score"":2,""criteriaId"":""record_keeping"",""selectedOption"":""Basic record keeping with some gaps""},{""score"":3,""criteriaId"":""parent_community_engagement"",""selectedOption"":""Good engagement with positive community relationships""},{""score"":1,""criteriaId"":""reliability_commitment"",""selectedOption"":""Unreliable with poor commitment to responsibilities""}],""timestamp"":""2025-11-03T07:53:07.386Z"",""totalScore"":17}]",0,2025-11-03 07:53:07.386+00
fad21e6c-f063-4b86-83be-d5e74b14c4fb,teacher,e67b7cc6-a46e-4b32-ab75-899d49285f74,b1e31d99-6c77-4cd8-aabb-96c5223c819a,3097,"[{""id"":""fda19015-d446-4484-8846-62cf740fcb23"",""maxScore"":36,""responses"":[{""score"":3,""criteriaId"":""lesson_planning"",""selectedOption"":""Well-structured lesson plan with clear objectives and activities""},{""score"":2,""criteriaId"":""subject_knowledge"",""selectedOption"":""Basic subject knowledge with occasional inaccuracies""},{""score"":3,""criteriaId"":""teaching_methods"",""selectedOption"":""Uses multiple teaching strategies with some student engagement""},{""score"":2,""criteriaId"":""classroom_management"",""selectedOption"":""Basic classroom management with some behavioral issues""},{""score"":2,""criteriaId"":""student_interaction"",""selectedOption"":""Basic interaction with limited student engagement""},{""score"":3,""criteriaId"":""assessment_feedback"",""selectedOption"":""Regular assessment with constructive feedback""},{""score"":0,""criteriaId"":""technology_integration"",""selectedOption"":""Not Applicable""},{""score"":3,""criteriaId"":""professional_development"",""selectedOption"":""Regular participation in professional development activities""},{""score"":3,""criteriaId"":""collaboration"",""selectedOption"":""Good collaboration and teamwork with staff""},{""score"":3,""criteriaId"":""punctuality_attendance"",""selectedOption"":""Good attendance and punctuality with rare absences""}],""timestamp"":""2025-10-28T08:17:57.184Z"",""totalScore"":24}]",0,2025-10-28 08:17:57.184+00
fba3e062-a1d0-41b5-a7f5-2168acd64d89,teacher,29aa2617-7863-4261-8e98-65517999b8b1,a02256d5-928d-4604-bbad-82dc91cd683e,2423,"[{""id"":""3ea76317-7541-4e89-a0ad-9148b7295e83"",""maxScore"":40,""responses"":[{""score"":2,""criteriaId"":""lesson_planning"",""selectedOption"":""Basic lesson plan exists but lacks detail and structure""},{""score"":2,""criteriaId"":""subject_knowledge"",""selectedOption"":""Basic subject knowledge with occasional inaccuracies""},{""score"":2,""criteriaId"":""teaching_methods"",""selectedOption"":""Limited variety in teaching methods, mostly teacher-centered""},{""score"":3,""criteriaId"":""classroom_management"",""selectedOption"":""Good classroom management with clear rules and procedures""},{""score"":3,""criteriaId"":""student_interaction"",""selectedOption"":""Good communication with regular student interaction""},{""score"":2,""criteriaId"":""assessment_feedback"",""selectedOption"":""Basic assessment with limited feedback""},{""score"":3,""criteriaId"":""technology_integration"",""selectedOption"":""Good integration of technology to enhance learning""},{""score"":3,""criteriaId"":""professional_development"",""selectedOption"":""Regular participation in professional development activities""},{""score"":3,""criteriaId"":""collaboration"",""selectedOption"":""Good collaboration and teamwork with staff""},{""score"":3,""criteriaId"":""punctuality_attendance"",""selectedOption"":""Good attendance and punctuality with rare absences""}],""timestamp"":""2025-09-26T11:33:29.154Z"",""totalScore"":26}]",0,2025-09-26 11:33:29.154+00
fcb19444-80fb-4d1c-aed4-8079ea0e2f97,teacher,01276733-0b86-4b5b-ae68-e0d375fc6a0e,b1e31d99-6c77-4cd8-aabb-96c5223c819a,7553,"[{""id"":""03c2637e-8101-4dcf-b7ad-cfb25f2b4db1"",""maxScore"":40,""responses"":[{""score"":2,""comment"":""Lack of preparation was seen."",""criteriaId"":""lesson_planning"",""selectedOption"":""Basic lesson plan exists but lacks detail and structure""},{""score"":2,""comment"":""1. No action and voice modulation was used.\n2. Found EVS based sentence."",""criteriaId"":""subject_knowledge"",""selectedOption"":""Basic subject knowledge with occasional inaccuracies""},{""score"":2,""comment"":""teacher was focused on completing session."",""criteriaId"":""teaching_methods"",""selectedOption"":""Limited variety in teaching methods, mostly teacher-centered""},{""score"":2,""comment"":""student were not concentrating\nAs ma'am was more concentrating into Planner and flash card, was unable to  attract students attention"",""criteriaId"":""classroom_management"",""selectedOption"":""Basic classroom management with some behavioral issues""},{""score"":2,""comment"":""Only basic Interaction and eye contact with the students\nConcentration was more into planner book and flash card"",""criteriaId"":""student_interaction"",""selectedOption"":""Basic interaction with limited student engagement""},{""score"":2,""criteriaId"":""assessment_feedback"",""selectedOption"":""Basic assessment with limited feedback""},{""score"":3,""criteriaId"":""technology_integration"",""selectedOption"":""Good integration of technology to enhance learning""},{""score"":3,""criteriaId"":""professional_development"",""selectedOption"":""Regular participation in professional development activities""},{""score"":3,""criteriaId"":""collaboration"",""selectedOption"":""Good collaboration and teamwork with staff""},{""score"":3,""criteriaId"":""punctuality_attendance"",""selectedOption"":""Good attendance and punctuality with rare absences""}],""timestamp"":""2025-10-28T08:13:35.530Z"",""totalScore"":24},{""id"":""a5bb74a7-55fb-4b24-aa74-ffd8a99c0df5"",""maxScore"":40,""responses"":[{""score"":2,""comment"":""Lack of preparation was seen."",""criteriaId"":""lesson_planning"",""selectedOption"":""Basic lesson plan exists but lacks detail and structure""},{""score"":2,""comment"":""1. No action and voice modulation was used.\n2. Found EVS based sentence."",""criteriaId"":""subject_knowledge"",""selectedOption"":""Basic subject knowledge with occasional inaccuracies""},{""score"":2,""comment"":""teacher was focused on completing session."",""criteriaId"":""teaching_methods"",""selectedOption"":""Limited variety in teaching methods, mostly teacher-centered""},{""score"":2,""comment"":""student were not concentrating\nAs ma'am was more concentrating into Planner and flash card, was unable to  attract students attention"",""criteriaId"":""classroom_management"",""selectedOption"":""Basic classroom management with some behavioral issues""},{""score"":2,""comment"":""Only basic Interaction and eye contact with the students\nConcentration was more into planner book and flash card"",""criteriaId"":""student_interaction"",""selectedOption"":""Basic interaction with limited student engagement""},{""score"":2,""criteriaId"":""assessment_feedback"",""selectedOption"":""Basic assessment with limited feedback""},{""score"":3,""criteriaId"":""technology_integration"",""selectedOption"":""Good integration of technology to enhance learning""},{""score"":3,""criteriaId"":""professional_development"",""selectedOption"":""Regular participation in professional development activities""},{""score"":3,""criteriaId"":""collaboration"",""selectedOption"":""Good collaboration and teamwork with staff""},{""score"":3,""criteriaId"":""punctuality_attendance"",""selectedOption"":""Good attendance and punctuality with rare absences""}],""timestamp"":""2025-10-28T08:16:00.017Z"",""totalScore"":24},{""id"":""6ce97234-f1db-4898-bde4-a19939e8c6a0"",""maxScore"":36,""responses"":[{""score"":2,""comment"":""Lesson was planned with materials ready (planner, flashcards), but over-focus on planner reduced engagement"",""criteriaId"":""lesson_planning"",""selectedOption"":""Basic lesson plan exists but lacks detail and structure""},{""score"":2,""comment"":""EVS-based sentences were used instead of focusing on vocabulary development; no action or voice modulation observed."",""criteriaId"":""subject_knowledge"",""selectedOption"":""Basic subject knowledge with occasional inaccuracies""},{""score"":2,""comment"":""Activities were completed, but introduction lacked action and creativity; student engagement was minimal."",""criteriaId"":""teaching_methods"",""selectedOption"":""Limited variety in teaching methods, mostly teacher-centered""},{""score"":2,""comment"":""Students were not fully attentive; classroom management needs improvement to maintain focus."",""criteriaId"":""classroom_management"",""selectedOption"":""Basic classroom management with some behavioral issues""},{""score"":2,""comment"":""Interaction limited to basic instructions and eye contact; no proactive engagement observed."",""criteriaId"":""student_interaction"",""selectedOption"":""Basic interaction with limited student engagement""},{""score"":3,""comment"":""Recap was done effectively, showing some reinforcement of learning."",""criteriaId"":""assessment_feedback"",""selectedOption"":""Regular assessment with constructive feedback""},{""score"":0,""criteriaId"":""technology_integration"",""selectedOption"":""Not Applicable""},{""score"":2,""comment"":""Needs to work on delivery skills (voice modulation, actions, student engagement)."",""criteriaId"":""professional_development"",""selectedOption"":""Minimal participation in professional development""},{""score"":3,""comment"":""Followed basic procedures; coordination with peers not observed to be an issue."",""criteriaId"":""collaboration"",""selectedOption"":""Good collaboration and teamwork with staff""},{""score"":3,""comment"":""Present and prepared on time."",""criteriaId"":""punctuality_attendance"",""selectedOption"":""Good attendance and punctuality with rare absences""}],""timestamp"":""2025-10-29T17:21:26.449Z"",""totalScore"":21}]",2,2025-09-27 04:38:37.9+00